Metric Type,Ticker,Strategy Type,Short Window,Long Window,Signal Window,Signal Entry,Signal Exit,Total Open Trades,Total Trades,Score,Win Rate [%],Profit Factor,Expectancy per Trade,Sortino Ratio,Beats BNH [%],Avg Trade Duration,Trades Per Day,Trades per Month,Signals per Month,Expectancy per Month,Start,End,Period,Start Value,End Value,Total Return [%],Benchmark Return [%],Max Gross Exposure [%],Total Fees Paid,Max Drawdown [%],Max Drawdown Duration,Total Closed Trades,Open Trade PnL,Best Trade [%],Worst Trade [%],Avg Winning Trade [%],Avg Losing Trade [%],Avg Winning Trade Duration,Avg Losing Trade Duration,Expectancy,Sharpe Ratio,Calmar Ratio,Omega Ratio,Skew,Kurtosis,Tail Ratio,Common Sense Ratio,Value at Risk,Daily Returns,Annual Returns,Cumulative Returns,Annualized Return,Annualized Volatility,Signal Count,Position Count,Total Period,Allocation [%],Stop Loss [%]
Most Total Return [%],AIG,SMA,28,46,0,true,false,1,146,1.2899393326803372,50.3448275862069,1.7330580729808482,3.447436851788488,0.80685041232912,19.764018434696784,52 days 14:24:00,0.007576024598236408,0.23202663841380355,0.46246405327682766,0.7998971838643487,0,13214,13215 days 00:00:00,1000.0,51376.64749128165,5037.664749128165,242.61511638374395,100.0,4456.285317097669,50.6875143839936,2525 days 00:00:00,145,-51.376647491277254,52.50459397473888,-17.380930049155737,12.342895199392007,-5.571569528420636,76 days 23:00:49.315068493,27 days 21:40:00,347.77947681912343,0.5377437367014999,0.2267623314400438,1.1198877214662109,0.9985883930893645,39.93723244786279,1.1140994008166274,1.0051955154498222,-0.01925614840127816,0.00039703712703713855,0.10005335601335892,50.37664749128166,0.07801052746838888,0.22392493744355366,7628,290,19139.325396825396,,
Median Best Trade [%],AIG,SMA,28,46,0,true,false,1,146,1.2899393326803372,50.3448275862069,1.7330580729808482,3.447436851788488,0.80685041232912,19.764018434696784,52 days 14:24:00,0.007576024598236408,0.23202663841380355,0.46246405327682766,0.7998971838643487,0,13214,13215 days 00:00:00,1000.0,51376.64749128165,5037.664749128165,242.61511638374395,100.0,4456.285317097669,50.6875143839936,2525 days 00:00:00,145,-51.376647491277254,52.50459397473888,-17.380930049155737,12.342895199392007,-5.571569528420636,76 days 23:00:49.315068493,27 days 21:40:00,347.77947681912343,0.5377437367014999,0.2267623314400438,1.1198877214662109,0.9985883930893645,39.93723244786279,1.1140994008166274,1.0051955154498222,-0.01925614840127816,0.00039703712703713855,0.10005335601335892,50.37664749128166,0.07801052746838888,0.22392493744355366,7628,290,19139.325396825396,,
Most Profit Factor,AIG,SMA,28,46,0,true,false,1,146,1.2899393326803372,50.3448275862069,1.7330580729808482,3.447436851788488,0.80685041232912,19.764018434696784,52 days 14:24:00,0.007576024598236408,0.23202663841380355,0.46246405327682766,0.7998971838643487,0,13214,13215 days 00:00:00,1000.0,51376.64749128165,5037.664749128165,242.61511638374395,100.0,4456.285317097669,50.6875143839936,2525 days 00:00:00,145,-51.376647491277254,52.50459397473888,-17.380930049155737,12.342895199392007,-5.571569528420636,76 days 23:00:49.315068493,27 days 21:40:00,347.77947681912343,0.5377437367014999,0.2267623314400438,1.1198877214662109,0.9985883930893645,39.93723244786279,1.1140994008166274,1.0051955154498222,-0.01925614840127816,0.00039703712703713855,0.10005335601335892,50.37664749128166,0.07801052746838888,0.22392493744355366,7628,290,19139.325396825396,,
Most Expectancy,AIG,SMA,28,46,0,true,false,1,146,1.2899393326803372,50.3448275862069,1.7330580729808482,3.447436851788488,0.80685041232912,19.764018434696784,52 days 14:24:00,0.007576024598236408,0.23202663841380355,0.46246405327682766,0.7998971838643487,0,13214,13215 days 00:00:00,1000.0,51376.64749128165,5037.664749128165,242.61511638374395,100.0,4456.285317097669,50.6875143839936,2525 days 00:00:00,145,-51.376647491277254,52.50459397473888,-17.380930049155737,12.342895199392007,-5.571569528420636,76 days 23:00:49.315068493,27 days 21:40:00,347.77947681912343,0.5377437367014999,0.2267623314400438,1.1198877214662109,0.9985883930893645,39.93723244786279,1.1140994008166274,1.0051955154498222,-0.01925614840127816,0.00039703712703713855,0.10005335601335892,50.37664749128166,0.07801052746838888,0.22392493744355366,7628,290,19139.325396825396,,
Most Sharpe Ratio,AIG,SMA,28,46,0,true,false,1,146,1.2899393326803372,50.3448275862069,1.7330580729808482,3.447436851788488,0.80685041232912,19.764018434696784,52 days 14:24:00,0.007576024598236408,0.23202663841380355,0.46246405327682766,0.7998971838643487,0,13214,13215 days 00:00:00,1000.0,51376.64749128165,5037.664749128165,242.61511638374395,100.0,4456.285317097669,50.6875143839936,2525 days 00:00:00,145,-51.376647491277254,52.50459397473888,-17.380930049155737,12.342895199392007,-5.571569528420636,76 days 23:00:49.315068493,27 days 21:40:00,347.77947681912343,0.5377437367014999,0.2267623314400438,1.1198877214662109,0.9985883930893645,39.93723244786279,1.1140994008166274,1.0051955154498222,-0.01925614840127816,0.00039703712703713855,0.10005335601335892,50.37664749128166,0.07801052746838888,0.22392493744355366,7628,290,19139.325396825396,,
Most Calmar Ratio,AIG,SMA,28,46,0,true,false,1,146,1.2899393326803372,50.3448275862069,1.7330580729808482,3.447436851788488,0.80685041232912,19.764018434696784,52 days 14:24:00,0.007576024598236408,0.23202663841380355,0.46246405327682766,0.7998971838643487,0,13214,13215 days 00:00:00,1000.0,51376.64749128165,5037.664749128165,242.61511638374395,100.0,4456.285317097669,50.6875143839936,2525 days 00:00:00,145,-51.376647491277254,52.50459397473888,-17.380930049155737,12.342895199392007,-5.571569528420636,76 days 23:00:49.315068493,27 days 21:40:00,347.77947681912343,0.5377437367014999,0.2267623314400438,1.1198877214662109,0.9985883930893645,39.93723244786279,1.1140994008166274,1.0051955154498222,-0.01925614840127816,0.00039703712703713855,0.10005335601335892,50.37664749128166,0.07801052746838888,0.22392493744355366,7628,290,19139.325396825396,,
Most Omega Ratio,AIG,SMA,28,46,0,true,false,1,146,1.2899393326803372,50.3448275862069,1.7330580729808482,3.447436851788488,0.80685041232912,19.764018434696784,52 days 14:24:00,0.007576024598236408,0.23202663841380355,0.46246405327682766,0.7998971838643487,0,13214,13215 days 00:00:00,1000.0,51376.64749128165,5037.664749128165,242.61511638374395,100.0,4456.285317097669,50.6875143839936,2525 days 00:00:00,145,-51.376647491277254,52.50459397473888,-17.380930049155737,12.342895199392007,-5.571569528420636,76 days 23:00:49.315068493,27 days 21:40:00,347.77947681912343,0.5377437367014999,0.2267623314400438,1.1198877214662109,0.9985883930893645,39.93723244786279,1.1140994008166274,1.0051955154498222,-0.01925614840127816,0.00039703712703713855,0.10005335601335892,50.37664749128166,0.07801052746838888,0.22392493744355366,7628,290,19139.325396825396,,
Most Sortino Ratio,AIG,SMA,28,46,0,true,false,1,146,1.2899393326803372,50.3448275862069,1.7330580729808482,3.447436851788488,0.80685041232912,19.764018434696784,52 days 14:24:00,0.007576024598236408,0.23202663841380355,0.46246405327682766,0.7998971838643487,0,13214,13215 days 00:00:00,1000.0,51376.64749128165,5037.664749128165,242.61511638374395,100.0,4456.285317097669,50.6875143839936,2525 days 00:00:00,145,-51.376647491277254,52.50459397473888,-17.380930049155737,12.342895199392007,-5.571569528420636,76 days 23:00:49.315068493,27 days 21:40:00,347.77947681912343,0.5377437367014999,0.2267623314400438,1.1198877214662109,0.9985883930893645,39.93723244786279,1.1140994008166274,1.0051955154498222,-0.01925614840127816,0.00039703712703713855,0.10005335601335892,50.37664749128166,0.07801052746838888,0.22392493744355366,7628,290,19139.325396825396,,
Least Max Drawdown Duration,AIG,SMA,28,46,0,true,false,1,146,1.2899393326803372,50.3448275862069,1.7330580729808482,3.447436851788488,0.80685041232912,19.764018434696784,52 days 14:24:00,0.007576024598236408,0.23202663841380355,0.46246405327682766,0.7998971838643487,0,13214,13215 days 00:00:00,1000.0,51376.64749128165,5037.664749128165,242.61511638374395,100.0,4456.285317097669,50.6875143839936,2525 days 00:00:00,145,-51.376647491277254,52.50459397473888,-17.380930049155737,12.342895199392007,-5.571569528420636,76 days 23:00:49.315068493,27 days 21:40:00,347.77947681912343,0.5377437367014999,0.2267623314400438,1.1198877214662109,0.9985883930893645,39.93723244786279,1.1140994008166274,1.0051955154498222,-0.01925614840127816,0.00039703712703713855,0.10005335601335892,50.37664749128166,0.07801052746838888,0.22392493744355366,7628,290,19139.325396825396,,
Most Win Rate [%],AIG,SMA,36,41,0,true,false,1,261,1.2160387829654693,53.84615384615385,1.285156333586514,1.5066180328860215,0.6342618257568343,6.146276789438866,29 days 01:45:13.846153845,0.013584595831320457,0.41478734675344336,0.8279854699561072,0.624926096431685,0,13214,13215 days 00:00:00,1000.0,18337.947749801588,1733.7947749801585,242.61511638374395,100.0,4705.95811099168,74.55214343245729,6153 days 00:00:00,260,-18.33794774979833,45.75399421222226,-22.851746504728336,7.041326367592812,-4.950541690938567,37 days 15:56:34.285714285,19 days 01:12:00,66.75494499058232,0.43301505157327186,0.11221966097361066,1.0953953090036475,0.43243383353767784,38.09050457049273,1.1266493864073184,0.972259269138437,-0.01920013281785624,0.0003193894845797203,0.08048615011408952,17.337947749801437,0.05703930798768253,0.2236991446476284,7560,520,19139.325396825396,,
Mean Profit Factor,AIG,SMA,24,55,0,true,false,1,121,1.2113676875780608,47.5,1.4884960386470572,3.4976553290235706,0.6735960255376391,7.976495020385515,63 days 11:59:59.999999999,0.006269813460609441,0.19229604964431665,0.3830028757378538,0.6725853027886253,0,13214,13215 days 00:00:00,1000.0,22778.3338408893,2177.83338408893,242.61511638374395,100.0,2466.2854993903793,50.349598756615286,2526 days 00:00:00,120,-22.77833384088808,54.70827181435439,-19.07472080961185,14.12081855408966,-6.113778065083842,98 days 18:31:34.736842105,31 days 14:05:42.857142857,181.67593478941797,0.45467222296463433,0.17909133390388282,1.1008223237789538,0.8415952827953977,40.88629733188045,1.0888144445994683,1.0110283981251724,-0.019151758874790304,0.0003355391379179484,0.08455586275532301,21.77833384088923,0.06141913144605349,0.223816172263299,7621,240,19139.325396825396,,
Median Omega Ratio,AIG,SMA,24,55,0,true,false,1,121,1.2113676875780608,47.5,1.4884960386470572,3.4976553290235706,0.6735960255376391,7.976495020385515,63 days 11:59:59.999999999,0.006269813460609441,0.19229604964431665,0.3830028757378538,0.6725853027886253,0,13214,13215 days 00:00:00,1000.0,22778.3338408893,2177.83338408893,242.61511638374395,100.0,2466.2854993903793,50.349598756615286,2526 days 00:00:00,120,-22.77833384088808,54.70827181435439,-19.07472080961185,14.12081855408966,-6.113778065083842,98 days 18:31:34.736842105,31 days 14:05:42.857142857,181.67593478941797,0.45467222296463433,0.17909133390388282,1.1008223237789538,0.8415952827953977,40.88629733188045,1.0888144445994683,1.0110283981251724,-0.019151758874790304,0.0003355391379179484,0.08455586275532301,21.77833384088923,0.06141913144605349,0.223816172263299,7621,240,19139.325396825396,,
Mean Total Fees Paid,AIG,SMA,27,48,0,true,false,1,142,1.2096815793952764,46.808510638297875,1.5398433895975658,3.168095358521374,0.7206274324033956,10.86431287511325,54 days 03:34:28.085106382,0.007367030816216093,0.22566974421068567,0.44975026487059183,0.714943269192579,0,13214,13215 days 00:00:00,1000.0,29784.61649008753,2878.461649008753,242.61511638374395,100.0,3191.1064226219837,53.476370607782286,2947 days 00:00:00,141,-29.784616490083863,54.70827181435438,-18.81048489696336,13.152330997576689,-5.618032003847303,83 days 06:54:32.727272727,28 days 12:09:36,204.35745465657908,0.4830402460963404,0.18377630786811658,1.1066630015232313,0.9350745254460145,39.950644929222705,1.1075681239345079,0.999182783982566,-0.019267621166471877,0.0003548265067055212,0.08941627968979135,28.784616490087352,0.06686116529525843,0.22278166288245693,7636,282,19139.325396825396,,
Median Max Drawdown [%],AIG,SMA,27,48,0,true,false,1,142,1.2096815793952764,46.808510638297875,1.5398433895975658,3.168095358521374,0.7206274324033956,10.86431287511325,54 days 03:34:28.085106382,0.007367030816216093,0.22566974421068567,0.44975026487059183,0.714943269192579,0,13214,13215 days 00:00:00,1000.0,29784.61649008753,2878.461649008753,242.61511638374395,100.0,3191.1064226219837,53.476370607782286,2947 days 00:00:00,141,-29.784616490083863,54.70827181435438,-18.81048489696336,13.152330997576689,-5.618032003847303,83 days 06:54:32.727272727,28 days 12:09:36,204.35745465657908,0.4830402460963404,0.18377630786811658,1.1066630015232313,0.9350745254460145,39.950644929222705,1.1075681239345079,0.999182783982566,-0.019267621166471877,0.0003548265067055212,0.08941627968979135,28.784616490087352,0.06686116529525843,0.22278166288245693,7636,282,19139.325396825396,,
Median Win Rate [%],AIG,SMA,27,48,0,true,false,1,142,1.2096815793952764,46.808510638297875,1.5398433895975658,3.168095358521374,0.7206274324033956,10.86431287511325,54 days 03:34:28.085106382,0.007367030816216093,0.22566974421068567,0.44975026487059183,0.714943269192579,0,13214,13215 days 00:00:00,1000.0,29784.61649008753,2878.461649008753,242.61511638374395,100.0,3191.1064226219837,53.476370607782286,2947 days 00:00:00,141,-29.784616490083863,54.70827181435438,-18.81048489696336,13.152330997576689,-5.618032003847303,83 days 06:54:32.727272727,28 days 12:09:36,204.35745465657908,0.4830402460963404,0.18377630786811658,1.1066630015232313,0.9350745254460145,39.950644929222705,1.1075681239345079,0.999182783982566,-0.019267621166471877,0.0003548265067055212,0.08941627968979135,28.784616490087352,0.06686116529525843,0.22278166288245693,7636,282,19139.325396825396,,
Mean Expectancy,AIG,SMA,27,46,0,true,false,1,147,1.20894223722665,48.63013698630137,1.5075015240845056,2.871763377560294,0.6806672648710477,8.201275787801599,52 days 06:14:47.671232877,0.007628273043741487,0.23361586196458303,0.4656425003783866,0.6708894768070705,0,13214,13215 days 00:00:00,1000.0,23323.685961364103,2232.3685961364104,242.61511638374395,100.0,2598.605629369226,56.49460930797257,5482 days 00:00:00,146,-23.323685961360752,52.50459397473887,-17.748609772994683,12.225492929267512,-5.9831005980558745,79 days 05:04:13.521126761,26 days 17:55:12,153.0617099131881,0.4579046634154415,0.16087270726542208,1.1008740369817671,0.9068681098641715,39.9891800024918,1.1053833517154414,0.9959205874354092,-0.0192769801238658,0.00033632442834022054,0.08475375594173558,22.323685961364134,0.061898120474649376,0.2227563272762604,7631,292,19139.325396825396,,
Mean Sharpe Ratio,AIG,SMA,27,46,0,true,false,1,147,1.20894223722665,48.63013698630137,1.5075015240845056,2.871763377560294,0.6806672648710477,8.201275787801599,52 days 06:14:47.671232877,0.007628273043741487,0.23361586196458303,0.4656425003783866,0.6708894768070705,0,13214,13215 days 00:00:00,1000.0,23323.685961364103,2232.3685961364104,242.61511638374395,100.0,2598.605629369226,56.49460930797257,5482 days 00:00:00,146,-23.323685961360752,52.50459397473887,-17.748609772994683,12.225492929267512,-5.9831005980558745,79 days 05:04:13.521126761,26 days 17:55:12,153.0617099131881,0.4579046634154415,0.16087270726542208,1.1008740369817671,0.9068681098641715,39.9891800024918,1.1053833517154414,0.9959205874354092,-0.0192769801238658,0.00033632442834022054,0.08475375594173558,22.323685961364134,0.061898120474649376,0.2227563272762604,7631,292,19139.325396825396,,
Median Sharpe Ratio,AIG,SMA,27,46,0,true,false,1,147,1.20894223722665,48.63013698630137,1.5075015240845056,2.871763377560294,0.6806672648710477,8.201275787801599,52 days 06:14:47.671232877,0.007628273043741487,0.23361586196458303,0.4656425003783866,0.6708894768070705,0,13214,13215 days 00:00:00,1000.0,23323.685961364103,2232.3685961364104,242.61511638374395,100.0,2598.605629369226,56.49460930797257,5482 days 00:00:00,146,-23.323685961360752,52.50459397473887,-17.748609772994683,12.225492929267512,-5.9831005980558745,79 days 05:04:13.521126761,26 days 17:55:12,153.0617099131881,0.4579046634154415,0.16087270726542208,1.1008740369817671,0.9068681098641715,39.9891800024918,1.1053833517154414,0.9959205874354092,-0.0192769801238658,0.00033632442834022054,0.08475375594173558,22.323685961364134,0.061898120474649376,0.2227563272762604,7631,292,19139.325396825396,,
Least Max Drawdown [%],AIG,SMA,28,44,0,true,false,1,156,1.2059310466671895,47.74193548387097,1.550609353135992,2.7745350968330014,0.6979877048325909,9.323782339046021,49 days 01:42:11.612903225,0.008098509053287194,0.24791887392159834,0.49424852429241717,0.6878596168627905,0,13214,13215 days 00:00:00,1000.0,26047.05653708091,2504.7056537080907,242.61511638374395,100.0,2803.5369346402495,48.258531342426096,2604 days 00:00:00,155,-26.04705653707788,54.708271814354404,-16.552678783607202,12.053468227959051,-5.702514924195737,74 days 18:48:38.918918919,25 days 13:55:33.333333333,161.7619586685032,0.468114869751493,0.19523376025750339,1.1036870442178424,0.9647231781934884,39.906092065841435,1.1054963672411489,0.9983633387888708,-0.019267621166471977,0.00034569763867121054,0.08711580494514505,25.0470565370813,0.06413674754403376,0.22397042746453233,7607,310,19139.325396825396,,
Median Total Trades,AIG,SMA,28,44,0,true,false,1,156,1.2059310466671895,47.74193548387097,1.550609353135992,2.7745350968330014,0.6979877048325909,9.323782339046021,49 days 01:42:11.612903225,0.008098509053287194,0.24791887392159834,0.49424852429241717,0.6878596168627905,0,13214,13215 days 00:00:00,1000.0,26047.05653708091,2504.7056537080907,242.61511638374395,100.0,2803.5369346402495,48.258531342426096,2604 days 00:00:00,155,-26.04705653707788,54.708271814354404,-16.552678783607202,12.053468227959051,-5.702514924195737,74 days 18:48:38.918918919,25 days 13:55:33.333333333,161.7619586685032,0.468114869751493,0.19523376025750339,1.1036870442178424,0.9647231781934884,39.906092065841435,1.1054963672411489,0.9983633387888708,-0.019267621166471977,0.00034569763867121054,0.08711580494514505,25.0470565370813,0.06413674754403376,0.22397042746453233,7607,310,19139.325396825396,,
Median Avg Winning Trade [%],AIG,SMA,28,44,0,true,false,1,156,1.2059310466671895,47.74193548387097,1.550609353135992,2.7745350968330014,0.6979877048325909,9.323782339046021,49 days 01:42:11.612903225,0.008098509053287194,0.24791887392159834,0.49424852429241717,0.6878596168627905,0,13214,13215 days 00:00:00,1000.0,26047.05653708091,2504.7056537080907,242.61511638374395,100.0,2803.5369346402495,48.258531342426096,2604 days 00:00:00,155,-26.04705653707788,54.708271814354404,-16.552678783607202,12.053468227959051,-5.702514924195737,74 days 18:48:38.918918919,25 days 13:55:33.333333333,161.7619586685032,0.468114869751493,0.19523376025750339,1.1036870442178424,0.9647231781934884,39.906092065841435,1.1054963672411489,0.9983633387888708,-0.019267621166471977,0.00034569763867121054,0.08711580494514505,25.0470565370813,0.06413674754403376,0.22397042746453233,7607,310,19139.325396825396,,
Mean Omega Ratio,AIG,SMA,24,54,0,true,false,1,121,1.1989478136374,45.83333333333333,1.4929748255566295,3.5326051264714944,0.6800254756688031,8.373543724962248,63 days 13:23:59.999999999,0.006269813460609441,0.19229604964431665,0.3830028757378538,0.67930601077373,0,13214,13215 days 00:00:00,1000.0,23741.634017598284,2274.1634017598285,242.61511638374395,100.0,2559.6737471157785,52.596086557162494,3316 days 00:00:00,120,-23.74163401759506,54.891919392143606,-19.1436188061204,14.696764268997326,-5.9139910710503605,101 days 21:49:05.454545454,31 days 02:35:04.615384615,189.71146376346582,0.45853880587129286,0.17381460176000765,1.1016941339197623,0.8555532737120699,40.74522370314176,1.0902869467020606,1.0104625550660793,-0.01918178932606234,0.0003390364076010502,0.08543717471546465,22.741634017598315,0.06225783044696298,0.22424199297858252,7628,240,19139.325396825396,,
Median Sortino Ratio,AIG,SMA,24,54,0,true,false,1,121,1.1989478136374,45.83333333333333,1.4929748255566295,3.5326051264714944,0.6800254756688031,8.373543724962248,63 days 13:23:59.999999999,0.006269813460609441,0.19229604964431665,0.3830028757378538,0.67930601077373,0,13214,13215 days 00:00:00,1000.0,23741.634017598284,2274.1634017598285,242.61511638374395,100.0,2559.6737471157785,52.596086557162494,3316 days 00:00:00,120,-23.74163401759506,54.891919392143606,-19.1436188061204,14.696764268997326,-5.9139910710503605,101 days 21:49:05.454545454,31 days 02:35:04.615384615,189.71146376346582,0.45853880587129286,0.17381460176000765,1.1016941339197623,0.8555532737120699,40.74522370314176,1.0902869467020606,1.0104625550660793,-0.01918178932606234,0.0003390364076010502,0.08543717471546465,22.741634017598315,0.06225783044696298,0.22424199297858252,7628,240,19139.325396825396,,
Least Avg Winning Trade Duration,AIG,SMA,24,54,0,true,false,1,121,1.1989478136374,45.83333333333333,1.4929748255566295,3.5326051264714944,0.6800254756688031,8.373543724962248,63 days 13:23:59.999999999,0.006269813460609441,0.19229604964431665,0.3830028757378538,0.67930601077373,0,13214,13215 days 00:00:00,1000.0,23741.634017598284,2274.1634017598285,242.61511638374395,100.0,2559.6737471157785,52.596086557162494,3316 days 00:00:00,120,-23.74163401759506,54.891919392143606,-19.1436188061204,14.696764268997326,-5.9139910710503605,101 days 21:49:05.454545454,31 days 02:35:04.615384615,189.71146376346582,0.45853880587129286,0.17381460176000765,1.1016941339197623,0.8555532737120699,40.74522370314176,1.0902869467020606,1.0104625550660793,-0.01918178932606234,0.0003390364076010502,0.08543717471546465,22.741634017598315,0.06225783044696298,0.22424199297858252,7628,240,19139.325396825396,,
Median Total Fees Paid,AIG,SMA,26,47,0,true,false,1,146,1.1988957540780574,46.206896551724135,1.5440656038698897,3.0024620472773833,0.7055243142537867,9.760817770274812,52 days 14:04:08.275862069,0.007576024598236408,0.23202663841380355,0.46246405327682766,0.6966511757947977,0,13214,13215 days 00:00:00,1000.0,27107.370557194838,2610.7370557194836,242.61511638374395,100.0,2973.3734449104436,50.85861560147069,2938 days 00:00:00,145,-27.107370557190734,54.891919392143606,-17.413990322723542,12.951931432124267,-5.543877039706478,81 days 15:02:41.194029851,27 days 15:23:04.615384615,180.23777881208292,0.47336887483298135,0.1876250668821926,1.1045207754766664,0.9304497010178819,39.98118690305127,1.1069343690860085,0.9978195693649496,-0.019267621166471956,0.00034767755872033184,0.08761474479752362,26.107370557194848,0.06494673579528598,0.22275305220105523,7626,290,19139.325396825396,,
Least Total Fees Paid,AIG,SMA,25,56,0,true,false,1,120,1.1974439210800678,47.89915966386555,1.4335397456303474,3.290346442935426,0.6342445969316233,5.917283013947658,64 days 00:48:24.201680671,0.006217565015104363,0.19070682609353717,0.3798244286362949,0.6274915268803749,0,13214,13215 days 00:00:00,1000.0,17782.374234882063,1678.2374234882063,242.61511638374395,100.0,2034.400137085155,58.85732573516148,6300 days 00:00:00,119,-17.78237423488099,52.50459397473887,-15.422855823070963,13.768621784672094,-6.34290669382248,98 days 16:00:00,32 days 04:38:42.580645161,141.17778663123488,0.42919838911845815,0.14058018222712987,1.0949850518171618,0.8187885620812815,40.93338948125137,1.086610405149342,1.0077071290944126,-0.019093312550046843,0.0003169595359259103,0.0798738030533294,16.78237423488201,0.05641936565364003,0.22397133654725823,7621,238,19139.325396825396,,
Least Total Trades,AIG,SMA,25,56,0,true,false,1,120,1.1974439210800678,47.89915966386555,1.4335397456303474,3.290346442935426,0.6342445969316233,5.917283013947658,64 days 00:48:24.201680671,0.006217565015104363,0.19070682609353717,0.3798244286362949,0.6274915268803749,0,13214,13215 days 00:00:00,1000.0,17782.374234882063,1678.2374234882063,242.61511638374395,100.0,2034.400137085155,58.85732573516148,6300 days 00:00:00,119,-17.78237423488099,52.50459397473887,-15.422855823070963,13.768621784672094,-6.34290669382248,98 days 16:00:00,32 days 04:38:42.580645161,141.17778663123488,0.42919838911845815,0.14058018222712987,1.0949850518171618,0.8187885620812815,40.93338948125137,1.086610405149342,1.0077071290944126,-0.019093312550046843,0.0003169595359259103,0.0798738030533294,16.78237423488201,0.05641936565364003,0.22397133654725823,7621,238,19139.325396825396,,
Most Worst Trade [%],AIG,SMA,25,56,0,true,false,1,120,1.1974439210800678,47.89915966386555,1.4335397456303474,3.290346442935426,0.6342445969316233,5.917283013947658,64 days 00:48:24.201680671,0.006217565015104363,0.19070682609353717,0.3798244286362949,0.6274915268803749,0,13214,13215 days 00:00:00,1000.0,17782.374234882063,1678.2374234882063,242.61511638374395,100.0,2034.400137085155,58.85732573516148,6300 days 00:00:00,119,-17.78237423488099,52.50459397473887,-15.422855823070963,13.768621784672094,-6.34290669382248,98 days 16:00:00,32 days 04:38:42.580645161,141.17778663123488,0.42919838911845815,0.14058018222712987,1.0949850518171618,0.8187885620812815,40.93338948125137,1.086610405149342,1.0077071290944126,-0.019093312550046843,0.0003169595359259103,0.0798738030533294,16.78237423488201,0.05641936565364003,0.22397133654725823,7621,238,19139.325396825396,,
Least Avg Losing Trade [%],AIG,SMA,25,56,0,true,false,1,120,1.1974439210800678,47.89915966386555,1.4335397456303474,3.290346442935426,0.6342445969316233,5.917283013947658,64 days 00:48:24.201680671,0.006217565015104363,0.19070682609353717,0.3798244286362949,0.6274915268803749,0,13214,13215 days 00:00:00,1000.0,17782.374234882063,1678.2374234882063,242.61511638374395,100.0,2034.400137085155,58.85732573516148,6300 days 00:00:00,119,-17.78237423488099,52.50459397473887,-15.422855823070963,13.768621784672094,-6.34290669382248,98 days 16:00:00,32 days 04:38:42.580645161,141.17778663123488,0.42919838911845815,0.14058018222712987,1.0949850518171618,0.8187885620812815,40.93338948125137,1.086610405149342,1.0077071290944126,-0.019093312550046843,0.0003169595359259103,0.0798738030533294,16.78237423488201,0.05641936565364003,0.22397133654725823,7621,238,19139.325396825396,,
Median Expectancy,AIG,SMA,25,56,0,true,false,1,120,1.1974439210800678,47.89915966386555,1.4335397456303474,3.290346442935426,0.6342445969316233,5.917283013947658,64 days 00:48:24.201680671,0.006217565015104363,0.19070682609353717,0.3798244286362949,0.6274915268803749,0,13214,13215 days 00:00:00,1000.0,17782.374234882063,1678.2374234882063,242.61511638374395,100.0,2034.400137085155,58.85732573516148,6300 days 00:00:00,119,-17.78237423488099,52.50459397473887,-15.422855823070963,13.768621784672094,-6.34290669382248,98 days 16:00:00,32 days 04:38:42.580645161,141.17778663123488,0.42919838911845815,0.14058018222712987,1.0949850518171618,0.8187885620812815,40.93338948125137,1.086610405149342,1.0077071290944126,-0.019093312550046843,0.0003169595359259103,0.0798738030533294,16.78237423488201,0.05641936565364003,0.22397133654725823,7621,238,19139.325396825396,,
Most Avg Winning Trade [%],AIG,SMA,24,53,0,true,false,1,127,1.1912838745518453,44.44444444444444,1.536300340794196,3.3993997000197593,0.6893223186096323,8.911897004603022,60 days 12:34:17.142857141,0.006583304133639913,0.20183139094899352,0.40207355834720754,0.6861055698465793,0,13214,13215 days 00:00:00,1000.0,25047.760453554452,2404.776045355445,242.61511638374395,100.0,2540.6525767787793,55.552983002565405,2599 days 00:00:00,126,-25.047760453551746,54.891919392143606,-22.5830940615848,14.818685260862749,-5.736028748654631,99 days 07:42:51.428571428,29 days 11:39:25.714285714,191.05403344450798,0.46430247298216343,0.1674712455642447,1.1030654805005597,0.8631702333148517,40.97435022619328,1.0955432118119268,1.0068662455369404,-0.019114373373322058,0.0003427920211296279,0.08638358932466624,24.04776045355423,0.06334320256416448,0.22391150574180962,7627,252,19139.325396825396,,
Most Avg Winning Trade Duration,AIG,SMA,24,53,0,true,false,1,127,1.1912838745518453,44.44444444444444,1.536300340794196,3.3993997000197593,0.6893223186096323,8.911897004603022,60 days 12:34:17.142857141,0.006583304133639913,0.20183139094899352,0.40207355834720754,0.6861055698465793,0,13214,13215 days 00:00:00,1000.0,25047.760453554452,2404.776045355445,242.61511638374395,100.0,2540.6525767787793,55.552983002565405,2599 days 00:00:00,126,-25.047760453551746,54.891919392143606,-22.5830940615848,14.818685260862749,-5.736028748654631,99 days 07:42:51.428571428,29 days 11:39:25.714285714,191.05403344450798,0.46430247298216343,0.1674712455642447,1.1030654805005597,0.8631702333148517,40.97435022619328,1.0955432118119268,1.0068662455369404,-0.019114373373322058,0.0003427920211296279,0.08638358932466624,24.04776045355423,0.06334320256416448,0.22391150574180962,7627,252,19139.325396825396,,
Median Total Return [%],AIG,SMA,26,48,0,true,false,1,147,1.1784144807504795,45.20547945205479,1.50032386844074,2.887177700967911,0.6818409941714847,8.20994298320961,52 days 08:23:00.821917808,0.007628273043741487,0.23361586196458303,0.4656425003783866,0.6744905072565417,0,13214,13215 days 00:00:00,1000.0,23344.713887590457,2234.4713887590456,242.61511638374395,100.0,2757.3286473018675,51.42544226038207,2945 days 00:00:00,146,-23.344713887589023,54.891919392143585,-17.380930049155722,13.101069739629375,-5.5392832309277935,82 days 10:32:43.636363636,27 days 12:36:00,153.20588083204132,0.45797450096556924,0.17678323448508296,1.1008040914198463,0.9272553766619449,39.972851229711054,1.106812847377376,0.9945711183496201,-0.019308269586303096,0.0003363707353887968,0.08476542531797679,22.344713887590505,0.06191636882105733,0.22275302434195257,7644,292,19139.325396825396,,
Median Avg Losing Trade [%],AIG,SMA,26,48,0,true,false,1,147,1.1784144807504795,45.20547945205479,1.50032386844074,2.887177700967911,0.6818409941714847,8.20994298320961,52 days 08:23:00.821917808,0.007628273043741487,0.23361586196458303,0.4656425003783866,0.6744905072565417,0,13214,13215 days 00:00:00,1000.0,23344.713887590457,2234.4713887590456,242.61511638374395,100.0,2757.3286473018675,51.42544226038207,2945 days 00:00:00,146,-23.344713887589023,54.891919392143585,-17.380930049155722,13.101069739629375,-5.5392832309277935,82 days 10:32:43.636363636,27 days 12:36:00,153.20588083204132,0.45797450096556924,0.17678323448508296,1.1008040914198463,0.9272553766619449,39.972851229711054,1.106812847377376,0.9945711183496201,-0.019308269586303096,0.0003363707353887968,0.08476542531797679,22.344713887590505,0.06191636882105733,0.22275302434195257,7644,292,19139.325396825396,,
Median Profit Factor,AIG,SMA,26,48,0,true,false,1,147,1.1784144807504795,45.20547945205479,1.50032386844074,2.887177700967911,0.6818409941714847,8.20994298320961,52 days 08:23:00.821917808,0.007628273043741487,0.23361586196458303,0.4656425003783866,0.6744905072565417,0,13214,13215 days 00:00:00,1000.0,23344.713887590457,2234.4713887590456,242.61511638374395,100.0,2757.3286473018675,51.42544226038207,2945 days 00:00:00,146,-23.344713887589023,54.891919392143585,-17.380930049155722,13.101069739629375,-5.5392832309277935,82 days 10:32:43.636363636,27 days 12:36:00,153.20588083204132,0.45797450096556924,0.17678323448508296,1.1008040914198463,0.9272553766619449,39.972851229711054,1.106812847377376,0.9945711183496201,-0.019308269586303096,0.0003363707353887968,0.08476542531797679,22.344713887590505,0.06191636882105733,0.22275302434195257,7644,292,19139.325396825396,,
Mean Sortino Ratio,AIG,SMA,26,48,0,true,false,1,147,1.1784144807504795,45.20547945205479,1.50032386844074,2.887177700967911,0.6818409941714847,8.20994298320961,52 days 08:23:00.821917808,0.007628273043741487,0.23361586196458303,0.4656425003783866,0.6744905072565417,0,13214,13215 days 00:00:00,1000.0,23344.713887590457,2234.4713887590456,242.61511638374395,100.0,2757.3286473018675,51.42544226038207,2945 days 00:00:00,146,-23.344713887589023,54.891919392143585,-17.380930049155722,13.101069739629375,-5.5392832309277935,82 days 10:32:43.636363636,27 days 12:36:00,153.20588083204132,0.45797450096556924,0.17678323448508296,1.1008040914198463,0.9272553766619449,39.972851229711054,1.106812847377376,0.9945711183496201,-0.019308269586303096,0.0003363707353887968,0.08476542531797679,22.344713887590505,0.06191636882105733,0.22275302434195257,7644,292,19139.325396825396,,
Mean Total Trades,AIG,SMA,31,42,0,true,false,1,182,1.1749860302123254,45.30386740331492,1.5112057862286958,2.539350391013161,0.736490355330341,12.139310791256783,41 days 16:10:36.464088398,0.00945696863641924,0.2892386862418647,0.5768881489329499,0.7344783710044123,0,13214,13215 days 00:00:00,1000.0,32877.95416822947,3187.795416822947,242.61511638374395,100.0,4078.083734064469,54.0325724354812,2610 days 00:00:00,181,-32.87795416822337,43.808805611852414,-17.380930049155726,11.67581682921947,-5.028227870935497,62 days 20:46:49.756097561,24 days 02:54:32.727272727,176.30293990274987,0.4921234007302813,0.18743945560282552,1.1098800274076346,0.9955501392517645,40.10770808377471,1.1162867015625415,0.9942607269745835,-0.019151758874790172,0.0003631415294276554,0.09151166541576916,31.87795416822952,0.06887328017172334,0.22379408541157386,7544,362,19139.325396825396,,
Mean Max Drawdown [%],AIG,SMA,32,42,0,true,false,1,188,1.1736381939870157,47.05882352941176,1.4723870938205312,2.3125470260914125,0.7021679901698386,9.581531555678573,40 days 08:28:14.117647057,0.009770459309449713,0.2987740275465416,0.5959588315423037,0.6909289888761085,0,13214,13215 days 00:00:00,1000.0,26672.395098992165,2567.2395098992165,242.61511638374395,100.0,3657.9367170855253,56.30030354184321,2652 days 00:00:00,187,-26.67239509899082,40.20073822774755,-17.380930049155737,10.592938401567963,-5.047800863221075,60 days 09:16:21.818181818,22 days 13:05:27.272727272,137.42816841759964,0.47006916692595474,0.1686210945390109,1.1046339886173342,0.9724893320760121,39.76437939154297,1.1155709588016613,0.9901960784313725,-0.01934950955107556,0.00034794150452674134,0.08768125914073882,25.672395098992048,0.06461827798573494,0.22448698858631203,7547,374,19139.325396825396,,
Mean Win Rate [%],AIG,SMA,32,42,0,true,false,1,188,1.1736381939870157,47.05882352941176,1.4723870938205312,2.3125470260914125,0.7021679901698386,9.581531555678573,40 days 08:28:14.117647057,0.009770459309449713,0.2987740275465416,0.5959588315423037,0.6909289888761085,0,13214,13215 days 00:00:00,1000.0,26672.395098992165,2567.2395098992165,242.61511638374395,100.0,3657.9367170855253,56.30030354184321,2652 days 00:00:00,187,-26.67239509899082,40.20073822774755,-17.380930049155737,10.592938401567963,-5.047800863221075,60 days 09:16:21.818181818,22 days 13:05:27.272727272,137.42816841759964,0.47006916692595474,0.1686210945390109,1.1046339886173342,0.9724893320760121,39.76437939154297,1.1155709588016613,0.9901960784313725,-0.01934950955107556,0.00034794150452674134,0.08768125914073882,25.672395098992048,0.06461827798573494,0.22448698858631203,7547,374,19139.325396825396,,
Least Best Trade [%],AIG,SMA,32,42,0,true,false,1,188,1.1736381939870157,47.05882352941176,1.4723870938205312,2.3125470260914125,0.7021679901698386,9.581531555678573,40 days 08:28:14.117647057,0.009770459309449713,0.2987740275465416,0.5959588315423037,0.6909289888761085,0,13214,13215 days 00:00:00,1000.0,26672.395098992165,2567.2395098992165,242.61511638374395,100.0,3657.9367170855253,56.30030354184321,2652 days 00:00:00,187,-26.67239509899082,40.20073822774755,-17.380930049155737,10.592938401567963,-5.047800863221075,60 days 09:16:21.818181818,22 days 13:05:27.272727272,137.42816841759964,0.47006916692595474,0.1686210945390109,1.1046339886173342,0.9724893320760121,39.76437939154297,1.1155709588016613,0.9901960784313725,-0.01934950955107556,0.00034794150452674134,0.08768125914073882,25.672395098992048,0.06461827798573494,0.22448698858631203,7547,374,19139.325396825396,,
Median Worst Trade [%],AIG,SMA,28,43,0,true,false,1,165,1.1732096534005365,45.73170731707317,1.5164550289939924,2.5292704940014694,0.6714402055609688,7.65066307479427,46 days 07:27:48.292682927,0.008568745062832903,0.2622218858786136,0.5228545482064477,0.663230078834198,0,13214,13215 days 00:00:00,1000.0,21987.816286877685,2098.7816286877683,242.61511638374395,100.0,2624.190753905106,51.29909385719321,2526 days 00:00:00,164,-21.987816286873567,55.85499698553239,-17.413990322723546,11.858724169636956,-5.332628670859895,71 days 05:45:36,25 days 07:16:51.235955056,128.10856160466187,0.4506992002631277,0.17370431103102707,1.0997075843569057,0.9614464739055728,39.86190059077128,1.109661053990415,0.9910301712421853,-0.01927698012386589,0.0003329402193115359,0.08390093526650705,20.987816286877585,0.060704452564877664,0.2240403159460494,7596,328,19139.325396825396,,
Mean Avg Losing Trade [%],AIG,SMA,28,43,0,true,false,1,165,1.1732096534005365,45.73170731707317,1.5164550289939924,2.5292704940014694,0.6714402055609688,7.65066307479427,46 days 07:27:48.292682927,0.008568745062832903,0.2622218858786136,0.5228545482064477,0.663230078834198,0,13214,13215 days 00:00:00,1000.0,21987.816286877685,2098.7816286877683,242.61511638374395,100.0,2624.190753905106,51.29909385719321,2526 days 00:00:00,164,-21.987816286873567,55.85499698553239,-17.413990322723546,11.858724169636956,-5.332628670859895,71 days 05:45:36,25 days 07:16:51.235955056,128.10856160466187,0.4506992002631277,0.17370431103102707,1.0997075843569057,0.9614464739055728,39.86190059077128,1.109661053990415,0.9910301712421853,-0.01927698012386589,0.0003329402193115359,0.08390093526650705,20.987816286877585,0.060704452564877664,0.2240403159460494,7596,328,19139.325396825396,,
Most Total Fees Paid,AIG,SMA,37,40,0,true,false,1,337,1.164278843310278,52.38095238095239,1.2613449367162963,1.1064863599022408,0.6280503053790154,5.775053385728135,22 days 10:17:08.571428571,0.017555477689706434,0.5355683366126835,1.0695474496745876,0.5925990592574661,0,13214,13215 days 00:00:00,1000.0,17437.303656845103,1643.7303656845102,242.61511638374395,100.0,5983.006256979854,75.29064958959036,6567 days 00:00:00,336,-17.43730365684314,40.90250490145629,-17.713099663407778,5.81042421790841,-4.067845283904545,29 days 22:21:49.090909091,14 days 04:12:00,48.97244333482726,0.4292128882119654,0.10911828839517786,1.094131752633902,0.4004622326348128,38.073837045900575,1.1443433499655489,0.9561219127693116,-0.019267621166471963,0.0003139749496444391,0.07912168731039866,16.437303656845053,0.0560246766465482,0.22185486045105646,7537,672,19139.325396825396,,
Most Max Drawdown [%],AIG,SMA,37,40,0,true,false,1,337,1.164278843310278,52.38095238095239,1.2613449367162963,1.1064863599022408,0.6280503053790154,5.775053385728135,22 days 10:17:08.571428571,0.017555477689706434,0.5355683366126835,1.0695474496745876,0.5925990592574661,0,13214,13215 days 00:00:00,1000.0,17437.303656845103,1643.7303656845102,242.61511638374395,100.0,5983.006256979854,75.29064958959036,6567 days 00:00:00,336,-17.43730365684314,40.90250490145629,-17.713099663407778,5.81042421790841,-4.067845283904545,29 days 22:21:49.090909091,14 days 04:12:00,48.97244333482726,0.4292128882119654,0.10911828839517786,1.094131752633902,0.4004622326348128,38.073837045900575,1.1443433499655489,0.9561219127693116,-0.019267621166471963,0.0003139749496444391,0.07912168731039866,16.437303656845053,0.0560246766465482,0.22185486045105646,7537,672,19139.325396825396,,
Least Avg Winning Trade [%],AIG,SMA,37,40,0,true,false,1,337,1.164278843310278,52.38095238095239,1.2613449367162963,1.1064863599022408,0.6280503053790154,5.775053385728135,22 days 10:17:08.571428571,0.017555477689706434,0.5355683366126835,1.0695474496745876,0.5925990592574661,0,13214,13215 days 00:00:00,1000.0,17437.303656845103,1643.7303656845102,242.61511638374395,100.0,5983.006256979854,75.29064958959036,6567 days 00:00:00,336,-17.43730365684314,40.90250490145629,-17.713099663407778,5.81042421790841,-4.067845283904545,29 days 22:21:49.090909091,14 days 04:12:00,48.97244333482726,0.4292128882119654,0.10911828839517786,1.094131752633902,0.4004622326348128,38.073837045900575,1.1443433499655489,0.9561219127693116,-0.019267621166471963,0.0003139749496444391,0.07912168731039866,16.437303656845053,0.0560246766465482,0.22185486045105646,7537,672,19139.325396825396,,
Least Profit Factor,AIG,SMA,37,40,0,true,false,1,337,1.164278843310278,52.38095238095239,1.2613449367162963,1.1064863599022408,0.6280503053790154,5.775053385728135,22 days 10:17:08.571428571,0.017555477689706434,0.5355683366126835,1.0695474496745876,0.5925990592574661,0,13214,13215 days 00:00:00,1000.0,17437.303656845103,1643.7303656845102,242.61511638374395,100.0,5983.006256979854,75.29064958959036,6567 days 00:00:00,336,-17.43730365684314,40.90250490145629,-17.713099663407778,5.81042421790841,-4.067845283904545,29 days 22:21:49.090909091,14 days 04:12:00,48.97244333482726,0.4292128882119654,0.10911828839517786,1.094131752633902,0.4004622326348128,38.073837045900575,1.1443433499655489,0.9561219127693116,-0.019267621166471963,0.0003139749496444391,0.07912168731039866,16.437303656845053,0.0560246766465482,0.22185486045105646,7537,672,19139.325396825396,,
Most Max Drawdown Duration,AIG,SMA,37,40,0,true,false,1,337,1.164278843310278,52.38095238095239,1.2613449367162963,1.1064863599022408,0.6280503053790154,5.775053385728135,22 days 10:17:08.571428571,0.017555477689706434,0.5355683366126835,1.0695474496745876,0.5925990592574661,0,13214,13215 days 00:00:00,1000.0,17437.303656845103,1643.7303656845102,242.61511638374395,100.0,5983.006256979854,75.29064958959036,6567 days 00:00:00,336,-17.43730365684314,40.90250490145629,-17.713099663407778,5.81042421790841,-4.067845283904545,29 days 22:21:49.090909091,14 days 04:12:00,48.97244333482726,0.4292128882119654,0.10911828839517786,1.094131752633902,0.4004622326348128,38.073837045900575,1.1443433499655489,0.9561219127693116,-0.019267621166471963,0.0003139749496444391,0.07912168731039866,16.437303656845053,0.0560246766465482,0.22185486045105646,7537,672,19139.325396825396,,
Least Avg Losing Trade Duration,AIG,SMA,37,40,0,true,false,1,337,1.164278843310278,52.38095238095239,1.2613449367162963,1.1064863599022408,0.6280503053790154,5.775053385728135,22 days 10:17:08.571428571,0.017555477689706434,0.5355683366126835,1.0695474496745876,0.5925990592574661,0,13214,13215 days 00:00:00,1000.0,17437.303656845103,1643.7303656845102,242.61511638374395,100.0,5983.006256979854,75.29064958959036,6567 days 00:00:00,336,-17.43730365684314,40.90250490145629,-17.713099663407778,5.81042421790841,-4.067845283904545,29 days 22:21:49.090909091,14 days 04:12:00,48.97244333482726,0.4292128882119654,0.10911828839517786,1.094131752633902,0.4004622326348128,38.073837045900575,1.1443433499655489,0.9561219127693116,-0.019267621166471963,0.0003139749496444391,0.07912168731039866,16.437303656845053,0.0560246766465482,0.22185486045105646,7537,672,19139.325396825396,,
Median Calmar Ratio,AIG,SMA,29,42,0,true,false,1,177,1.1641044118912167,46.02272727272727,1.5011041474219198,2.3003743886052237,0.6531975421489189,6.5996789631490005,42 days 21:57:16.363636362,0.009195726408893847,0.28129256848796735,0.5609959134251552,0.647078220254701,0,13214,13215 days 00:00:00,1000.0,19437.969961234852,1843.7969961234853,242.61511638374395,100.0,2425.2197492025084,50.89567551774743,2526 days 00:00:00,176,-19.43796996123274,55.85499698553237,-20.419956378241984,11.22943912081972,-5.312828172546082,65 days 22:13:20,23 days 07:04:25.263157894,104.87163597270504,0.43840121798311027,0.16780839108906342,1.0970947355007945,0.9728419718300099,40.17266704342186,1.1107025808970263,0.987748434522189,-0.019286732502197628,0.0003232094645393756,0.08144878506392264,18.437969961234764,0.058214219032614034,0.22359342076856442,7554,352,19139.325396825396,,
Least Win Rate [%],AIG,SMA,26,49,0,true,false,1,141,1.1618397145625308,44.285714285714285,1.4551907869482064,2.9061272861482785,0.6519508122270142,6.71001214820531,54 days 13:42:51.428571428,0.0073147823707110145,0.2240805206599062,0.4465718177690329,0.6512065153840665,0,13214,13215 days 00:00:00,1000.0,19705.654946569113,1870.5654946569111,242.61511638374395,100.0,2299.920162281044,51.62065908988499,2938 days 00:00:00,140,-19.705654946566938,54.891919392143585,-18.81048489696336,13.843129794536422,-5.787387528211527,87 days 02:19:21.290322580,28 days 17:13:50.769230769,133.75257572511197,0.4400009217294847,0.16624608355629644,1.0970043447971345,0.8186967054674066,40.52819175514518,1.1023965015984285,0.995108695652174,-0.019308269586303106,0.00032440195636471777,0.08174929300390887,18.705654946568867,0.05849025351592951,0.22360246195166458,7641,280,19139.325396825396,,
Mean Worst Trade [%],AIG,SMA,26,49,0,true,false,1,141,1.1618397145625308,44.285714285714285,1.4551907869482064,2.9061272861482785,0.6519508122270142,6.71001214820531,54 days 13:42:51.428571428,0.0073147823707110145,0.2240805206599062,0.4465718177690329,0.6512065153840665,0,13214,13215 days 00:00:00,1000.0,19705.654946569113,1870.5654946569111,242.61511638374395,100.0,2299.920162281044,51.62065908988499,2938 days 00:00:00,140,-19.705654946566938,54.891919392143585,-18.81048489696336,13.843129794536422,-5.787387528211527,87 days 02:19:21.290322580,28 days 17:13:50.769230769,133.75257572511197,0.4400009217294847,0.16624608355629644,1.0970043447971345,0.8186967054674066,40.52819175514518,1.1023965015984285,0.995108695652174,-0.019308269586303106,0.00032440195636471777,0.08174929300390887,18.705654946568867,0.05849025351592951,0.22360246195166458,7641,280,19139.325396825396,,
Mean Total Return [%],AIG,SMA,33,41,0,true,false,1,211,1.161758621733649,48.095238095238095,1.4156933683206283,2.007841181101132,0.6854091892330183,8.489923668656756,35 days 22:03:25.714285713,0.010972173556066523,0.3353261692144695,0.6690631148781596,0.6732816916496984,0,13214,13215 days 00:00:00,1000.0,24023.98935344005,2302.398935344005,242.61511638374395,100.0,3954.206828900026,59.40416304626368,3552 days 00:00:00,210,-24.023989353438083,46.44934117266226,-17.380930049155737,9.540653881006614,-4.972104531655324,52 days 23:02:58.217821782,20 days 03:04:57.247706422,109.75244448949292,0.4589980834005492,0.1544944463368189,1.1020105943960792,0.9736147362619505,39.50565666605124,1.11868017159404,0.9850988891899214,-0.019400216581015456,0.00034041404633549754,0.08578433967654538,23.023989353440218,0.06249734277646657,0.22492788644575712,7544,420,19139.325396825396,,
Mean Avg Winning Trade [%],AIG,SMA,30,42,0,true,false,1,179,1.1552217584327955,44.38202247191011,1.5309618792537447,2.2948417338443465,0.6665846930349744,7.275709443099561,42 days 08:53:55.955056178,0.009300223299904004,0.2844710155895263,0.5673528076282731,0.6528159586439307,0,13214,13215 days 00:00:00,1000.0,21078.12209695649,2007.8122096956488,242.61511638374395,100.0,2484.94921287626,52.94430141283185,2768 days 00:00:00,178,-21.078122096954758,40.83035128526424,-16.552678783607192,11.543629501320165,-5.085504060404034,66 days 02:07:35.696202531,23 days 10:39:59.999999999,112.91685516322156,0.4468136055752103,0.16590729245445962,1.0992417541234578,0.9900176523401818,40.33684505565752,1.1101493349251221,0.990174672489083,-0.019267621166471995,0.0003291980512195057,0.08295790890731543,20.07812209695658,0.05985015548389039,0.22344856463377213,7543,356,19139.325396825396,,
Mean Calmar Ratio,AIG,SMA,30,42,0,true,false,1,179,1.1552217584327955,44.38202247191011,1.5309618792537447,2.2948417338443465,0.6665846930349744,7.275709443099561,42 days 08:53:55.955056178,0.009300223299904004,0.2844710155895263,0.5673528076282731,0.6528159586439307,0,13214,13215 days 00:00:00,1000.0,21078.12209695649,2007.8122096956488,242.61511638374395,100.0,2484.94921287626,52.94430141283185,2768 days 00:00:00,178,-21.078122096954758,40.83035128526424,-16.552678783607192,11.543629501320165,-5.085504060404034,66 days 02:07:35.696202531,23 days 10:39:59.999999999,112.91685516322156,0.4468136055752103,0.16590729245445962,1.0992417541234578,0.9900176523401818,40.33684505565752,1.1101493349251221,0.990174672489083,-0.019267621166471995,0.0003291980512195057,0.08295790890731543,20.07812209695658,0.05985015548389039,0.22344856463377213,7543,356,19139.325396825396,,
Mean Best Trade [%],AIG,SMA,25,49,0,true,false,1,138,1.1528026041102102,44.52554744525548,1.4106460611344038,2.8469744654418334,0.6221435406292333,5.368381919313915,55 days 19:47:44.233576642,0.007158037034195779,0.21931285000756776,0.437036476464356,0.6243780839148202,0,13214,13215 days 00:00:00,1000.0,16450.657205304764,1545.0657205304763,242.61511638374395,100.0,2098.363439329635,55.80258846684673,5560 days 00:00:00,137,-16.450657205303287,51.95367783961553,-22.181453093917035,13.77160197260206,-5.9214765600420325,90 days 14:57:02.950819672,27 days 21:28:25.263157895,112.89859753656998,0.4213013790942223,0.14410859360310244,1.0926506135849876,0.7912910048643721,40.350928458498586,1.0926506135849834,1.0,-0.019349509551075512,0.00031102070095762594,0.07837721664132173,15.450657205304694,0.054852386403484665,0.22389434146151913,7649,274,19139.325396825396,,
Least Omega Ratio,AIG,SMA,25,49,0,true,false,1,138,1.1528026041102102,44.52554744525548,1.4106460611344038,2.8469744654418334,0.6221435406292333,5.368381919313915,55 days 19:47:44.233576642,0.007158037034195779,0.21931285000756776,0.437036476464356,0.6243780839148202,0,13214,13215 days 00:00:00,1000.0,16450.657205304764,1545.0657205304763,242.61511638374395,100.0,2098.363439329635,55.80258846684673,5560 days 00:00:00,137,-16.450657205303287,51.95367783961553,-22.181453093917035,13.77160197260206,-5.9214765600420325,90 days 14:57:02.950819672,27 days 21:28:25.263157895,112.89859753656998,0.4213013790942223,0.14410859360310244,1.0926506135849876,0.7912910048643721,40.350928458498586,1.0926506135849834,1.0,-0.019349509551075512,0.00031102070095762594,0.07837721664132173,15.450657205304694,0.054852386403484665,0.22389434146151913,7649,274,19139.325396825396,,
Least Sortino Ratio,AIG,SMA,25,49,0,true,false,1,138,1.1528026041102102,44.52554744525548,1.4106460611344038,2.8469744654418334,0.6221435406292333,5.368381919313915,55 days 19:47:44.233576642,0.007158037034195779,0.21931285000756776,0.437036476464356,0.6243780839148202,0,13214,13215 days 00:00:00,1000.0,16450.657205304764,1545.0657205304763,242.61511638374395,100.0,2098.363439329635,55.80258846684673,5560 days 00:00:00,137,-16.450657205303287,51.95367783961553,-22.181453093917035,13.77160197260206,-5.9214765600420325,90 days 14:57:02.950819672,27 days 21:28:25.263157895,112.89859753656998,0.4213013790942223,0.14410859360310244,1.0926506135849876,0.7912910048643721,40.350928458498586,1.0926506135849834,1.0,-0.019349509551075512,0.00031102070095762594,0.07837721664132173,15.450657205304694,0.054852386403484665,0.22389434146151913,7649,274,19139.325396825396,,
Least Worst Trade [%],AIG,SMA,34,41,0,true,false,1,220,1.1450114701217053,49.31506849315068,1.3137041421167694,1.7704199718205547,0.6419217961790269,6.094699763297274,34 days 10:50:57.534246575,0.01144240956561223,0.34962918117148484,0.6976691387921902,0.6189904850772638,0,13214,13215 days 00:00:00,1000.0,18212.814087800885,1721.2814087800887,242.61511638374395,100.0,3872.362212461016,66.21548064169109,3619 days 00:00:00,219,-18.212814087797597,42.796736960081745,-23.699796865728853,8.59243412859048,-4.867215423955587,49 days 07:20:00,20 days 00:00:00,78.68048813647798,0.4310739909759025,0.1260388659840484,1.0954653190627506,0.9504734894074862,39.73058124785501,1.1205269567370058,0.977634060900027,-0.019349509551075516,0.0003191080459323942,0.08041522757496333,17.21281408780074,0.05690129957158141,0.22450842174065402,7546,438,19139.325396825396,,
Least Total Return [%],AIG,SMA,16,19,0,true,false,1,536,1.0644459075695558,44.67289719626169,1.3674905113119544,0.7833521526044618,0.6304174903829471,5.004196099453473,13 days 14:13:14.018691587,0.02795291834521709,0.8518238232177994,1.7020584228848192,0.6672780255574257,0,13214,13215 days 00:00:00,1000.0,15567.087354597259,1456.7087354597259,242.61511638374395,100.0,4495.495109506589,73.80355237530199,3112 days 00:00:00,535,-15.56708735459506,71.18972677231551,-21.935987568193923,5.9840364441397735,-3.415849015223037,19 days 08:14:03.514644351,8 days 22:47:01.621621621,27.25729802233998,0.395457811042988,0.10672948272752422,1.0977109356782835,5.452287581394949,215.769604850867,1.2266683808439356,0.894871794871795,-0.019359822524834563,0.0003298617818141949,0.08312516901717712,14.567087354597257,0.053742478578530095,0.25297554784451537,7273,1070,19139.325396825396,,
Most Total Trades,AIG,SMA,16,19,0,true,false,1,536,1.0644459075695558,44.67289719626169,1.3674905113119544,0.7833521526044618,0.6304174903829471,5.004196099453473,13 days 14:13:14.018691587,0.02795291834521709,0.8518238232177994,1.7020584228848192,0.6672780255574257,0,13214,13215 days 00:00:00,1000.0,15567.087354597259,1456.7087354597259,242.61511638374395,100.0,4495.495109506589,73.80355237530199,3112 days 00:00:00,535,-15.56708735459506,71.18972677231551,-21.935987568193923,5.9840364441397735,-3.415849015223037,19 days 08:14:03.514644351,8 days 22:47:01.621621621,27.25729802233998,0.395457811042988,0.10672948272752422,1.0977109356782835,5.452287581394949,215.769604850867,1.2266683808439356,0.894871794871795,-0.019359822524834563,0.0003298617818141949,0.08312516901717712,14.567087354597257,0.053742478578530095,0.25297554784451537,7273,1070,19139.325396825396,,
Most Best Trade [%],AIG,SMA,16,19,0,true,false,1,536,1.0644459075695558,44.67289719626169,1.3674905113119544,0.7833521526044618,0.6304174903829471,5.004196099453473,13 days 14:13:14.018691587,0.02795291834521709,0.8518238232177994,1.7020584228848192,0.6672780255574257,0,13214,13215 days 00:00:00,1000.0,15567.087354597259,1456.7087354597259,242.61511638374395,100.0,4495.495109506589,73.80355237530199,3112 days 00:00:00,535,-15.56708735459506,71.18972677231551,-21.935987568193923,5.9840364441397735,-3.415849015223037,19 days 08:14:03.514644351,8 days 22:47:01.621621621,27.25729802233998,0.395457811042988,0.10672948272752422,1.0977109356782835,5.452287581394949,215.769604850867,1.2266683808439356,0.894871794871795,-0.019359822524834563,0.0003298617818141949,0.08312516901717712,14.567087354597257,0.053742478578530095,0.25297554784451537,7273,1070,19139.325396825396,,
Most Avg Losing Trade [%],AIG,SMA,16,19,0,true,false,1,536,1.0644459075695558,44.67289719626169,1.3674905113119544,0.7833521526044618,0.6304174903829471,5.004196099453473,13 days 14:13:14.018691587,0.02795291834521709,0.8518238232177994,1.7020584228848192,0.6672780255574257,0,13214,13215 days 00:00:00,1000.0,15567.087354597259,1456.7087354597259,242.61511638374395,100.0,4495.495109506589,73.80355237530199,3112 days 00:00:00,535,-15.56708735459506,71.18972677231551,-21.935987568193923,5.9840364441397735,-3.415849015223037,19 days 08:14:03.514644351,8 days 22:47:01.621621621,27.25729802233998,0.395457811042988,0.10672948272752422,1.0977109356782835,5.452287581394949,215.769604850867,1.2266683808439356,0.894871794871795,-0.019359822524834563,0.0003298617818141949,0.08312516901717712,14.567087354597257,0.053742478578530095,0.25297554784451537,7273,1070,19139.325396825396,,
Least Expectancy,AIG,SMA,16,19,0,true,false,1,536,1.0644459075695558,44.67289719626169,1.3674905113119544,0.7833521526044618,0.6304174903829471,5.004196099453473,13 days 14:13:14.018691587,0.02795291834521709,0.8518238232177994,1.7020584228848192,0.6672780255574257,0,13214,13215 days 00:00:00,1000.0,15567.087354597259,1456.7087354597259,242.61511638374395,100.0,4495.495109506589,73.80355237530199,3112 days 00:00:00,535,-15.56708735459506,71.18972677231551,-21.935987568193923,5.9840364441397735,-3.415849015223037,19 days 08:14:03.514644351,8 days 22:47:01.621621621,27.25729802233998,0.395457811042988,0.10672948272752422,1.0977109356782835,5.452287581394949,215.769604850867,1.2266683808439356,0.894871794871795,-0.019359822524834563,0.0003298617818141949,0.08312516901717712,14.567087354597257,0.053742478578530095,0.25297554784451537,7273,1070,19139.325396825396,,
Least Sharpe Ratio,AIG,SMA,16,19,0,true,false,1,536,1.0644459075695558,44.67289719626169,1.3674905113119544,0.7833521526044618,0.6304174903829471,5.004196099453473,13 days 14:13:14.018691587,0.02795291834521709,0.8518238232177994,1.7020584228848192,0.6672780255574257,0,13214,13215 days 00:00:00,1000.0,15567.087354597259,1456.7087354597259,242.61511638374395,100.0,4495.495109506589,73.80355237530199,3112 days 00:00:00,535,-15.56708735459506,71.18972677231551,-21.935987568193923,5.9840364441397735,-3.415849015223037,19 days 08:14:03.514644351,8 days 22:47:01.621621621,27.25729802233998,0.395457811042988,0.10672948272752422,1.0977109356782835,5.452287581394949,215.769604850867,1.2266683808439356,0.894871794871795,-0.019359822524834563,0.0003298617818141949,0.08312516901717712,14.567087354597257,0.053742478578530095,0.25297554784451537,7273,1070,19139.325396825396,,
Least Calmar Ratio,AIG,SMA,16,19,0,true,false,1,536,1.0644459075695558,44.67289719626169,1.3674905113119544,0.7833521526044618,0.6304174903829471,5.004196099453473,13 days 14:13:14.018691587,0.02795291834521709,0.8518238232177994,1.7020584228848192,0.6672780255574257,0,13214,13215 days 00:00:00,1000.0,15567.087354597259,1456.7087354597259,242.61511638374395,100.0,4495.495109506589,73.80355237530199,3112 days 00:00:00,535,-15.56708735459506,71.18972677231551,-21.935987568193923,5.9840364441397735,-3.415849015223037,19 days 08:14:03.514644351,8 days 22:47:01.621621621,27.25729802233998,0.395457811042988,0.10672948272752422,1.0977109356782835,5.452287581394949,215.769604850867,1.2266683808439356,0.894871794871795,-0.019359822524834563,0.0003298617818141949,0.08312516901717712,14.567087354597257,0.053742478578530095,0.25297554784451537,7273,1070,19139.325396825396,,
Most Avg Losing Trade Duration,AIG,SMA,16,19,0,true,false,1,536,1.0644459075695558,44.67289719626169,1.3674905113119544,0.7833521526044618,0.6304174903829471,5.004196099453473,13 days 14:13:14.018691587,0.02795291834521709,0.8518238232177994,1.7020584228848192,0.6672780255574257,0,13214,13215 days 00:00:00,1000.0,15567.087354597259,1456.7087354597259,242.61511638374395,100.0,4495.495109506589,73.80355237530199,3112 days 00:00:00,535,-15.56708735459506,71.18972677231551,-21.935987568193923,5.9840364441397735,-3.415849015223037,19 days 08:14:03.514644351,8 days 22:47:01.621621621,27.25729802233998,0.395457811042988,0.10672948272752422,1.0977109356782835,5.452287581394949,215.769604850867,1.2266683808439356,0.894871794871795,-0.019359822524834563,0.0003298617818141949,0.08312516901717712,14.567087354597257,0.053742478578530095,0.25297554784451537,7273,1070,19139.325396825396,,
