Metric Type,Ticker,Strategy Type,Short Window,Long Window,Signal Window,Signal Entry,Signal Exit,Total Open Trades,Total Trades,Score,Win Rate [%],Profit Factor,Expectancy per Trade,Sortino Ratio,Beats BNH [%],Avg Trade Duration,Trades Per Day,Trades per Month,Signals per Month,Expectancy per Month,Start,End,Period,Start Value,End Value,Total Return [%],Benchmark Return [%],Max Gross Exposure [%],Total Fees Paid,Max Drawdown [%],Max Drawdown Duration,Total Closed Trades,Open Trade PnL,Best Trade [%],Worst Trade [%],Avg Winning Trade [%],Avg Losing Trade [%],Avg Winning Trade Duration,Avg Losing Trade Duration,Expectancy,Sharpe Ratio,Calmar Ratio,Omega Ratio,Skew,Kurtosis,Tail Ratio,Common Sense Ratio,Value at Risk,Alpha,Beta,Daily Returns,Annual Returns,Cumulative Returns,Annualized Return,Annualized Volatility,Signal Count,Position Count,Total Period
Least Max Drawdown Duration,SPY,SMA,8,27,0,true,false,1,162,0.9670256615443312,47.82608695652174,1.6443935908331668,0.9794124901893042,0.7268224526783233,-0.7526868544429135,32 days 02:40:59.627329192,0.013690868873452599,0.41901712033501665,0.8354477152358666,0.41039060125927,0,8119,8120 days 00:00:00,1000.0,3896.173970318058,289.6173970318058,1171.0554098506434,100.0,641.0436993157673,29.39463354331166,2669 days 00:00:00,161,-3.8961739703177045,26.564380305602743,-9.123209103089922,4.95175769912071,-2.6619039513311518,51 days 06:32:43.636363636,14 days 13:08:34.285714285,18.012858039058237,0.5178623784296494,0.21446110970689186,1.1002529336258595,-0.22347710432023674,8.164313933289357,1.0066059074027216,0.5152080612054488,-0.01134114107915688,None,None,0.00019283050539343918,0.04859328735914668,2.8961739703180416,0.04311011172467483,0.11292967557668807,5171,5170,11759.662698412698
Most Total Return [%],SPY,SMA,9,27,0,true,false,1,154,0.9646058267817212,45.751633986928105,1.7968988133521435,1.0916017858459623,0.7697311981370002,-0.7212315495413382,33 days 14:54:07.058823529,0.013010577252411476,0.3983249168616825,0.7940633082891982,0.43481219059315707,0,8119,8120 days 00:00:00,1000.0,4264.533020052971,326.4533020052971,1171.0554098506434,100.0,638.4459186004782,34.45803473928144,3137 days 00:00:00,153,-4.264533020052113,26.564380305602725,-7.826213204535176,5.217225854141335,-2.3878401994633878,53 days 20:54:51.428571429,16 days 13:00:43.373493976,21.364689889366154,0.5461895669215142,0.1955003171034182,1.1067032394791387,-0.16298666242013238,8.64747129552504,1.0065327172580136,0.5123859191655802,-0.011224434349001215,None,None,0.0002041408624045418,0.05144349732594453,3.26453302005297,0.04603865985507882,0.11335305975251048,5145,5144,11759.662698412698
Most Worst Trade [%],SPY,SMA,9,27,0,true,false,1,154,0.9646058267817212,45.751633986928105,1.7968988133521435,1.0916017858459623,0.7697311981370002,-0.7212315495413382,33 days 14:54:07.058823529,0.013010577252411476,0.3983249168616825,0.7940633082891982,0.43481219059315707,0,8119,8120 days 00:00:00,1000.0,4264.533020052971,326.4533020052971,1171.0554098506434,100.0,638.4459186004782,34.45803473928144,3137 days 00:00:00,153,-4.264533020052113,26.564380305602725,-7.826213204535176,5.217225854141335,-2.3878401994633878,53 days 20:54:51.428571429,16 days 13:00:43.373493976,21.364689889366154,0.5461895669215142,0.1955003171034182,1.1067032394791387,-0.16298666242013238,8.64747129552504,1.0065327172580136,0.5123859191655802,-0.011224434349001215,None,None,0.0002041408624045418,0.05144349732594453,3.26453302005297,0.04603865985507882,0.11335305975251048,5145,5144,11759.662698412698
Most Profit Factor,SPY,SMA,9,27,0,true,false,1,154,0.9646058267817212,45.751633986928105,1.7968988133521435,1.0916017858459623,0.7697311981370002,-0.7212315495413382,33 days 14:54:07.058823529,0.013010577252411476,0.3983249168616825,0.7940633082891982,0.43481219059315707,0,8119,8120 days 00:00:00,1000.0,4264.533020052971,326.4533020052971,1171.0554098506434,100.0,638.4459186004782,34.45803473928144,3137 days 00:00:00,153,-4.264533020052113,26.564380305602725,-7.826213204535176,5.217225854141335,-2.3878401994633878,53 days 20:54:51.428571429,16 days 13:00:43.373493976,21.364689889366154,0.5461895669215142,0.1955003171034182,1.1067032394791387,-0.16298666242013238,8.64747129552504,1.0065327172580136,0.5123859191655802,-0.011224434349001215,None,None,0.0002041408624045418,0.05144349732594453,3.26453302005297,0.04603865985507882,0.11335305975251048,5145,5144,11759.662698412698
Most Expectancy,SPY,SMA,9,27,0,true,false,1,154,0.9646058267817212,45.751633986928105,1.7968988133521435,1.0916017858459623,0.7697311981370002,-0.7212315495413382,33 days 14:54:07.058823529,0.013010577252411476,0.3983249168616825,0.7940633082891982,0.43481219059315707,0,8119,8120 days 00:00:00,1000.0,4264.533020052971,326.4533020052971,1171.0554098506434,100.0,638.4459186004782,34.45803473928144,3137 days 00:00:00,153,-4.264533020052113,26.564380305602725,-7.826213204535176,5.217225854141335,-2.3878401994633878,53 days 20:54:51.428571429,16 days 13:00:43.373493976,21.364689889366154,0.5461895669215142,0.1955003171034182,1.1067032394791387,-0.16298666242013238,8.64747129552504,1.0065327172580136,0.5123859191655802,-0.011224434349001215,None,None,0.0002041408624045418,0.05144349732594453,3.26453302005297,0.04603865985507882,0.11335305975251048,5145,5144,11759.662698412698
Most Sharpe Ratio,SPY,SMA,9,27,0,true,false,1,154,0.9646058267817212,45.751633986928105,1.7968988133521435,1.0916017858459623,0.7697311981370002,-0.7212315495413382,33 days 14:54:07.058823529,0.013010577252411476,0.3983249168616825,0.7940633082891982,0.43481219059315707,0,8119,8120 days 00:00:00,1000.0,4264.533020052971,326.4533020052971,1171.0554098506434,100.0,638.4459186004782,34.45803473928144,3137 days 00:00:00,153,-4.264533020052113,26.564380305602725,-7.826213204535176,5.217225854141335,-2.3878401994633878,53 days 20:54:51.428571429,16 days 13:00:43.373493976,21.364689889366154,0.5461895669215142,0.1955003171034182,1.1067032394791387,-0.16298666242013238,8.64747129552504,1.0065327172580136,0.5123859191655802,-0.011224434349001215,None,None,0.0002041408624045418,0.05144349732594453,3.26453302005297,0.04603865985507882,0.11335305975251048,5145,5144,11759.662698412698
Most Omega Ratio,SPY,SMA,9,27,0,true,false,1,154,0.9646058267817212,45.751633986928105,1.7968988133521435,1.0916017858459623,0.7697311981370002,-0.7212315495413382,33 days 14:54:07.058823529,0.013010577252411476,0.3983249168616825,0.7940633082891982,0.43481219059315707,0,8119,8120 days 00:00:00,1000.0,4264.533020052971,326.4533020052971,1171.0554098506434,100.0,638.4459186004782,34.45803473928144,3137 days 00:00:00,153,-4.264533020052113,26.564380305602725,-7.826213204535176,5.217225854141335,-2.3878401994633878,53 days 20:54:51.428571429,16 days 13:00:43.373493976,21.364689889366154,0.5461895669215142,0.1955003171034182,1.1067032394791387,-0.16298666242013238,8.64747129552504,1.0065327172580136,0.5123859191655802,-0.011224434349001215,None,None,0.0002041408624045418,0.05144349732594453,3.26453302005297,0.04603865985507882,0.11335305975251048,5145,5144,11759.662698412698
Most Sortino Ratio,SPY,SMA,9,27,0,true,false,1,154,0.9646058267817212,45.751633986928105,1.7968988133521435,1.0916017858459623,0.7697311981370002,-0.7212315495413382,33 days 14:54:07.058823529,0.013010577252411476,0.3983249168616825,0.7940633082891982,0.43481219059315707,0,8119,8120 days 00:00:00,1000.0,4264.533020052971,326.4533020052971,1171.0554098506434,100.0,638.4459186004782,34.45803473928144,3137 days 00:00:00,153,-4.264533020052113,26.564380305602725,-7.826213204535176,5.217225854141335,-2.3878401994633878,53 days 20:54:51.428571429,16 days 13:00:43.373493976,21.364689889366154,0.5461895669215142,0.1955003171034182,1.1067032394791387,-0.16298666242013238,8.64747129552504,1.0065327172580136,0.5123859191655802,-0.011224434349001215,None,None,0.0002041408624045418,0.05144349732594453,3.26453302005297,0.04603865985507882,0.11335305975251048,5145,5144,11759.662698412698
Least Avg Losing Trade [%],SPY,SMA,11,25,0,true,false,1,160,0.9624350545031186,50.943396226415096,1.4848993090496208,0.804558778342928,0.5783025404102486,-0.8367874309217972,32 days 02:06:47.547169810,0.013520795968192318,0.4138440694666831,0.8251016134991994,0.3329618789545804,0,8119,8120 days 00:00:00,1000.0,2911.3096197465125,191.13096197465126,1171.0554098506434,100.0,561.0579105043904,35.23212931068515,3302 days 00:00:00,159,-2.9113096197461346,21.454036635006794,-11.150939483241405,4.312228606319761,-2.838021427633014,46 days 09:46:40,17 days 05:13:50.769230769,12.039125341926194,0.4179372256034575,0.13966469946478266,1.0813487338839933,-0.4845445496492599,9.338199696167674,0.9927266215517107,0.5039822189294314,-0.011361521146691289,None,None,0.0001576329897834321,0.03972351342542489,1.9113096197465298,0.033719582021148664,0.11438860402724636,5103,5102,11759.662698412698
Least Max Drawdown [%],SPY,SMA,9,26,0,true,false,1,161,0.955714728257035,46.25,1.6782213566476847,1.0289857777978373,0.7582130521658227,-0.7320444841226148,32 days 02:51:00,0.013605832420822458,0.4164305949008499,0.830274664367533,0.4285011595928671,0,8119,8120 days 00:00:00,1000.0,4137.907564675319,313.7907564675319,1171.0554098506434,100.0,701.7634100378469,28.453670601721175,2701 days 00:00:00,160,-4.137907564674606,26.767911714770808,-8.689782274181693,5.076754558260822,-2.4539780565540337,51 days 10:22:42.162162162,15 days 12:00:00,19.637784201499958,0.5370976894027559,0.2316760710237887,1.104765725262231,-0.1316520351920151,8.679554350495462,1.007109096946942,0.5118227518153045,-0.01122842504835839,None,None,0.00020031599505234421,0.05047963075319074,3.1379075646753067,0.0450605951712415,0.11311209527476884,5140,5139,11759.662698412698
Most Calmar Ratio,SPY,SMA,9,26,0,true,false,1,161,0.955714728257035,46.25,1.6782213566476847,1.0289857777978373,0.7582130521658227,-0.7320444841226148,32 days 02:51:00,0.013605832420822458,0.4164305949008499,0.830274664367533,0.4285011595928671,0,8119,8120 days 00:00:00,1000.0,4137.907564675319,313.7907564675319,1171.0554098506434,100.0,701.7634100378469,28.453670601721175,2701 days 00:00:00,160,-4.137907564674606,26.767911714770808,-8.689782274181693,5.076754558260822,-2.4539780565540337,51 days 10:22:42.162162162,15 days 12:00:00,19.637784201499958,0.5370976894027559,0.2316760710237887,1.104765725262231,-0.1316520351920151,8.679554350495462,1.007109096946942,0.5118227518153045,-0.01122842504835839,None,None,0.00020031599505234421,0.05047963075319074,3.1379075646753067,0.0450605951712415,0.11311209527476884,5140,5139,11759.662698412698
Most Win Rate [%],SPY,SMA,18,20,0,true,false,1,332,0.9204733398893072,51.66163141993958,1.260017881694945,0.3560853071494745,0.5189793557256159,-0.8617672097088012,15 days 00:47:51.299093655,0.02814706582057646,0.8587264441433675,1.7148663628525682,0.30577986962016707,0,8119,8120 days 00:00:00,1000.0,2618.7825688925795,161.87825688925793,1171.0554098506434,100.0,1178.4072489511116,40.374386840130086,4449 days 00:00:00,331,-2.6187825688921293,21.093507554103727,-9.2251472042401,2.6891955137547865,-2.137426226159953,20 days 06:44:12.631578947,9 days 10:12:00,4.898493508947052,0.37530670996377535,0.10953603033677911,1.0741097289294734,-0.5124303598198131,11.028124859494813,1.0511276513960661,0.4882697947214077,-0.011707411576498671,None,None,0.0001464174824226413,0.03689720557050561,1.6187825688925659,0.030327994348256393,0.11831867802780599,4977,4976,11759.662698412698
Most Avg Losing Trade Duration,SPY,SMA,18,20,0,true,false,1,332,0.9204733398893072,51.66163141993958,1.260017881694945,0.3560853071494745,0.5189793557256159,-0.8617672097088012,15 days 00:47:51.299093655,0.02814706582057646,0.8587264441433675,1.7148663628525682,0.30577986962016707,0,8119,8120 days 00:00:00,1000.0,2618.7825688925795,161.87825688925793,1171.0554098506434,100.0,1178.4072489511116,40.374386840130086,4449 days 00:00:00,331,-2.6187825688921293,21.093507554103727,-9.2251472042401,2.6891955137547865,-2.137426226159953,20 days 06:44:12.631578947,9 days 10:12:00,4.898493508947052,0.37530670996377535,0.10953603033677911,1.0741097289294734,-0.5124303598198131,11.028124859494813,1.0511276513960661,0.4882697947214077,-0.011707411576498671,None,None,0.0001464174824226413,0.03689720557050561,1.6187825688925659,0.030327994348256393,0.11831867802780599,4977,4976,11759.662698412698
Mean Sharpe Ratio,SPY,SMA,11,26,0,true,false,1,157,0.9065066835187279,48.07692307692308,1.472876836274474,0.7831206050991399,0.5538558008146736,-0.8491072397942668,32 days 21:04:36.923076922,0.013265686610301896,0.4060844931641828,0.8095824608941988,0.31801313400811243,0,8119,8120 days 00:00:00,1000.0,2767.0378314621976,176.70378314621976,1171.0554098506434,100.0,522.673757204503,36.78811061907017,4426 days 00:00:00,156,-2.7670378314619484,21.996234735413843,-11.150939483241407,4.574793244419906,-2.7276873942719404,50 days 16:38:24,16 days 09:11:06.666666666,11.34490300829269,0.4009140555272213,0.12724902692753534,1.0776890087354167,-0.4914602757127303,9.277989339714463,0.9874876991592415,0.5081723625557206,-0.011341141079156805,None,None,0.0001514589023149406,0.038167643383365035,1.7670378314621984,0.03209033210389056,0.11457509480909156,5130,5129,11759.662698412698
Mean Calmar Ratio,SPY,SMA,11,26,0,true,false,1,157,0.9065066835187279,48.07692307692308,1.472876836274474,0.7831206050991399,0.5538558008146736,-0.8491072397942668,32 days 21:04:36.923076922,0.013265686610301896,0.4060844931641828,0.8095824608941988,0.31801313400811243,0,8119,8120 days 00:00:00,1000.0,2767.0378314621976,176.70378314621976,1171.0554098506434,100.0,522.673757204503,36.78811061907017,4426 days 00:00:00,156,-2.7670378314619484,21.996234735413843,-11.150939483241407,4.574793244419906,-2.7276873942719404,50 days 16:38:24,16 days 09:11:06.666666666,11.34490300829269,0.4009140555272213,0.12724902692753534,1.0776890087354167,-0.4914602757127303,9.277989339714463,0.9874876991592415,0.5081723625557206,-0.011341141079156805,None,None,0.0001514589023149406,0.038167643383365035,1.7670378314621984,0.03209033210389056,0.11457509480909156,5130,5129,11759.662698412698
Mean Sortino Ratio,SPY,SMA,11,26,0,true,false,1,157,0.9065066835187279,48.07692307692308,1.472876836274474,0.7831206050991399,0.5538558008146736,-0.8491072397942668,32 days 21:04:36.923076922,0.013265686610301896,0.4060844931641828,0.8095824608941988,0.31801313400811243,0,8119,8120 days 00:00:00,1000.0,2767.0378314621976,176.70378314621976,1171.0554098506434,100.0,522.673757204503,36.78811061907017,4426 days 00:00:00,156,-2.7670378314619484,21.996234735413843,-11.150939483241407,4.574793244419906,-2.7276873942719404,50 days 16:38:24,16 days 09:11:06.666666666,11.34490300829269,0.4009140555272213,0.12724902692753534,1.0776890087354167,-0.4914602757127303,9.277989339714463,0.9874876991592415,0.5081723625557206,-0.011341141079156805,None,None,0.0001514589023149406,0.038167643383365035,1.7670378314621984,0.03209033210389056,0.11457509480909156,5130,5129,11759.662698412698
Mean Total Return [%],SPY,SMA,16,24,0,true,false,1,172,0.8908548035619089,47.368421052631575,1.4414942336689438,0.7143596980477127,0.5601633221848302,-0.8471673642786607,29 days 13:19:59.999999999,0.014541233399754003,0.44488237467668434,0.887178223919202,0.3178060388407856,0,8119,8120 days 00:00:00,1000.0,2789.75484863207,178.97548486320701,1171.0554098506434,100.0,598.3661601006783,39.83471228917337,4247 days 00:00:00,171,-2.7897548486316737,21.18293758480327,-9.435083938922839,4.349909330404831,-2.5576349710736928,45 days 04:08:53.333333333,15 days 12:00:00,10.482716979419315,0.4038323915606947,0.11848289833160551,1.078502287976909,-0.4538443586823114,9.07238356301863,0.9998907415122428,0.4951206039403424,-0.011483149061323408,None,None,0.00015240884959165601,0.03840703009709732,1.7897548486320503,0.03235225704262801,0.11446052580939742,5055,5054,11759.662698412698
Mean Total Trades,SPY,SMA,16,24,0,true,false,1,172,0.8908548035619089,47.368421052631575,1.4414942336689438,0.7143596980477127,0.5601633221848302,-0.8471673642786607,29 days 13:19:59.999999999,0.014541233399754003,0.44488237467668434,0.887178223919202,0.3178060388407856,0,8119,8120 days 00:00:00,1000.0,2789.75484863207,178.97548486320701,1171.0554098506434,100.0,598.3661601006783,39.83471228917337,4247 days 00:00:00,171,-2.7897548486316737,21.18293758480327,-9.435083938922839,4.349909330404831,-2.5576349710736928,45 days 04:08:53.333333333,15 days 12:00:00,10.482716979419315,0.4038323915606947,0.11848289833160551,1.078502287976909,-0.4538443586823114,9.07238356301863,0.9998907415122428,0.4951206039403424,-0.011483149061323408,None,None,0.00015240884959165601,0.03840703009709732,1.7897548486320503,0.03235225704262801,0.11446052580939742,5055,5054,11759.662698412698
Mean Omega Ratio,SPY,SMA,15,24,0,true,false,1,169,0.8813498843914107,47.023809523809526,1.4252181602594902,0.7157444316611292,0.5477470548266089,-0.852590464244791,30 days 04:34:17.142857141,0.014286124041863581,0.43712279837418405,0.8716590713142013,0.31286820888845274,0,8119,8120 days 00:00:00,1000.0,2726.247343097093,172.62473430970934,1171.0554098506434,100.0,572.5551963711277,34.51752602916635,3303 days 00:00:00,168,-2.7262473430969294,21.306485568760635,-9.972769972006073,4.486557655476364,-2.6313819130737426,45 days 09:06:50.126582278,16 days 16:59:19.550561797,10.291509466905886,0.3966975780812828,0.1335956628741604,1.0770661622020017,-0.5428476016569083,9.421918568493417,1.000304208548403,0.4964983413195724,-0.011239295112503449,None,None,0.00014951335745417758,0.03767736607845275,1.7262473430970888,0.03161474849386958,0.11430550525125718,5073,5072,11759.662698412698
Median Calmar Ratio,SPY,SMA,14,24,0,true,false,1,171,0.8810346435639732,47.647058823529406,1.3887946059579015,0.6821087064705329,0.5257986063226765,-0.8643754528882227,29 days 18:21:10.588235293,0.014456196947123861,0.4422958492425176,0.8820051730508683,0.3016938496040995,0,8119,8120 days 00:00:00,1000.0,2588.2385960379033,158.82385960379034,1171.0554098506434,100.0,571.1169814682692,35.78577971453677,4248 days 00:00:00,170,-2.588238596037627,21.306485568760618,-11.219565127852553,4.3506154231208924,-2.6566445974472086,44 days 01:28:53.333333333,16 days 18:04:02.696629213,9.357804909611417,0.38100374259408115,0.12204278595247726,1.0738099870514255,-0.5190871039379518,8.706853138222105,0.9971377975706215,0.4951206039403424,-0.011341141079156925,None,None,0.00014283607509714142,0.03599469092447964,1.5882385960378969,0.029952924536470693,0.11369866589316487,5061,5060,11759.662698412698
Most Best Trade [%],SPY,SMA,8,28,0,true,false,1,163,0.8780110863184846,43.82716049382716,1.5528978059017269,0.8765039388580154,0.6471698830048056,-0.8056599230136368,31 days 22:04:26.666666665,0.013775905326082739,0.4216036457691834,0.8406207661042001,0.3695372561535887,0,8119,8120 days 00:00:00,1000.0,3275.8299850567114,227.58299850567113,1171.0554098506434,100.0,571.8519474716294,30.656527432412407,2787 days 00:00:00,162,-3.2758299850561343,33.34876061120544,-9.123209103089911,5.2689743216443645,-2.5505883378214427,53 days 15:32:57.464788733,14 days 23:12:31.648351648,14.068554413838076,0.46297702133390334,0.17870685826659044,1.088804165727932,-0.242517585379277,7.946188578733882,0.9976759909876546,0.5149253731343283,-0.011368039691931914,None,None,0.00017109042853824863,0.043114787991638655,2.2758299850567107,0.03751105194600779,0.11207609230910959,5172,5171,11759.662698412698
Median Total Return [%],SPY,SMA,16,22,0,true,false,1,204,0.8773738989578815,47.783251231527096,1.360128179570032,0.5885894913175089,0.5309783656994612,-0.8586747896367353,24 days 18:19:30.443349753,0.017262399883918495,0.527651188570021,1.0527158517058752,0.3105699446735077,0,8119,8120 days 00:00:00,1000.0,2654.9965214418135,165.49965214418137,1171.0554098506434,100.0,673.5934069998154,42.737135876926224,4447 days 00:00:00,203,-2.654996521441717,22.92915475704371,-9.435083938922842,4.0186217324978015,-2.5502135973097397,37 days 11:08:02.474226804,13 days 03:23:46.415094339,8.165771024449544,0.3838558948454573,0.10498912731376582,1.0752687413083422,-0.5249123066175413,10.325241276002348,1.0133191018913963,0.49072884156416374,-0.011502671530644026,None,None,0.00014714834455523376,0.03708138282791891,1.6549965214417917,0.03076723586613417,0.1162609503742388,5028,5027,11759.662698412698
Mean Avg Losing Trade [%],SPY,SMA,16,22,0,true,false,1,204,0.8773738989578815,47.783251231527096,1.360128179570032,0.5885894913175089,0.5309783656994612,-0.8586747896367353,24 days 18:19:30.443349753,0.017262399883918495,0.527651188570021,1.0527158517058752,0.3105699446735077,0,8119,8120 days 00:00:00,1000.0,2654.9965214418135,165.49965214418137,1171.0554098506434,100.0,673.5934069998154,42.737135876926224,4447 days 00:00:00,203,-2.654996521441717,22.92915475704371,-9.435083938922842,4.0186217324978015,-2.5502135973097397,37 days 11:08:02.474226804,13 days 03:23:46.415094339,8.165771024449544,0.3838558948454573,0.10498912731376582,1.0752687413083422,-0.5249123066175413,10.325241276002348,1.0133191018913963,0.49072884156416374,-0.011502671530644026,None,None,0.00014714834455523376,0.03708138282791891,1.6549965214417917,0.03076723586613417,0.1162609503742388,5028,5027,11759.662698412698
Median Avg Losing Trade [%],SPY,SMA,16,22,0,true,false,1,204,0.8773738989578815,47.783251231527096,1.360128179570032,0.5885894913175089,0.5309783656994612,-0.8586747896367353,24 days 18:19:30.443349753,0.017262399883918495,0.527651188570021,1.0527158517058752,0.3105699446735077,0,8119,8120 days 00:00:00,1000.0,2654.9965214418135,165.49965214418137,1171.0554098506434,100.0,673.5934069998154,42.737135876926224,4447 days 00:00:00,203,-2.654996521441717,22.92915475704371,-9.435083938922842,4.0186217324978015,-2.5502135973097397,37 days 11:08:02.474226804,13 days 03:23:46.415094339,8.165771024449544,0.3838558948454573,0.10498912731376582,1.0752687413083422,-0.5249123066175413,10.325241276002348,1.0133191018913963,0.49072884156416374,-0.011502671530644026,None,None,0.00014714834455523376,0.03708138282791891,1.6549965214417917,0.03076723586613417,0.1162609503742388,5028,5027,11759.662698412698
Median Total Fees Paid,SPY,SMA,10,26,0,true,false,1,156,0.8692634790641451,44.516129032258064,1.5158760676134224,0.8428609670133289,0.5905215152242695,-0.8304250986751284,33 days 01:32:54.193548387,0.013180650157671756,0.40349796773001606,0.8044094100258653,0.3400926872688343,0,8119,8120 days 00:00:00,1000.0,2985.8160557138003,198.58160557138004,1171.0554098506434,100.0,553.6003602073048,35.217231043856515,3305 days 00:00:00,155,-2.985816055713258,27.174974533106983,-8.637718478121839,5.037210129105588,-2.5223726630374363,52 days 18:05:13.043478261,17 days 06:25:06.976744186,12.830979817867831,0.42641704163371447,0.14310985315572894,1.0827867429313192,-0.45383452342729946,9.04311434192525,0.9886313739807656,0.5084525357607282,-0.011414887035779597,None,None,0.00016069828019540334,0.04049596660924164,1.9858160557137885,0.03453058803387621,0.1142939859338266,5126,5125,11759.662698412698
Mean Total Fees Paid,SPY,SMA,13,25,0,true,false,1,163,0.8606304131512571,45.67901234567901,1.410171198971206,0.7371030548632163,0.5451742255723587,-0.8544164067097408,31 days 09:37:46.666666666,0.013775905326082739,0.4216036457691834,0.8406207661042001,0.31076533523793437,0,8119,8120 days 00:00:00,1000.0,2704.864545080539,170.48645450805387,1171.0554098506434,100.0,589.6752636107598,35.57139212544405,3297 days 00:00:00,162,-2.7048645450804543,21.318487109905032,-11.99605221857674,4.602692683859318,-2.5135064058835064,48 days 14:35:40.540540540,16 days 22:21:49.090909091,10.540551911269255,0.39521406923610003,0.12859690320188744,1.076544247616483,-0.5379834142422727,8.833728862718534,0.992693809725346,0.5006468305304009,-0.011244138698883598,None,None,0.00014832201088553308,0.03737714674315434,1.7048645450805338,0.031362680901349194,0.11382034843931242,5088,5087,11759.662698412698
Median Expectancy,SPY,SMA,13,25,0,true,false,1,163,0.8606304131512571,45.67901234567901,1.410171198971206,0.7371030548632163,0.5451742255723587,-0.8544164067097408,31 days 09:37:46.666666666,0.013775905326082739,0.4216036457691834,0.8406207661042001,0.31076533523793437,0,8119,8120 days 00:00:00,1000.0,2704.864545080539,170.48645450805387,1171.0554098506434,100.0,589.6752636107598,35.57139212544405,3297 days 00:00:00,162,-2.7048645450804543,21.318487109905032,-11.99605221857674,4.602692683859318,-2.5135064058835064,48 days 14:35:40.540540540,16 days 22:21:49.090909091,10.540551911269255,0.39521406923610003,0.12859690320188744,1.076544247616483,-0.5379834142422727,8.833728862718534,0.992693809725346,0.5006468305304009,-0.011244138698883598,None,None,0.00014832201088553308,0.03737714674315434,1.7048645450805338,0.031362680901349194,0.11382034843931242,5088,5087,11759.662698412698
Median Sharpe Ratio,SPY,SMA,13,25,0,true,false,1,163,0.8606304131512571,45.67901234567901,1.410171198971206,0.7371030548632163,0.5451742255723587,-0.8544164067097408,31 days 09:37:46.666666666,0.013775905326082739,0.4216036457691834,0.8406207661042001,0.31076533523793437,0,8119,8120 days 00:00:00,1000.0,2704.864545080539,170.48645450805387,1171.0554098506434,100.0,589.6752636107598,35.57139212544405,3297 days 00:00:00,162,-2.7048645450804543,21.318487109905032,-11.99605221857674,4.602692683859318,-2.5135064058835064,48 days 14:35:40.540540540,16 days 22:21:49.090909091,10.540551911269255,0.39521406923610003,0.12859690320188744,1.076544247616483,-0.5379834142422727,8.833728862718534,0.992693809725346,0.5006468305304009,-0.011244138698883598,None,None,0.00014832201088553308,0.03737714674315434,1.7048645450805338,0.031362680901349194,0.11382034843931242,5088,5087,11759.662698412698
Median Omega Ratio,SPY,SMA,13,25,0,true,false,1,163,0.8606304131512571,45.67901234567901,1.410171198971206,0.7371030548632163,0.5451742255723587,-0.8544164067097408,31 days 09:37:46.666666666,0.013775905326082739,0.4216036457691834,0.8406207661042001,0.31076533523793437,0,8119,8120 days 00:00:00,1000.0,2704.864545080539,170.48645450805387,1171.0554098506434,100.0,589.6752636107598,35.57139212544405,3297 days 00:00:00,162,-2.7048645450804543,21.318487109905032,-11.99605221857674,4.602692683859318,-2.5135064058835064,48 days 14:35:40.540540540,16 days 22:21:49.090909091,10.540551911269255,0.39521406923610003,0.12859690320188744,1.076544247616483,-0.5379834142422727,8.833728862718534,0.992693809725346,0.5006468305304009,-0.011244138698883598,None,None,0.00014832201088553308,0.03737714674315434,1.7048645450805338,0.031362680901349194,0.11382034843931242,5088,5087,11759.662698412698
Median Sortino Ratio,SPY,SMA,8,29,0,true,false,1,156,0.8501066017748886,44.516129032258064,1.4579040298487345,0.7760882684082822,0.5435466353720758,-0.8594521177566133,33 days 09:54:34.838709676,0.013180650157671756,0.40349796773001606,0.8044094100258653,0.3131500390818491,0,8119,8120 days 00:00:00,1000.0,2645.893578441692,164.58935784416923,1171.0554098506434,100.0,470.6458022620831,39.375315804444,4424 days 00:00:00,155,-2.645893578441246,33.213073005093406,-9.123209103089913,5.177530367459567,-2.7553013226910035,54 days 17:23:28.695652174,16 days 07:32:05.581395348,10.635738529162154,0.3914283618854136,0.11354333843602812,1.0745072516251035,-0.2875423651105076,7.861258049493931,0.9857114367028369,0.514642790524156,-0.011452004434335252,None,None,0.00014486701904719852,0.03650648879989403,1.6458935784417132,0.030657374393161962,0.1122442069860033,5180,5179,11759.662698412698
Mean Win Rate [%],SPY,SMA,8,30,0,true,false,1,154,0.8459073966222933,45.09803921568628,1.438782387907438,0.7273360743386112,0.5080708599229642,-0.8753130038097018,33 days 21:48:14.117647058,0.013010577252411476,0.3983249168616825,0.7940633082891982,0.28971608134142984,0,8119,8120 days 00:00:00,1000.0,2460.153814266754,146.0153814266754,1171.0554098506434,100.0,450.8951704300743,38.48656934651608,4592 days 00:00:00,153,-2.460153814266505,33.2130730050934,-9.399371676880813,4.894611029776153,-2.695782639056512,55 days 16:00:00,16 days 00:51:25.714285714,9.559568418830203,0.36901059155935256,0.10729878722313856,1.0697589198950745,-0.4481380459313427,6.873389914999474,0.9799672884132837,0.5160567587752054,-0.011414887035779551,None,None,0.00013554614958995032,0.03415762969666748,1.4601538142667545,0.028331907664153055,0.11140253056051451,5189,5188,11759.662698412698
Median Win Rate [%],SPY,SMA,8,30,0,true,false,1,154,0.8459073966222933,45.09803921568628,1.438782387907438,0.7273360743386112,0.5080708599229642,-0.8753130038097018,33 days 21:48:14.117647058,0.013010577252411476,0.3983249168616825,0.7940633082891982,0.28971608134142984,0,8119,8120 days 00:00:00,1000.0,2460.153814266754,146.0153814266754,1171.0554098506434,100.0,450.8951704300743,38.48656934651608,4592 days 00:00:00,153,-2.460153814266505,33.2130730050934,-9.399371676880813,4.894611029776153,-2.695782639056512,55 days 16:00:00,16 days 00:51:25.714285714,9.559568418830203,0.36901059155935256,0.10729878722313856,1.0697589198950745,-0.4481380459313427,6.873389914999474,0.9799672884132837,0.5160567587752054,-0.011414887035779551,None,None,0.00013554614958995032,0.03415762969666748,1.4601538142667545,0.028331907664153055,0.11140253056051451,5189,5188,11759.662698412698
Median Worst Trade [%],SPY,SMA,8,30,0,true,false,1,154,0.8459073966222933,45.09803921568628,1.438782387907438,0.7273360743386112,0.5080708599229642,-0.8753130038097018,33 days 21:48:14.117647058,0.013010577252411476,0.3983249168616825,0.7940633082891982,0.28971608134142984,0,8119,8120 days 00:00:00,1000.0,2460.153814266754,146.0153814266754,1171.0554098506434,100.0,450.8951704300743,38.48656934651608,4592 days 00:00:00,153,-2.460153814266505,33.2130730050934,-9.399371676880813,4.894611029776153,-2.695782639056512,55 days 16:00:00,16 days 00:51:25.714285714,9.559568418830203,0.36901059155935256,0.10729878722313856,1.0697589198950745,-0.4481380459313427,6.873389914999474,0.9799672884132837,0.5160567587752054,-0.011414887035779551,None,None,0.00013554614958995032,0.03415762969666748,1.4601538142667545,0.028331907664153055,0.11140253056051451,5189,5188,11759.662698412698
Mean Avg Winning Trade [%],SPY,SMA,8,30,0,true,false,1,154,0.8459073966222933,45.09803921568628,1.438782387907438,0.7273360743386112,0.5080708599229642,-0.8753130038097018,33 days 21:48:14.117647058,0.013010577252411476,0.3983249168616825,0.7940633082891982,0.28971608134142984,0,8119,8120 days 00:00:00,1000.0,2460.153814266754,146.0153814266754,1171.0554098506434,100.0,450.8951704300743,38.48656934651608,4592 days 00:00:00,153,-2.460153814266505,33.2130730050934,-9.399371676880813,4.894611029776153,-2.695782639056512,55 days 16:00:00,16 days 00:51:25.714285714,9.559568418830203,0.36901059155935256,0.10729878722313856,1.0697589198950745,-0.4481380459313427,6.873389914999474,0.9799672884132837,0.5160567587752054,-0.011414887035779551,None,None,0.00013554614958995032,0.03415762969666748,1.4601538142667545,0.028331907664153055,0.11140253056051451,5189,5188,11759.662698412698
Least Total Return [%],SPY,SMA,17,20,0,true,false,1,279,0.8371209812048811,48.561151079136685,1.2015008313834712,0.33992265881016626,0.41510825788524935,-0.9084831966794334,18 days 00:20:43.165467625,0.023640133831179022,0.7216405961325287,1.4406946668308906,0.24530199014272255,0,8119,8120 days 00:00:00,1000.0,2071.7124762078665,107.17124762078667,1171.0554098506434,100.0,885.4213595107886,45.63615784562596,5136 days 00:00:00,278,-2.071712476207722,21.09350755410373,-9.726520250634549,3.13429799625726,-2.298123988430096,26 days 05:52:00,10 days 05:52:26.853146853,3.8625330528204103,0.3015909730652661,0.07293099514405894,1.0589625290526137,-0.579399895403288,10.708300479769534,1.0354211616019298,0.4855470179290157,-0.01165124096003432,None,None,0.00011748116595050946,0.029605253819528384,1.0717124762078831,0.022862181958108296,0.11813990360848847,5009,5008,11759.662698412698
Most Max Drawdown [%],SPY,SMA,17,20,0,true,false,1,279,0.8371209812048811,48.561151079136685,1.2015008313834712,0.33992265881016626,0.41510825788524935,-0.9084831966794334,18 days 00:20:43.165467625,0.023640133831179022,0.7216405961325287,1.4406946668308906,0.24530199014272255,0,8119,8120 days 00:00:00,1000.0,2071.7124762078665,107.17124762078667,1171.0554098506434,100.0,885.4213595107886,45.63615784562596,5136 days 00:00:00,278,-2.071712476207722,21.09350755410373,-9.726520250634549,3.13429799625726,-2.298123988430096,26 days 05:52:00,10 days 05:52:26.853146853,3.8625330528204103,0.3015909730652661,0.07293099514405894,1.0589625290526137,-0.579399895403288,10.708300479769534,1.0354211616019298,0.4855470179290157,-0.01165124096003432,None,None,0.00011748116595050946,0.029605253819528384,1.0717124762078831,0.022862181958108296,0.11813990360848847,5009,5008,11759.662698412698
Least Sharpe Ratio,SPY,SMA,17,20,0,true,false,1,279,0.8371209812048811,48.561151079136685,1.2015008313834712,0.33992265881016626,0.41510825788524935,-0.9084831966794334,18 days 00:20:43.165467625,0.023640133831179022,0.7216405961325287,1.4406946668308906,0.24530199014272255,0,8119,8120 days 00:00:00,1000.0,2071.7124762078665,107.17124762078667,1171.0554098506434,100.0,885.4213595107886,45.63615784562596,5136 days 00:00:00,278,-2.071712476207722,21.09350755410373,-9.726520250634549,3.13429799625726,-2.298123988430096,26 days 05:52:00,10 days 05:52:26.853146853,3.8625330528204103,0.3015909730652661,0.07293099514405894,1.0589625290526137,-0.579399895403288,10.708300479769534,1.0354211616019298,0.4855470179290157,-0.01165124096003432,None,None,0.00011748116595050946,0.029605253819528384,1.0717124762078831,0.022862181958108296,0.11813990360848847,5009,5008,11759.662698412698
Least Calmar Ratio,SPY,SMA,17,20,0,true,false,1,279,0.8371209812048811,48.561151079136685,1.2015008313834712,0.33992265881016626,0.41510825788524935,-0.9084831966794334,18 days 00:20:43.165467625,0.023640133831179022,0.7216405961325287,1.4406946668308906,0.24530199014272255,0,8119,8120 days 00:00:00,1000.0,2071.7124762078665,107.17124762078667,1171.0554098506434,100.0,885.4213595107886,45.63615784562596,5136 days 00:00:00,278,-2.071712476207722,21.09350755410373,-9.726520250634549,3.13429799625726,-2.298123988430096,26 days 05:52:00,10 days 05:52:26.853146853,3.8625330528204103,0.3015909730652661,0.07293099514405894,1.0589625290526137,-0.579399895403288,10.708300479769534,1.0354211616019298,0.4855470179290157,-0.01165124096003432,None,None,0.00011748116595050946,0.029605253819528384,1.0717124762078831,0.022862181958108296,0.11813990360848847,5009,5008,11759.662698412698
Least Omega Ratio,SPY,SMA,17,20,0,true,false,1,279,0.8371209812048811,48.561151079136685,1.2015008313834712,0.33992265881016626,0.41510825788524935,-0.9084831966794334,18 days 00:20:43.165467625,0.023640133831179022,0.7216405961325287,1.4406946668308906,0.24530199014272255,0,8119,8120 days 00:00:00,1000.0,2071.7124762078665,107.17124762078667,1171.0554098506434,100.0,885.4213595107886,45.63615784562596,5136 days 00:00:00,278,-2.071712476207722,21.09350755410373,-9.726520250634549,3.13429799625726,-2.298123988430096,26 days 05:52:00,10 days 05:52:26.853146853,3.8625330528204103,0.3015909730652661,0.07293099514405894,1.0589625290526137,-0.579399895403288,10.708300479769534,1.0354211616019298,0.4855470179290157,-0.01165124096003432,None,None,0.00011748116595050946,0.029605253819528384,1.0717124762078831,0.022862181958108296,0.11813990360848847,5009,5008,11759.662698412698
Least Sortino Ratio,SPY,SMA,17,20,0,true,false,1,279,0.8371209812048811,48.561151079136685,1.2015008313834712,0.33992265881016626,0.41510825788524935,-0.9084831966794334,18 days 00:20:43.165467625,0.023640133831179022,0.7216405961325287,1.4406946668308906,0.24530199014272255,0,8119,8120 days 00:00:00,1000.0,2071.7124762078665,107.17124762078667,1171.0554098506434,100.0,885.4213595107886,45.63615784562596,5136 days 00:00:00,278,-2.071712476207722,21.09350755410373,-9.726520250634549,3.13429799625726,-2.298123988430096,26 days 05:52:00,10 days 05:52:26.853146853,3.8625330528204103,0.3015909730652661,0.07293099514405894,1.0589625290526137,-0.579399895403288,10.708300479769534,1.0354211616019298,0.4855470179290157,-0.01165124096003432,None,None,0.00011748116595050946,0.029605253819528384,1.0717124762078831,0.022862181958108296,0.11813990360848847,5009,5008,11759.662698412698
Least Avg Losing Trade Duration,SPY,SMA,17,20,0,true,false,1,279,0.8371209812048811,48.561151079136685,1.2015008313834712,0.33992265881016626,0.41510825788524935,-0.9084831966794334,18 days 00:20:43.165467625,0.023640133831179022,0.7216405961325287,1.4406946668308906,0.24530199014272255,0,8119,8120 days 00:00:00,1000.0,2071.7124762078665,107.17124762078667,1171.0554098506434,100.0,885.4213595107886,45.63615784562596,5136 days 00:00:00,278,-2.071712476207722,21.09350755410373,-9.726520250634549,3.13429799625726,-2.298123988430096,26 days 05:52:00,10 days 05:52:26.853146853,3.8625330528204103,0.3015909730652661,0.07293099514405894,1.0589625290526137,-0.579399895403288,10.708300479769534,1.0354211616019298,0.4855470179290157,-0.01165124096003432,None,None,0.00011748116595050946,0.029605253819528384,1.0717124762078831,0.022862181958108296,0.11813990360848847,5009,5008,11759.662698412698
Median Max Drawdown [%],SPY,SMA,8,31,0,true,false,1,152,0.8307976864542505,45.033112582781456,1.3857092868658676,0.6953457155412708,0.47347919197570887,-0.8885511517455696,34 days 09:32:11.125827814,0.012840504347151196,0.39315186599334895,0.7837172065525312,0.273376465575531,0,8119,8120 days 00:00:00,1000.0,2305.127766699742,130.5127766699742,1171.0554098506434,100.0,438.12702686616467,36.650839409429146,4646 days 00:00:00,151,-2.30512776669957,29.959769335142482,-9.399371676880813,4.942767056833356,-2.784469359252244,56 days 13:45:52.941176470,16 days 05:29:38.313253012,8.658495989843992,0.34544789031701895,0.10437280962157348,1.0654051813300183,-0.5596814821516298,8.019367238302571,0.9782602045002698,0.5157737539667725,-0.011434205940537952,None,None,0.00012796283981938384,0.03224663563448473,1.3051277666997363,0.026256809470385445,0.1123435200541595,5195,5194,11759.662698412698
Most Total Fees Paid,SPY,SMA,18,19,0,true,false,1,475,0.8275170327725107,48.10126582278481,1.200274870341257,0.20716047957606532,0.4332455962203068,-0.9009776263812662,10 days 11:23:32.658227847,0.04030727854668653,1.2285995812292154,2.4546126370242645,0.25451727845439726,0,8119,8120 days 00:00:00,1000.0,2159.606863224698,115.96068632246978,1171.0554098506434,100.0,1336.912707368994,44.69981937953609,5001 days 00:00:00,474,-2.159606863224326,20.93269230769233,-9.701496564835015,2.1940295310481948,-1.6343279095932257,14 days 20:50:31.578947368,6 days 09:39:30.731707317,2.450984114109529,0.31271566869825346,0.07878019165689952,1.061845084599635,-0.3695012694528198,15.0832033692237,1.1113174124048362,0.48175182481751827,-0.011461066977700607,None,None,0.00012321583927976933,0.031050391498501872,1.1596068632246914,0.0241820164873634,0.11949881535691922,4966,4965,11759.662698412698
Most Total Trades,SPY,SMA,18,19,0,true,false,1,475,0.8275170327725107,48.10126582278481,1.200274870341257,0.20716047957606532,0.4332455962203068,-0.9009776263812662,10 days 11:23:32.658227847,0.04030727854668653,1.2285995812292154,2.4546126370242645,0.25451727845439726,0,8119,8120 days 00:00:00,1000.0,2159.606863224698,115.96068632246978,1171.0554098506434,100.0,1336.912707368994,44.69981937953609,5001 days 00:00:00,474,-2.159606863224326,20.93269230769233,-9.701496564835015,2.1940295310481948,-1.6343279095932257,14 days 20:50:31.578947368,6 days 09:39:30.731707317,2.450984114109529,0.31271566869825346,0.07878019165689952,1.061845084599635,-0.3695012694528198,15.0832033692237,1.1113174124048362,0.48175182481751827,-0.011461066977700607,None,None,0.00012321583927976933,0.031050391498501872,1.1596068632246914,0.0241820164873634,0.11949881535691922,4966,4965,11759.662698412698
Least Best Trade [%],SPY,SMA,18,19,0,true,false,1,475,0.8275170327725107,48.10126582278481,1.200274870341257,0.20716047957606532,0.4332455962203068,-0.9009776263812662,10 days 11:23:32.658227847,0.04030727854668653,1.2285995812292154,2.4546126370242645,0.25451727845439726,0,8119,8120 days 00:00:00,1000.0,2159.606863224698,115.96068632246978,1171.0554098506434,100.0,1336.912707368994,44.69981937953609,5001 days 00:00:00,474,-2.159606863224326,20.93269230769233,-9.701496564835015,2.1940295310481948,-1.6343279095932257,14 days 20:50:31.578947368,6 days 09:39:30.731707317,2.450984114109529,0.31271566869825346,0.07878019165689952,1.061845084599635,-0.3695012694528198,15.0832033692237,1.1113174124048362,0.48175182481751827,-0.011461066977700607,None,None,0.00012321583927976933,0.031050391498501872,1.1596068632246914,0.0241820164873634,0.11949881535691922,4966,4965,11759.662698412698
Mean Worst Trade [%],SPY,SMA,18,19,0,true,false,1,475,0.8275170327725107,48.10126582278481,1.200274870341257,0.20716047957606532,0.4332455962203068,-0.9009776263812662,10 days 11:23:32.658227847,0.04030727854668653,1.2285995812292154,2.4546126370242645,0.25451727845439726,0,8119,8120 days 00:00:00,1000.0,2159.606863224698,115.96068632246978,1171.0554098506434,100.0,1336.912707368994,44.69981937953609,5001 days 00:00:00,474,-2.159606863224326,20.93269230769233,-9.701496564835015,2.1940295310481948,-1.6343279095932257,14 days 20:50:31.578947368,6 days 09:39:30.731707317,2.450984114109529,0.31271566869825346,0.07878019165689952,1.061845084599635,-0.3695012694528198,15.0832033692237,1.1113174124048362,0.48175182481751827,-0.011461066977700607,None,None,0.00012321583927976933,0.031050391498501872,1.1596068632246914,0.0241820164873634,0.11949881535691922,4966,4965,11759.662698412698
Least Avg Winning Trade [%],SPY,SMA,18,19,0,true,false,1,475,0.8275170327725107,48.10126582278481,1.200274870341257,0.20716047957606532,0.4332455962203068,-0.9009776263812662,10 days 11:23:32.658227847,0.04030727854668653,1.2285995812292154,2.4546126370242645,0.25451727845439726,0,8119,8120 days 00:00:00,1000.0,2159.606863224698,115.96068632246978,1171.0554098506434,100.0,1336.912707368994,44.69981937953609,5001 days 00:00:00,474,-2.159606863224326,20.93269230769233,-9.701496564835015,2.1940295310481948,-1.6343279095932257,14 days 20:50:31.578947368,6 days 09:39:30.731707317,2.450984114109529,0.31271566869825346,0.07878019165689952,1.061845084599635,-0.3695012694528198,15.0832033692237,1.1113174124048362,0.48175182481751827,-0.011461066977700607,None,None,0.00012321583927976933,0.031050391498501872,1.1596068632246914,0.0241820164873634,0.11949881535691922,4966,4965,11759.662698412698
Most Avg Losing Trade [%],SPY,SMA,18,19,0,true,false,1,475,0.8275170327725107,48.10126582278481,1.200274870341257,0.20716047957606532,0.4332455962203068,-0.9009776263812662,10 days 11:23:32.658227847,0.04030727854668653,1.2285995812292154,2.4546126370242645,0.25451727845439726,0,8119,8120 days 00:00:00,1000.0,2159.606863224698,115.96068632246978,1171.0554098506434,100.0,1336.912707368994,44.69981937953609,5001 days 00:00:00,474,-2.159606863224326,20.93269230769233,-9.701496564835015,2.1940295310481948,-1.6343279095932257,14 days 20:50:31.578947368,6 days 09:39:30.731707317,2.450984114109529,0.31271566869825346,0.07878019165689952,1.061845084599635,-0.3695012694528198,15.0832033692237,1.1113174124048362,0.48175182481751827,-0.011461066977700607,None,None,0.00012321583927976933,0.031050391498501872,1.1596068632246914,0.0241820164873634,0.11949881535691922,4966,4965,11759.662698412698
Least Profit Factor,SPY,SMA,18,19,0,true,false,1,475,0.8275170327725107,48.10126582278481,1.200274870341257,0.20716047957606532,0.4332455962203068,-0.9009776263812662,10 days 11:23:32.658227847,0.04030727854668653,1.2285995812292154,2.4546126370242645,0.25451727845439726,0,8119,8120 days 00:00:00,1000.0,2159.606863224698,115.96068632246978,1171.0554098506434,100.0,1336.912707368994,44.69981937953609,5001 days 00:00:00,474,-2.159606863224326,20.93269230769233,-9.701496564835015,2.1940295310481948,-1.6343279095932257,14 days 20:50:31.578947368,6 days 09:39:30.731707317,2.450984114109529,0.31271566869825346,0.07878019165689952,1.061845084599635,-0.3695012694528198,15.0832033692237,1.1113174124048362,0.48175182481751827,-0.011461066977700607,None,None,0.00012321583927976933,0.031050391498501872,1.1596068632246914,0.0241820164873634,0.11949881535691922,4966,4965,11759.662698412698
Least Expectancy,SPY,SMA,18,19,0,true,false,1,475,0.8275170327725107,48.10126582278481,1.200274870341257,0.20716047957606532,0.4332455962203068,-0.9009776263812662,10 days 11:23:32.658227847,0.04030727854668653,1.2285995812292154,2.4546126370242645,0.25451727845439726,0,8119,8120 days 00:00:00,1000.0,2159.606863224698,115.96068632246978,1171.0554098506434,100.0,1336.912707368994,44.69981937953609,5001 days 00:00:00,474,-2.159606863224326,20.93269230769233,-9.701496564835015,2.1940295310481948,-1.6343279095932257,14 days 20:50:31.578947368,6 days 09:39:30.731707317,2.450984114109529,0.31271566869825346,0.07878019165689952,1.061845084599635,-0.3695012694528198,15.0832033692237,1.1113174124048362,0.48175182481751827,-0.011461066977700607,None,None,0.00012321583927976933,0.031050391498501872,1.1596068632246914,0.0241820164873634,0.11949881535691922,4966,4965,11759.662698412698
Least Avg Winning Trade Duration,SPY,SMA,18,19,0,true,false,1,475,0.8275170327725107,48.10126582278481,1.200274870341257,0.20716047957606532,0.4332455962203068,-0.9009776263812662,10 days 11:23:32.658227847,0.04030727854668653,1.2285995812292154,2.4546126370242645,0.25451727845439726,0,8119,8120 days 00:00:00,1000.0,2159.606863224698,115.96068632246978,1171.0554098506434,100.0,1336.912707368994,44.69981937953609,5001 days 00:00:00,474,-2.159606863224326,20.93269230769233,-9.701496564835015,2.1940295310481948,-1.6343279095932257,14 days 20:50:31.578947368,6 days 09:39:30.731707317,2.450984114109529,0.31271566869825346,0.07878019165689952,1.061845084599635,-0.3695012694528198,15.0832033692237,1.1113174124048362,0.48175182481751827,-0.011461066977700607,None,None,0.00012321583927976933,0.031050391498501872,1.1596068632246914,0.0241820164873634,0.11949881535691922,4966,4965,11759.662698412698
Least Worst Trade [%],SPY,SMA,13,24,0,true,false,1,168,0.8174352830066413,45.50898203592814,1.2930613935689843,0.5872254682264979,0.44440240385814783,-0.8996766828410986,30 days 09:20:28.742514969,0.014201087589233441,0.4345362729400173,0.8664860204458678,0.2551707663385989,0,8119,8120 days 00:00:00,1000.0,2174.841632930935,117.48416329309346,1171.0554098506434,100.0,543.6369492445145,42.081127226738154,5142 days 00:00:00,167,-2.1748416329305655,21.306485568760625,-11.996052218576745,4.450301180256144,-2.63907952204002,47 days 04:25:15.789473684,16 days 08:42:11.868131868,7.048002841699791,0.3234288920662612,0.08446011990854475,1.062393117222052,-0.5580344697236026,8.930932151888669,0.9890157983199694,0.49622259074995395,-0.011314742575608416,None,None,0.00012152382299309846,0.030624003394260812,1.1748416329309186,0.024405478065919084,0.1139539314333994,5076,5075,11759.662698412698
Most Max Drawdown Duration,SPY,SMA,13,24,0,true,false,1,168,0.8174352830066413,45.50898203592814,1.2930613935689843,0.5872254682264979,0.44440240385814783,-0.8996766828410986,30 days 09:20:28.742514969,0.014201087589233441,0.4345362729400173,0.8664860204458678,0.2551707663385989,0,8119,8120 days 00:00:00,1000.0,2174.841632930935,117.48416329309346,1171.0554098506434,100.0,543.6369492445145,42.081127226738154,5142 days 00:00:00,167,-2.1748416329305655,21.306485568760625,-11.996052218576745,4.450301180256144,-2.63907952204002,47 days 04:25:15.789473684,16 days 08:42:11.868131868,7.048002841699791,0.3234288920662612,0.08446011990854475,1.062393117222052,-0.5580344697236026,8.930932151888669,0.9890157983199694,0.49622259074995395,-0.011314742575608416,None,None,0.00012152382299309846,0.030624003394260812,1.1748416329309186,0.024405478065919084,0.1139539314333994,5076,5075,11759.662698412698
Mean Profit Factor,SPY,SMA,8,35,0,true,false,1,145,0.8135471365852263,41.66666666666667,1.456069581364555,0.8286752453659814,0.5322698483372902,-0.8616165180397577,36 days 07:40:00,0.012245249178740213,0.3750461879541816,0.7475058504741964,0.3107914918265074,0,8119,8120 days 00:00:00,1000.0,2620.547251835106,162.05472518351064,1171.0554098506434,100.0,457.2851421997304,36.09564271358825,3764 days 00:00:00,144,-2.620547251834978,26.696153846153877,-9.989592341404599,5.676749796084816,-2.6342351480046156,62 days 15:12:00,17 days 12:34:17.142857143,11.271998604770435,0.3879701321844789,0.12260793000823561,1.073300766064061,-0.5863714880567044,7.779353717057648,0.9808080609095245,0.5220243673851921,-0.011414887035779496,None,None,0.00014378648769458165,0.03623419489903458,1.620547251835092,0.030349534339004558,0.1124000449872514,5231,5230,11759.662698412698
Least Total Fees Paid,SPY,SMA,7,41,0,true,false,1,136,0.8017649811218371,38.51851851851852,1.590032618522929,0.9274138937360221,0.5599808432254257,-0.847506959912161,39 days 03:54:40,0.011479921105068949,0.35176745904668066,0.7009483926591945,0.3262340288841088,0,8119,8120 days 00:00:00,1000.0,2785.7779955943497,178.577799559435,1171.0554098506434,100.0,405.0138938571328,41.78173051365307,4631 days 00:00:00,135,-2.7857779955938895,30.403049813622513,-8.689782274181681,6.403990453568692,-2.503694312424205,73 days 04:09:13.846153846,17 days 20:31:48.433734940,13.248620545110683,0.4086547492229801,0.11280091283391441,1.0766969258949242,-0.6073483929660988,7.650815715363767,0.9752800058212504,0.5332326283987915,-0.011368039691931989,None,None,0.00015125358636294668,0.038115903763462564,1.7857779955943283,0.03230655390223669,0.11225245116412129,5288,5287,11759.662698412698
Least Total Trades,SPY,SMA,7,41,0,true,false,1,136,0.8017649811218371,38.51851851851852,1.590032618522929,0.9274138937360221,0.5599808432254257,-0.847506959912161,39 days 03:54:40,0.011479921105068949,0.35176745904668066,0.7009483926591945,0.3262340288841088,0,8119,8120 days 00:00:00,1000.0,2785.7779955943497,178.577799559435,1171.0554098506434,100.0,405.0138938571328,41.78173051365307,4631 days 00:00:00,135,-2.7857779955938895,30.403049813622513,-8.689782274181681,6.403990453568692,-2.503694312424205,73 days 04:09:13.846153846,17 days 20:31:48.433734940,13.248620545110683,0.4086547492229801,0.11280091283391441,1.0766969258949242,-0.6073483929660988,7.650815715363767,0.9752800058212504,0.5332326283987915,-0.011368039691931989,None,None,0.00015125358636294668,0.038115903763462564,1.7857779955943283,0.03230655390223669,0.11225245116412129,5288,5287,11759.662698412698
Least Win Rate [%],SPY,SMA,7,41,0,true,false,1,136,0.8017649811218371,38.51851851851852,1.590032618522929,0.9274138937360221,0.5599808432254257,-0.847506959912161,39 days 03:54:40,0.011479921105068949,0.35176745904668066,0.7009483926591945,0.3262340288841088,0,8119,8120 days 00:00:00,1000.0,2785.7779955943497,178.577799559435,1171.0554098506434,100.0,405.0138938571328,41.78173051365307,4631 days 00:00:00,135,-2.7857779955938895,30.403049813622513,-8.689782274181681,6.403990453568692,-2.503694312424205,73 days 04:09:13.846153846,17 days 20:31:48.433734940,13.248620545110683,0.4086547492229801,0.11280091283391441,1.0766969258949242,-0.6073483929660988,7.650815715363767,0.9752800058212504,0.5332326283987915,-0.011368039691931989,None,None,0.00015125358636294668,0.038115903763462564,1.7857779955943283,0.03230655390223669,0.11225245116412129,5288,5287,11759.662698412698
Most Avg Winning Trade [%],SPY,SMA,7,41,0,true,false,1,136,0.8017649811218371,38.51851851851852,1.590032618522929,0.9274138937360221,0.5599808432254257,-0.847506959912161,39 days 03:54:40,0.011479921105068949,0.35176745904668066,0.7009483926591945,0.3262340288841088,0,8119,8120 days 00:00:00,1000.0,2785.7779955943497,178.577799559435,1171.0554098506434,100.0,405.0138938571328,41.78173051365307,4631 days 00:00:00,135,-2.7857779955938895,30.403049813622513,-8.689782274181681,6.403990453568692,-2.503694312424205,73 days 04:09:13.846153846,17 days 20:31:48.433734940,13.248620545110683,0.4086547492229801,0.11280091283391441,1.0766969258949242,-0.6073483929660988,7.650815715363767,0.9752800058212504,0.5332326283987915,-0.011368039691931989,None,None,0.00015125358636294668,0.038115903763462564,1.7857779955943283,0.03230655390223669,0.11225245116412129,5288,5287,11759.662698412698
Most Avg Winning Trade Duration,SPY,SMA,7,41,0,true,false,1,136,0.8017649811218371,38.51851851851852,1.590032618522929,0.9274138937360221,0.5599808432254257,-0.847506959912161,39 days 03:54:40,0.011479921105068949,0.35176745904668066,0.7009483926591945,0.3262340288841088,0,8119,8120 days 00:00:00,1000.0,2785.7779955943497,178.577799559435,1171.0554098506434,100.0,405.0138938571328,41.78173051365307,4631 days 00:00:00,135,-2.7857779955938895,30.403049813622513,-8.689782274181681,6.403990453568692,-2.503694312424205,73 days 04:09:13.846153846,17 days 20:31:48.433734940,13.248620545110683,0.4086547492229801,0.11280091283391441,1.0766969258949242,-0.6073483929660988,7.650815715363767,0.9752800058212504,0.5332326283987915,-0.011368039691931989,None,None,0.00015125358636294668,0.038115903763462564,1.7857779955943283,0.03230655390223669,0.11225245116412129,5288,5287,11759.662698412698
Mean Expectancy,SPY,SMA,7,35,0,true,false,1,151,0.7952583117080531,40.0,1.4723955040047185,0.7953203983351931,0.536233532590433,-0.860167690540566,34 days 22:43:12,0.012755467894521054,0.3905653405591822,0.7785441556841977,0.3106245822294491,0,8119,8120 days 00:00:00,1000.0,2637.5138246437946,163.75138246437945,1171.0554098506434,100.0,463.2952398452037,31.49613319334939,3428 days 00:00:00,150,-2.63751382464352,26.36770691994575,-9.125233195007816,5.712080601735064,-2.482519737264721,63 days 06:48:00,16 days 01:20:00,10.934342256456276,0.3900167211409098,0.14147481256533573,1.073744646219551,-0.5451392132478806,7.900963766406817,0.9826320500312098,0.5243101182654403,-0.01136152114669113,None,None,0.00014459339525561856,0.03643753560441588,1.6375138246437921,0.030555916703596475,0.11243769436288291,5243,5242,11759.662698412698
Median Profit Factor,SPY,SMA,7,34,0,true,false,1,152,0.7847522841195751,40.397350993377486,1.4319747576057402,0.7335720495746823,0.49989624809336786,-0.8770928024032529,34 days 16:03:10.728476820,0.012840504347151196,0.39315186599334895,0.7837172065525312,0.2884052201308518,0,8119,8120 days 00:00:00,1000.0,2439.311386552526,143.9311386552526,1171.0554098506434,100.0,441.331213723363,36.14165782023873,3764 days 00:00:00,151,-2.4393113865521627,26.36770691994574,-9.125233195007814,5.5175651062457645,-2.5089121332801625,62 days 07:52:07.868852459,15 days 22:08:00,9.548017867146207,0.3642638428967931,0.11315878234445272,1.0687563309370276,-0.5556367723642099,7.945031513237773,0.9805244730348298,0.5223097112860893,-0.0114084020901366,None,None,0.0001349296723105311,0.03400227742225384,1.439311386552538,0.028060418356561367,0.11234095288381189,5236,5235,11759.662698412698
Median Best Trade [%],SPY,SMA,7,32,0,true,false,1,163,0.7778681458330741,40.123456790123456,1.4234766682161528,0.6757537417310011,0.4984414445428745,-0.8786768630361687,32 days 05:02:13.333333332,0.013775905326082739,0.4216036457691834,0.8406207661042001,0.28490024115595725,0,8119,8120 days 00:00:00,1000.0,2420.7611588154527,142.07611588154526,1171.0554098506434,100.0,455.77104746940836,36.35809934613856,3477 days 00:00:00,162,-2.420761158815367,26.367706919945732,-9.125233195007807,5.343613233448187,-2.4521933403475256,57 days 19:12:00,15 days 01:29:04.329896907,8.785073580088085,0.3611028790207663,0.11150292506079816,1.068542061606744,-0.41351103150180907,9.000575051000467,0.9853990193491564,0.5194610778443114,-0.011434205940537952,None,None,0.0001341026266514558,0.033793861916166866,1.4207611588154445,0.02781688956973305,0.11262972818725316,5219,5218,11759.662698412698
Mean Max Drawdown [%],SPY,SMA,7,37,0,true,false,1,148,0.7611113367151713,38.775510204081634,1.4057251791368024,0.7343568380422065,0.4828934245306871,-0.884148424036077,35 days 16:58:46.530612244,0.012500358536630634,0.3828057642566819,0.763025003079197,0.28111603062386725,0,8119,8120 days 00:00:00,1000.0,2356.6861477227494,135.6686147722749,1171.0554098506434,100.0,428.6244455187333,37.549595420291205,4653 days 00:00:00,147,-2.3566861477224847,25.68502024291497,-8.62609123728256,5.893977190272662,-2.5334027183704153,66 days 06:18:56.842105263,16 days 08:32:00,9.245189346057629,0.3522711519118828,0.10462532679317932,1.0663029015500505,-0.5612839346972832,7.8479965966817895,0.976268023279632,0.5248826291079812,-0.011434205940537984,None,None,0.0001308110930636626,0.03296439545204297,1.3566861477227667,0.026961570179429684,0.11261965634236044,5250,5249,11759.662698412698
Mean Best Trade [%],SPY,SMA,7,37,0,true,false,1,148,0.7611113367151713,38.775510204081634,1.4057251791368024,0.7343568380422065,0.4828934245306871,-0.884148424036077,35 days 16:58:46.530612244,0.012500358536630634,0.3828057642566819,0.763025003079197,0.28111603062386725,0,8119,8120 days 00:00:00,1000.0,2356.6861477227494,135.6686147722749,1171.0554098506434,100.0,428.6244455187333,37.549595420291205,4653 days 00:00:00,147,-2.3566861477224847,25.68502024291497,-8.62609123728256,5.893977190272662,-2.5334027183704153,66 days 06:18:56.842105263,16 days 08:32:00,9.245189346057629,0.3522711519118828,0.10462532679317932,1.0663029015500505,-0.5612839346972832,7.8479965966817895,0.976268023279632,0.5248826291079812,-0.011434205940537984,None,None,0.0001308110930636626,0.03296439545204297,1.3566861477227667,0.026961570179429684,0.11261965634236044,5250,5249,11759.662698412698
Median Total Trades,SPY,SMA,7,33,0,true,false,1,160,0.760380685035925,40.88050314465409,1.354144070918859,0.5874114236301884,0.43063119586236576,-0.9064963436997872,32 days 19:37:21.509433962,0.013520795968192318,0.4138440694666831,0.8251016134991994,0.2430967340063349,0,8119,8120 days 00:00:00,1000.0,2094.979625511793,109.49796255117931,1171.0554098506434,100.0,418.0013181342728,36.383623287715835,4601 days 00:00:00,159,-2.094979625511769,26.367706919945743,-9.125233195007812,5.005853236401574,-2.467894085201089,57 days 20:40:36.923076923,15 days 12:00:00,6.89984028388243,0.3145718520209462,0.0929037913774836,1.059149687597929,-0.5607996963263567,8.00364364036663,0.9777941580420798,0.5186085655507762,-0.011414887035779605,None,None,0.0001159357327431917,0.02921580465128431,1.0949796255117912,0.023216769257718095,0.1117748651530493,5219,5218,11759.662698412698
Median Avg Winning Trade [%],SPY,SMA,7,33,0,true,false,1,160,0.760380685035925,40.88050314465409,1.354144070918859,0.5874114236301884,0.43063119586236576,-0.9064963436997872,32 days 19:37:21.509433962,0.013520795968192318,0.4138440694666831,0.8251016134991994,0.2430967340063349,0,8119,8120 days 00:00:00,1000.0,2094.979625511793,109.49796255117931,1171.0554098506434,100.0,418.0013181342728,36.383623287715835,4601 days 00:00:00,159,-2.094979625511769,26.367706919945743,-9.125233195007812,5.005853236401574,-2.467894085201089,57 days 20:40:36.923076923,15 days 12:00:00,6.89984028388243,0.3145718520209462,0.0929037913774836,1.059149687597929,-0.5607996963263567,8.00364364036663,0.9777941580420798,0.5186085655507762,-0.011414887035779605,None,None,0.0001159357327431917,0.02921580465128431,1.0949796255117912,0.023216769257718095,0.1117748651530493,5219,5218,11759.662698412698
