Ticker,Use SMA,Short Window,Long Window,Total Trades,Win Rate [%],Profit Factor,Trades Per Day,Expectancy,Expectancy Adjusted,Trades per Month,Signals per Month,Expectancy per Month,Sortino Ratio,Signal Window,Start,End,Period,Start Value,End Value,Total Return [%],Benchmark Return [%],Max Gross Exposure [%],Total Fees Paid,Max Drawdown [%],Max Drawdown Duration,Total Closed Trades,Total Open Trades,Open Trade PnL,Best Trade [%],Worst Trade [%],Avg Winning Trade [%],Avg Losing Trade [%],Avg Winning Trade Duration,Avg Losing Trade Duration,Sharpe Ratio,Calmar Ratio,Omega Ratio,Beats BNH [%],Avg Trade Duration,Current
CDNS,true,2,10,649,37.03703703703704,0.9856180414233358,68.29679595278246,-0.46134217682422474,-0.25889011045130456,1.436446037099494,3,-0.6626931416460117,0.2269547218311908,0,0,9488,9489 days 00:00:00,1000.0,700.3499194984414,-29.965008050155863,15045.50018310515,100.0,1525.1092200043886,93.89368133557001,6779 days 00:00:00,648,1,-0.7003499194984215,48.75100000000001,-32.18406288245979,7.089437045710584,-3.8192550283395974,14 days 17:18:00,4 days 05:00:00,0.15903907080488694,-0.014491991850463558,1.034356124068036,-1.0019916259137602,8 days 02:26:39.999999999,1
CDNS,true,2,11,626,37.12,0.9826645959637649,65.87268128161888,-0.4852024143055296,-0.27288960028820086,1.385539629005059,3,-0.6722671731092423,0.22375513985472084,0,0,9488,9489 days 00:00:00,1000.0,696.0524386204307,-30.394756137956925,15045.50018310515,100.0,1281.1188880175387,94.62138097281726,9000 days 00:00:00,625,1,-0.6960524386203133,47.11499987126167,-32.184062882459784,7.011704227760965,-3.79755533141884,15 days 08:53:47.586206896,4 days 08:43:58.167938931,0.15734652594441811,-0.014627322730520165,1.033850293664821,-1.0020201891441327,8 days 10:47:25.439999998,1
CDNS,true,3,10,570,39.71880492091388,1.0083106187925468,59.970489038785836,0.3268665477923349,0.1967083128323686,1.261593591905565,3,0.4123727421031038,0.3005016308725067,0,0,9488,9489 days 00:00:00,1000.0,1184.8022634304234,18.48022634304233,15045.50018310515,100.0,1666.8458487057335,93.78169327941647,6779 days 00:00:00,569,1,-1.184802263430356,46.40688976377956,-33.21444775085094,6.814607526523754,-3.9688200946548533,15 days 09:33:27.079646017,5 days 04:28:41.282798833,0.20996179032132806,0.006978075277515859,1.0453584464884575,-0.9987717107362243,9 days 05:49:14.657293495,1
CDNS,true,4,10,526,40.38095238095238,0.9867721150310819,55.33305227655987,-0.4132224189581102,-0.2528229518589303,1.1642074198988195,3,-0.4810766062195705,0.24105720766385733,0,0,9488,9489 days 00:00:00,1000.0,782.2759540929065,-21.772404590709346,15045.50018310515,100.0,1110.8673735543753,92.03669242640356,9000 days 00:00:00,525,1,-0.7822759540928246,45.9697478312601,-32.1840628824598,7.25603592695067,-4.434493284465411,16 days 05:53:12.452830188,5 days 20:32:58.274760383,0.16911077124246898,-0.01021404922105286,1.0362469668863314,-1.0014471040726953,10 days 01:14:03.428571427,1
CDNS,true,4,71,154,37.908496732026144,1.3287228118985868,16.125632377740306,48.47353655975445,27.84180154947275,0.34085160202360876,1,16.522282592142272,0.5904792794567916,0,0,9488,9489 days 00:00:00,1000.0,8408.043050591856,740.8043050591855,15045.50018310515,100.0,1198.523651361905,77.75341017825752,4677 days 00:00:00,153,1,-8.408043050591004,240.13318747510826,-29.203225806451606,18.8568734733364,-6.494379884021456,84 days 14:53:47.586206896,12 days 02:16:25.263157894,0.40708751301106527,0.1097672988795635,1.0808018746776211,-0.9507624009807898,39 days 14:07:03.529411764,1
CDNS,true,5,9,558,40.394973070017954,0.9667685541724313,58.70573355817875,-0.8874601460466138,-0.5431655863676843,1.2350337268128162,3,-1.0960432115697956,0.18069698651580002,0,0,9488,9489 days 00:00:00,1000.0,505.1795191329146,-49.48204808670854,15045.50018310515,100.0,984.0461622745645,95.09358617779114,6871 days 00:00:00,557,1,-0.5051795191328665,45.219340394769546,-33.214447750850944,7.085065905488419,-4.440345017696535,14 days 21:00:48,5 days 16:33:15.180722891,0.12707718561163917,-0.027261513997250336,1.0273762418771626,-1.0032888270568947,9 days 09:36:31.023339317,1
CDNS,true,5,10,515,39.494163424124515,0.9956900820929855,54.173693086003375,-0.140873910539824,-0.08429844310689859,1.1398608768971332,3,-0.1605766591998521,0.26853607231953025,0,0,9488,9489 days 00:00:00,1000.0,926.6641458366997,-7.333585416330027,15045.50018310515,100.0,1130.8920581140126,92.33030036888027,6871 days 00:00:00,514,1,-0.9266641458366394,45.21934039476955,-33.21444775085094,7.601206018304757,-4.408518690666345,16 days 08:23:38.719211822,6 days 04:33:10.996784565,0.18764991577337534,-0.003168417162658686,1.040833274299029,-1.0004874271594217,10 days 04:51:21.712062255,1
CDNS,true,6,7,1025,43.5546875,0.9412093920957454,107.92580101180438,-0.8043920243273348,-0.5308339885919616,2.268655143338955,5,-1.8248881032510418,0.029229075446155262,0,0,9488,9489 days 00:00:00,1000.0,176.12644064814697,-82.3873559351853,15045.50018310515,100.0,1264.7555184555447,96.08509896821445,6871 days 00:00:00,1024,1,-0.1761264406481189,36.73272727272726,-33.21444775085094,4.2821662258701405,-3.3131880608203024,6 days 17:55:09.417040358,3 days 16:16:36.539792387,0.020608743396481267,-0.06724814151713168,1.0044072795285328,-1.0054758801590191,5 days 00:21:05.624999998,1
CDNS,true,6,9,596,41.680672268907564,0.9410808995871004,62.71079258010118,-1.100837350365392,-0.695206679120492,1.319139966273187,3,-1.452158545233268,0.12560487665925718,0,0,9488,9489 days 00:00:00,1000.0,344.65711941317454,-65.53428805868255,15045.50018310515,100.0,760.8332421662492,95.71891476039012,6871 days 00:00:00,595,1,-0.34465711941311383,44.79433096518879,-33.21444775085094,6.5070391879427145,-4.423616256832116,13 days 03:58:03.870967742,5 days 12:56:01.383285302,0.08898025959348121,-0.041941212132892335,1.019237380164229,-1.0043557400725216,8 days 17:13:24.705882351,1
CDNS,true,6,72,127,39.682539682539684,1.6872054505136933,13.279932546374367,190.8037417716052,114.72086446104208,0.2810919055649241,1,53.63338736349821,0.7639100942573764,0,0,9488,9489 days 00:00:00,1000.0,25016.255208014245,2401.6255208014245,15045.50018310515,100.0,1920.758882265867,72.5761087052436,4307 days 00:00:00,126,1,-25.01625520801099,415.98341968702005,-26.840004032679833,24.322018858898787,-6.683833954674618,95 days 18:14:24,17 days 00:37:53.684210526,0.5191910722563511,0.18165186655611434,1.1039828450651339,-0.8403758272192073,48 days 06:28:34.285714285,1
CDNS,true,6,73,126,39.2,1.6522203564059443,13.174536256323776,215.62627583196019,128.06893958504304,0.2788785834738617,1,60.13355036376123,0.7810725551783152,0,0,9488,9489 days 00:00:00,1000.0,27925.359119875175,2692.5359119875175,15045.50018310515,100.0,2205.709731036802,73.58087716242785,4310 days 00:00:00,125,1,-27.925359119872155,408.79061941263643,-26.840004032679836,24.797866589063748,-6.607770448564461,96 days 22:02:26.938775511,17 days 17:22:06.315789473,0.5305995851272196,0.18569424372297177,1.1062520475012279,-0.8210404520142832,48 days 18:25:55.199999999,1
CDNS,true,6,74,118,42.73504273504273,1.7608223803982566,12.331365935919056,329.4471705856511,213.31725627146534,0.26117200674536256,1,86.04237865843629,0.8405957223330055,0,0,9488,9489 days 00:00:00,1000.0,39505.81314537581,3850.581314537581,15045.50018310515,100.0,2718.9396964506604,74.14923887955207,4465 days 00:00:00,117,1,-39.50581314536976,408.7906194126366,-26.840004032679825,24.07148934672423,-6.8828717475477585,96 days 07:12:00,19 days 04:39:24.179104477,0.5667330548598061,0.20486332216543043,1.113460814153598,-0.7440709004236719,52 days 03:29:13.846153845,1
CDNS,true,7,9,672,44.26229508196721,0.9682559141551512,70.72091062394603,-0.615012695391755,-0.4124526273119072,1.4873524451939293,3,-0.9147406363162359,0.19340976014943898,0,0,9488,9489 days 00:00:00,1000.0,586.7397416504914,-41.326025834950855,15045.50018310515,100.0,975.2186035818244,94.17465439432382,6890 days 00:00:00,671,1,-0.5867397416503763,45.0190744386023,-34.540624999999984,5.717050478939343,-4.175226386784797,10 days 21:00:36.363636363,5 days 06:40:25.668449197,0.13465178151034066,-0.021555666603367104,1.0289671681068353,-1.0027467365878175,7 days 18:08:02.861400892,1
CDNS,true,8,9,894,43.673012318029116,0.9360568777496321,94.11888701517707,-0.7917206000675563,-0.5238912654422392,1.9787099494097808,4,-1.5665854285063556,0.09017257888647084,0,0,9488,9489 days 00:00:00,1000.0,292.7008033363363,-70.72991966636637,15045.50018310515,100.0,986.013424194024,89.7831013471483,8787 days 00:00:00,893,1,-0.2927008033362881,46.76791044776121,-34.540624999999984,4.713544580997133,-3.541162541919049,7 days 23:08:18.461538461,4 days 04:03:20.397614314,0.06251668564464324,-0.05141242801443138,1.0131855939494447,-1.0047010680140624,5 days 19:50:03.359462484,1
CDNS,true,8,74,100,47.474747474747474,1.9892134089685072,10.434232715008433,668.1603814012359,480.6173542371914,0.22133220910623946,1,147.88541325280306,0.9220167529715505,0,0,9488,9489 days 00:00:00,1000.0,67080.79696176057,6608.079696176057,15045.50018310515,100.0,3589.41350620891,72.87145366183519,2913 days 00:00:00,99,1,-67.08079696175992,402.4456849497647,-28.586482902653117,25.515370964254892,-7.819067229817654,103 days 11:14:02.553191489,24 days 02:18:27.692307692,0.6218413742463401,0.2409782327898324,1.124755242952214,-0.5607936183074603,61 days 18:39:59.999999999,1
CDNS,true,8,75,99,47.95918367346938,1.9436553170597732,10.32883642495784,706.1350453354066,513.1160657199151,0.2191188870151771,1,154.7275252163059,0.9295959271125891,0,0,9488,9489 days 00:00:00,1000.0,70131.10333953034,6913.110333953035,15045.50018310515,100.0,3794.49763455222,69.52680462007895,2922 days 00:00:00,98,1,-70.13110333951772,406.56493129218586,-28.586482902653103,25.85447580884329,-8.053565075096348,106 days 06:38:17.872340426,21 days 23:31:45.882352941,0.6265961710521861,0.2554654225363878,1.1257628395226593,-0.5405197401336059,62 days 09:47:45.306122448,1
CDNS,true,8,76,100,47.474747474747474,1.959180050086134,10.434232715008433,721.8520708658115,519.2385572496654,0.22133220910623946,1,159.76911349264378,0.9344945967539964,0,0,9488,9489 days 00:00:00,1000.0,72390.96405166369,7139.096405166369,15045.50018310515,100.0,3873.477174603165,69.15416980438465,3663 days 00:00:00,99,1,-72.39096405165037,406.56493129218586,-28.58648290265311,26.057632758444516,-7.968059065706407,107 days 14:17:52.340425532,20 days 10:09:13.846153846,0.6300493608409593,0.25892067542278885,1.1264562153583393,-0.5254995634387096,61 days 19:23:38.181818181,1
CDNS,true,14,42,126,42.4,1.42963847628915,13.174536256323776,66.36913559351012,42.63714165401256,0.2788785834738617,1,18.50893052070276,0.6110480002598088,0,0,9488,9489 days 00:00:00,1000.0,9286.855094094666,828.6855094094666,15045.50018310515,100.0,916.4883646712666,83.59989325482776,6058 days 00:00:00,125,1,-9.28685509409297,258.3873173068943,-27.15712849072046,18.79931543984238,-7.3339963788246045,73 days 13:07:55.471698113,27 days 09:00:00,0.416158046679579,0.10706477441692688,1.084082977418671,-0.9449213718836672,46 days 22:50:52.800000,1
CDNS,true,14,61,100,47.474747474747474,1.3564881135200637,10.434232715008433,78.21050978655182,56.257942454360816,0.22133220910623946,1,17.310504906382675,0.5952783330834662,0,0,9488,9489 days 00:00:00,1000.0,8734.106362506127,773.4106362506127,15045.50018310515,100.0,834.7028628444036,79.75619687217839,5365 days 00:00:00,99,1,-8.734106362504463,352.8816563055053,-33.36992187499998,21.86409312844329,-9.230702209315284,97 days 14:48:30.638297873,28 days 04:36:55.384615384,0.41019794362406353,0.10900392234764263,1.0816266486281467,-0.9485952193786759,61 days 03:38:10.909090908,1
CDNS,true,15,39,134,45.11278195488722,1.3620211857159061,14.0177065767285,37.90773688193825,25.910961641789644,0.29658516020236086,1,11.242872216038599,0.5436272368572718,0,0,9488,9489 days 00:00:00,1000.0,6035.693311985804,503.56933119858036,15045.50018310515,100.0,667.1971131348827,83.2773002457705,6096 days 00:00:00,133,1,-6.035693311984687,88.17309391983954,-32.71647058823529,15.457273954283716,-7.876204627216028,67 days 04:00:00,24 days 14:27:56.712328767,0.37209253678747944,0.08597315177960868,1.0751627205265524,-0.9665302366109406,43 days 19:18:29.774436090,1
CDNS,true,15,40,132,45.038167938931295,1.3992426581896298,13.806913996627319,50.97614207122258,34.78594011337187,0.2921585160202361,1,14.893114019965116,0.582315029422388,0,0,9488,9489 days 00:00:00,1000.0,7670.204406923231,667.0204406923231,15045.50018310515,100.0,811.3511304143905,82.96389208711865,6075 days 00:00:00,131,1,-7.670204406922494,90.47846985926476,-27.15712849072046,15.490474434077639,-7.574136762957277,67 days 14:38:38.644067797,25 days 20:00:00,0.3965020794220804,0.09825981616343527,1.0802383204171768,-0.9556664495979115,44 days 15:34:21.068702289,1
CDNS,true,15,41,131,46.15384615384615,1.424923921248381,13.701517706576729,71.91730904244338,50.291824505205156,0.28994519392917373,1,20.852078117175566,0.6281678669943077,0,0,9488,9489 days 00:00:00,1000.0,10338.911264253398,933.89112642534,15045.50018310515,100.0,1085.638912163422,81.82367891208281,6065 days 00:00:00,130,1,-10.338911264252602,104.3107782618849,-27.15712849072046,15.261429839563181,-7.416808523696098,66 days 08:47:59.999999999,26 days 19:32:34.285714285,0.4271636388889948,0.11489672296719929,1.0865527094133827,-0.9379288747426275,45 days 01:39:41.538461537,1
CDNS,true,15,42,126,44.800000000000004,1.3694274398866835,13.174536256323776,65.10500660212892,44.19248932992994,0.2788785834738617,1,18.156392018258128,0.6072887599846118,0,0,9488,9489 days 00:00:00,1000.0,9128.996828437683,812.8996828437682,15045.50018310515,100.0,1013.4639299216815,84.37960045587947,6097 days 00:00:00,125,1,-9.128996828436357,274.5250280319742,-23.98573243277412,17.978495442863466,-7.721261410330352,71 days 21:25:42.857142857,26 days 20:31:18.260869565,0.4144387016407848,0.1052242339088549,1.0837281173151108,-0.9459705777175432,47 days 00:46:04.799999999,1
CDNS,true,16,34,152,45.033112582781456,1.1830778220932043,15.914839797639122,15.19420594067877,10.36730888988718,0.33642495784148396,1,5.11171009302768,0.4474604472654952,0,0,9488,9489 days 00:00:00,1000.0,3291.034062979509,229.1034062979509,15045.50018310515,100.0,548.8079694869617,89.78724416666377,7210 days 00:00:00,151,1,-3.291034062979179,85.0992329509048,-50.64455445544554,13.954060010432565,-7.789945034887966,58 days 02:49:24.705882353,21 days 17:38:18.795180723,0.3130039128557726,0.05221927804852321,1.0642727975501287,-0.9847726294566654,38 days 02:51:39.337748344,1
CDNS,true,16,35,152,46.35761589403973,1.2364442708961834,15.914839797639122,20.97169691649154,14.730270762135335,0.33642495784148396,1,7.055402250995045,0.48349838809373563,0,0,9488,9489 days 00:00:00,1000.0,4162.56367071951,316.256367071951,15045.50018310515,100.0,613.0839320102876,88.98392101200933,7210 days 00:00:00,151,1,-4.162563670719464,88.17309391983956,-50.76666666666666,13.883000150338084,-7.90135560388892,56 days 22:17:08.571428572,22 days 04:26:40,0.33722547431589983,0.06337045722446934,1.0693232081176771,-0.9789800031090304,38 days 06:59:36.158940397,1
CDNS,true,16,36,149,47.2972972972973,1.1899011847700858,15.598650927487354,19.922719457133923,14.277133108101705,0.32978499156829677,1,6.5702138681884525,0.47549730060192497,0,0,9488,9489 days 00:00:00,1000.0,3944.6178617940327,294.46178617940325,15045.50018310515,100.0,659.1193113413079,91.03508670672511,7210 days 00:00:00,148,1,-3.944617861793631,88.17309391983954,-49.898994974874356,13.978897657637217,-8.247217802164016,58 days 10:17:08.571428572,21 days 16:00:00,0.3318042039145411,0.0595446050485251,1.068175498279923,-0.9804285811308514,39 days 01:17:50.270270270,1
CDNS,true,16,37,142,46.808510638297875,1.144959848646842,14.86087689713322,11.428843657919785,8.105562877957295,0.31429173693086004,1,3.591991124358853,0.4137005147055502,0,0,9488,9489 days 00:00:00,1000.0,2608.8580976690246,160.88580976690247,15045.50018310515,100.0,430.7196843646139,91.84776648619197,7210 days 00:00:00,141,1,-2.608858097668872,88.17309391983959,-49.898994974874356,14.047282605229194,-8.541240707962286,60 days 17:05:27.272727273,23 days 17:36:00,0.2902732193459922,0.04090882218429867,1.0595372032324946,-0.989306715774889,41 days 01:01:16.595744681,1
CDNS,true,16,38,142,44.680851063829785,1.164855661916354,14.86087689713322,13.349134053476646,9.03713137082558,0.31429173693086004,1,4.195522528190067,0.42837046184312283,0,0,9488,9489 days 00:00:00,1000.0,2879.3485529872214,187.93485529872214,15045.50018310515,100.0,444.89594578909026,91.41904486689751,7210 days 00:00:00,141,1,-2.879348552986812,90.47846985926472,-49.89899497487436,14.791409713346157,-8.130673671894893,61 days 19:48:34.285714285,24 days 12:55:23.076923077,0.3004898961247025,0.045415686565538134,1.061512304997152,-0.9875088994708359,41 days 04:45:57.446808509,1
CDNS,true,16,39,136,43.7037037037037,1.2459776879298117,14.22849915682968,23.706070971975393,15.697622753608846,0.30101180438448566,1,7.1358071981409905,0.4854437659446427,0,0,9488,9489 days 00:00:00,1000.0,4196.123457758917,319.61234577589164,15045.50018310515,100.0,557.2911094856775,88.2468165419845,7210 days 00:00:00,135,1,-4.196123457758404,90.47846985926478,-46.24555256064689,15.42892934825366,-7.77225015677868,66 days 01:37:37.627118644,25 days 07:34:44.210526315,0.3385371404295494,0.06426958486954884,1.069562041357119,-0.9787569477992636,43 days 03:01:19.999999999,1
CDNS,true,16,64,96,48.421052631578945,1.4545957016022353,10.01264755480607,182.24525794120393,133.70465494888964,0.21247892074198987,1,38.72327571769257,0.706976357387543,0,0,9488,9489 days 00:00:00,1000.0,18295.00449991447,1729.5004499914469,15045.50018310515,100.0,1495.9002953799409,82.17667230341304,4627 days 00:00:00,95,1,-18.295004499912466,330.5757414116737,-36.70583283375884,23.32113738487614,-9.205561661301285,100 days 16:10:26.086956522,29 days 12:44:04.897959183,0.48509134203678916,0.1439519952726473,1.096858991742917,-0.8850486571437797,63 days 23:29:41.052631578,1
CDNS,true,17,21,318,48.580441640378545,1.170201167086092,33.4106239460371,7.601629817686124,5.595311117119124,0.7038364249578415,2,5.35030395473313,0.4588128477732276,0,0,9488,9489 days 00:00:00,1000.0,3406.3103418646256,240.63103418646256,15045.50018310515,100.0,894.800081936951,88.90291187119716,6713 days 00:00:00,317,1,-3.406310341864355,57.27632309332723,-52.75402843601894,8.121832739136323,-5.862323513632619,23 days 09:11:41.298701298,11 days 05:26:52.269938650,0.3159344594043791,0.05429917595391651,1.0675825361017675,-0.9840064450328696,17 days 03:10:47.318611985,1
CDNS,true,17,22,281,51.42857142857142,1.3199818340052039,29.51096121416526,18.042977930843904,14.059463322735509,0.6219435075885329,2,11.221712981651548,0.5467896402670164,0,0,9488,9489 days 00:00:00,1000.0,6045.987832803478,504.5987832803478,15045.50018310515,100.0,1062.2798005392572,79.87557548272444,6044 days 00:00:00,280,1,-6.0459878328028935,59.43492297740261,-53.41775700934578,8.609896071665087,-6.501162383339263,25 days 09:40:00,13 days 05:28:14.117647058,0.37410214684830334,0.08972250418522525,1.0802719157303389,-0.9664618140215125,19 days 11:44:34.285714284,1
CDNS,true,17,27,195,48.45360824742268,1.048574799798665,20.4468802698145,2.562400052602733,1.8811746715452742,0.43159780775716694,1,1.1059262453001888,0.33394118899290454,0,0,9488,9489 days 00:00:00,1000.0,1495.6100002047197,49.56100002047198,15045.50018310515,100.0,410.56474075230875,92.07263318113667,7210 days 00:00:00,194,1,-1.4956100002045787,46.23181892038967,-52.41503579952267,10.701689806539164,-7.9593241790121185,40 days 17:21:42.127659574,17 days 19:26:24,0.2328663162348459,0.016947715681841113,1.04849389888086,-0.9967059253984706,28 days 21:53:48.865979380,1
CDNS,true,17,28,187,45.16129032258064,0.9914558234156514,19.60370994940978,-0.3466904192562055,-0.23722707084979844,0.4138912310286678,1,-0.14349212441179585,0.2618349329181732,0,0,9488,9489 days 00:00:00,1000.0,934.5810010173257,-6.541899898267434,15045.50018310515,100.0,286.07535995105883,93.6989304085633,6742 days 00:00:00,186,1,-0.93458100101725,48.88879310344827,-51.36829268292681,10.871802923364674,-7.487650643057641,45 days 21:25:42.857142857,17 days 12:14:07.058823529,0.18430116245604392,-0.002773865380340288,1.0378299262705797,-1.0004348077377723,30 days 07:52:15.483870966,1
CDNS,true,17,29,176,46.85714285714286,1.1554238181451892,18.444350758853286,10.857224827075072,7.708159617490528,0.38954468802698144,1,4.229374258101757,0.42877778170887776,0,0,9488,9489 days 00:00:00,1000.0,2897.11722751063,189.711722751063,15045.50018310515,100.0,546.3871152016225,88.67751219787469,7210 days 00:00:00,175,1,-2.8971172275105346,88.68740348863213,-50.27456359102243,11.862218595279133,-7.48118465609379,47 days 12:52:40.975609756,18 days 20:07:44.516129032,0.29875984264460104,0.047097719324875525,1.0616252934610586,-0.9873907998775545,32 days 06:51:25.714285714,1
CDNS,true,17,30,170,45.562130177514796,1.1419312360058216,17.811973018549747,10.617588102492078,7.329695928742066,0.3762647554806071,1,3.9950241911779854,0.42466640198330924,0,0,9488,9489 days 00:00:00,1000.0,2791.5808085126514,179.15808085126514,15045.50018310515,100.0,564.0074210162602,89.33691251210409,7210 days 00:00:00,169,1,-2.791580808512208,88.60000151225503,-48.203896103896106,12.319845252053671,-7.291978877641643,50 days 07:28:49.870129870,19 days 16:10:26.086956521,0.29534356546216256,0.0450867883734388,1.0608035769331419,-0.9880922482688582,33 days 15:11:42.958579880,1
CDNS,true,17,31,166,43.63636363636363,1.128734784252872,17.390387858347385,10.103837700871097,6.680223273303204,0.36741146711635747,1,3.712265833182614,0.41520092375998263,0,0,9488,9489 days 00:00:00,1000.0,2664.468751891836,166.44687518918357,15045.50018310515,100.0,545.290852999104,90.67558568437141,7210 days 00:00:00,165,1,-2.6644687518914907,88.60000151225502,-48.203896103896085,13.337224985689854,-7.390033387836727,52 days 09:00:00,20 days 14:11:36.774193548,0.29022115053496905,0.0423664037906806,1.05952668064411,-0.9889370992546934,34 days 11:03:16.363636363,1
CDNS,true,17,32,162,43.47826086956522,1.1932456736484889,16.968802698145026,16.10566935939015,10.609795361917094,0.3585581787521079,1,5.77481947308656,0.4606559158303755,0,0,9488,9489 days 00:00:00,1000.0,3589.423343518302,258.9423343518302,15045.50018310515,100.0,614.365987183574,87.82218815949906,7210 days 00:00:00,161,1,-3.589423343517865,85.09923295090479,-50.64455445544552,13.548274659804216,-7.15219956972646,54 days 20:13:42.857142857,20 days 14:14:30.329670329,0.32152188933358516,0.057373924182039654,1.0662560295308938,-0.9827893834568158,35 days 11:37:38.385093167,1
CDNS,true,17,33,157,48.07692307692308,1.2158022159690178,16.441821247892072,15.370774246139476,11.196659561581786,0.34749156829679595,1,5.341214448727008,0.4524114039363425,0,0,9488,9489 days 00:00:00,1000.0,3394.446336061698,239.4446336061698,15045.50018310515,100.0,515.202015854793,89.09262008331844,7210 days 00:00:00,156,1,-3.3944463360612644,85.0992329509048,-50.76666666666666,12.162228000903639,-7.734434946819768,52 days 09:16:48,22 days 03:51:06.666666666,0.3157967007840575,0.05402565522173516,1.0649449027826592,-0.9840852992129138,36 days 16:36:55.384615383,1
CDNS,true,17,34,153,46.71052631578947,1.1977055808896238,16.020236087689714,13.678656829329157,9.680867572591408,0.3386382799325464,1,4.632116820471604,0.436910953935886,0,0,9488,9489 days 00:00:00,1000.0,3076.079758299733,207.60797582997327,15045.50018310515,100.0,476.55161529233175,89.20633422488,7210 days 00:00:00,152,1,-3.076079758299329,88.17309391983956,-50.76666666666666,13.089252392195206,-7.9293765079156735,55 days 18:15:12.676056338,22 days 02:57:46.666666666,0.3055913973563456,0.04951416448967737,1.06254335669443,-0.9862013244290078,37 days 20:03:09.473684210,1
CDNS,true,17,66,87,46.51162790697674,1.4213943089084973,9.06408094435076,218.0155689878776,153.64028822260576,0.19255902192242835,1,41.98086472816741,0.719106469143359,0,0,9488,9489 days 00:00:00,1000.0,19729.609323633853,1872.9609323633852,15045.50018310515,100.0,1493.6354102952332,85.84936164608533,5709 days 00:00:00,86,1,-19.729609323632758,289.39559083844586,-34.93874976689807,26.615171159700935,-10.022593417614996,113 days 05:24:00,34 days 07:18:15.652173913,0.49229210956845826,0.14158177957972382,1.0981499176191125,-0.8755135482656425,71 days 00:16:44.651162791,1
CDNS,true,18,19,579,46.36678200692042,1.131477649242071,60.919055649241145,3.8843086099495636,2.728831675229325,1.2815134907251264,3,4.9777938857901285,0.45071517372164366,0,0,9488,9489 days 00:00:00,1000.0,3241.888488062775,224.18884880627755,15045.50018310515,100.0,1642.373880208307,77.41685580889099,5755 days 00:00:00,578,1,-3.2418884880626138,40.20478888714846,-36.52728689997526,5.614770674510003,-3.965608454345257,12 days 22:12:32.238805970,6 days 09:22:03.870967741,0.3099667954109215,0.059780967515678005,1.065666898544424,-0.9850992757915736,9 days 10:05:23.875432525,1
CDNS,true,18,21,346,51.01449275362319,1.2867947748655928,36.361720067453625,15.381392450141853,11.888998995278724,0.7658094435075885,2,11.779215592614955,0.553468402734447,0,0,9488,9489 days 00:00:00,1000.0,6300.280115183757,530.0280115183757,15045.50018310515,100.0,1324.8604788684036,85.60405001889644,6192 days 00:00:00,345,1,-6.300280115183341,44.96551724137934,-53.41775700934578,7.509600756309907,-5.714383975513488,20 days 12:57:16.363636363,10 days 20:26:58.934911242,0.3783264809945556,0.0857039338932583,1.0812909971468403,-0.9647716589632856,15 days 19:03:39.130434781,1
CDNS,true,18,24,248,49.392712550607285,1.1098753174602098,26.032883642495786,4.81035417573095,3.5999460767953373,0.5489038785834739,2,2.640422064418928,0.3868055893651054,0,0,9488,9489 days 00:00:00,1000.0,2185.9715098956594,118.59715098956596,15045.50018310515,100.0,570.5257516704366,90.05964516938285,7210 days 00:00:00,247,1,-2.185971509895353,56.209051724137936,-53.54466019417475,9.068919039643559,-6.882047440293928,30 days 06:05:54.098360656,14 days 10:22:04.800000,0.2699806576256852,0.033910262118179324,1.0567879726815905,-0.9921174338143479,22 days 05:55:37.651821862,1
CDNS,true,18,26,215,51.4018691588785,1.0395866185335596,22.554806070826306,2.1577766403126617,1.6805114021126646,0.4758642495784149,1,1.026808761700218,0.3286642990673932,0,0,9488,9489 days 00:00:00,1000.0,1460.3038971297858,46.03038971297858,15045.50018310515,100.0,518.0462873180797,91.95595789611707,7210 days 00:00:00,214,1,-1.4603038971297337,47.596982758620705,-54.32243436754176,9.013352219598522,-7.6409887240662835,34 days 09:22:54.545454545,16 days 23:18:27.692307692,0.22958099585013247,0.015954779700798876,1.0481493203452916,-0.9969405876074053,25 days 22:12:20.186915887,1
CDNS,true,18,27,202,48.258706467661696,1.040417630796929,21.184654300168635,1.981933622494239,1.4491750443384683,0.4470910623946037,1,0.8861048088765348,0.32109894346991164,0,0,9488,9489 days 00:00:00,1000.0,1396.9716864349066,39.69716864349066,15045.50018310515,100.0,411.5940279243037,92.93014029200201,7210 days 00:00:00,201,1,-1.3969716864346537,87.51706500941351,-54.32243436754175,10.225228706810848,-7.492988723216193,39 days 16:34:38.350515464,16 days 19:50:46.153846153,0.2254667840141045,0.013926962552717371,1.046837742373114,-0.9973615254953061,27 days 20:39:24.179104476,1
CDNS,true,19,21,415,49.75845410628019,1.1998473395587634,43.63406408094435,9.071674830316013,6.839280541081462,0.9185286677908938,2,8.33259339652235,0.5130365529596582,0,0,9488,9489 days 00:00:00,1000.0,4750.922457293535,375.0922457293536,15045.50018310515,100.0,1454.8348968504436,82.34771901229125,6219 days 00:00:00,414,1,-4.7509224572932,47.30147287754869,-55.285046728971956,6.814213439842513,-5.129524281993423,17 days 03:50:40.776699029,9 days 05:04:36.923076923,0.3494827504141618,0.0750177574427992,1.0749207462087351,-0.9750694731870363,13 days 03:59:59.999999999,1
CDNS,true,19,26,224,52.91479820627802,1.0580006340058352,23.50337268128162,2.750015956171019,2.2047960512853666,0.49578414839797635,1,1.3634143189110954,0.34153978960500886,0,0,9488,9489 days 00:00:00,1000.0,1611.641916309829,61.16419163098289,15045.50018310515,100.0,490.70681897916165,93.02859759433588,7210 days 00:00:00,223,1,-1.6116419163097362,51.04181034482761,-54.32243436754176,8.581771490601032,-7.660747584357922,32 days 13:25:25.423728813,16 days 06:51:25.714285714,0.24043600646257196,0.019915788367544283,1.0503289496824695,-0.995934718627722,24 days 21:31:28.789237667,1
CDNS,true,20,21,548,48.263254113345525,1.193409935487685,57.65177065767285,6.81536689498558,4.983814914066238,1.2129005059021922,3,8.266361954837063,0.5086514647914139,0,0,9488,9489 days 00:00:00,1000.0,4723.282409147963,372.3282409147963,15045.50018310515,100.0,1781.3386172203602,84.71046489676878,6141 days 00:00:00,547,1,-4.723282409147032,42.1595600826518,-52.14799999999998,5.972118824472545,-4.365633208376113,12 days 20:00:00,7 days 10:15:41.342756183,0.3493052433909129,0.07264407576379116,1.074559643288281,-0.9752531829195755,10 days 00:52:39.049360145,1
CDNS,true,20,25,257,50.78125,1.0920313981614413,26.981450252951095,5.2684070632403674,4.053580245154166,0.5688237774030355,2,2.9967952066092187,0.3982007354143198,0,0,9488,9489 days 00:00:00,1000.0,2346.365842347187,134.63658423471867,15045.50018310515,100.0,772.3269860072985,91.09279512825134,7210 days 00:00:00,256,1,-2.3463658423470406,50.56564586470319,-50.507637231503566,8.324058638047898,-6.649020684408042,28 days 13:28:36.923076923,14 days 10:17:08.571428571,0.27791350151292843,0.03661114127350385,1.058279823372358,-0.9910513719985259,21 days 14:31:52.499999999,1
CDNS,true,20,26,235,50.427350427350426,1.0677028015463463,24.662731871838112,3.600875511391145,2.75125168573009,0.5201306913996627,2,1.8729258693839903,0.3623496406602627,0,0,9488,9489 days 00:00:00,1000.0,1840.764105559972,84.0764105559972,15045.50018310515,100.0,623.5694928328544,89.04270660428536,6779 days 00:00:00,234,1,-1.840764105559856,57.14170403587446,-50.50763723150358,8.864656473320494,-7.087363611349237,31 days 23:47:47.796610169,15 days 10:45:31.034482758,0.25475856459009133,0.026670993801296096,1.0533278789276728,-0.9944118567323931,23 days 18:58:27.692307691,1
CDNS,true,22,27,245,50.81967213114754,1.0668764384949116,25.716694772344013,2.994433961291385,2.3056992747151748,0.5422639123102867,2,1.623773475004656,0.35308935196843894,0,0,9488,9489 days 00:00:00,1000.0,1728.912973581514,72.89129735815139,15045.50018310515,100.0,579.0678197418209,90.71970559316847,7210 days 00:00:00,244,1,-1.728912973581373,49.07194570135747,-49.41902439024389,8.082536442317698,-6.64769016627651,30 days 04:03:52.258064516,15 days 08:24:00,0.24793238259246175,0.02346012504771652,1.0518196991452948,-0.995155275898371,22 days 21:08:51.147540982,1
CDNS,true,23,27,264,50.57034220532319,1.1003572577252776,27.719224283305227,3.2821300548461494,2.514824849029484,0.5843170320404723,2,1.9178044924185345,0.3662714286680188,0,0,9488,9489 days 00:00:00,1000.0,1861.338865558982,86.1338865558982,15045.50018310515,100.0,530.2936241222117,89.24026124101755,7210 days 00:00:00,263,1,-1.8613388655587642,49.07194570135747,-48.28154613466333,7.426409557906921,-5.996780804358638,26 days 22:11:43.759398496,15 days 10:31:23.076923077,0.2559443106451775,0.027102540959571982,1.0536465448755516,-0.994275106476512,21 days 05:55:53.612167299,1
CDNS,true,24,26,359,46.64804469273743,1.01029369518956,37.731871838111296,0.28839235840928623,0.2038324185472778,0.7945826306913997,2,0.22915155881614765,0.2878085738890318,0,0,9488,9489 days 00:00:00,1000.0,1102.1423219885419,10.214232198854187,15045.50018310515,100.0,660.1782917423304,87.87025788239372,6583 days 00:00:00,358,1,-1.1021423219883673,49.071945701357464,-51.36829268292682,6.800457746370249,-5.013181849042214,20 days 06:53:53.532934131,11 days 06:54:39.581151832,0.20177598056794643,0.004265391095748846,1.042161346484437,-0.9993211104932009,15 days 11:39:53.296089384,1
CDNS,true,24,27,294,47.781569965870304,1.0627150394854141,30.881112984822934,1.722670406685566,1.247149947957282,0.6507166947723441,2,1.1209703932205612,0.3341960932861078,0,0,9488,9489 days 00:00:00,1000.0,1503.2391899688928,50.32391899688927,15045.50018310515,100.0,500.2950524448475,89.99120414603216,7210 days 00:00:00,293,1,-1.503239189968781,48.888793103448286,-50.27456359102243,7.469998857541624,-5.548441911147594,24 days 09:56:34.285714285,14 days 02:40:00,0.23375765645181684,0.017560602793467047,1.0487449856311584,-0.9966552179465991,19 days 00:49:08.805460750,1
CDNS,true,25,26,481,46.25,1.0372708617624578,50.5902192242833,0.9561024827739644,0.6699960580044827,1.0646079258010117,3,1.0178742810391876,0.32752207953484885,0,0,9488,9489 days 00:00:00,1000.0,1457.4717200115028,45.74717200115028,15045.50018310515,100.0,1028.768166201762,87.83470091490132,6583 days 00:00:00,480,1,-1.4574717200114264,48.88879310344829,-38.8279785828367,5.624641087684723,-4.136880449519962,14 days 10:03:14.594594594,9 days 02:36:16.744186046,0.22396926004920148,0.01661712662834199,1.04592079043675,-0.9969594116882521,11 days 13:32:59.999999998,1
CDNS,true,29,33,238,46.41350210970464,1.1476949117130404,24.97892074198988,9.474189234138947,6.662580333431046,0.5267706576728499,2,4.9907248937844075,0.44586856603351815,0,0,9488,9489 days 00:00:00,1000.0,3242.1407077831586,224.2140707783159,15045.50018310515,100.0,846.2962725374312,87.85103823839854,7210 days 00:00:00,237,1,-3.24214070778271,63.71118660776729,-48.068749999999994,9.852469633058718,-6.241421323865718,32 days 06:58:54.545454545,16 days 17:00:28.346456692,0.31340086541766476,0.05268426801423749,1.0654284261882767,-0.9850975994118102,23 days 22:34:56.202531644,1
CDNS,true,30,33,262,49.42528735632184,1.0861217092727427,27.508431703204046,4.840349529012649,3.62478282388617,0.5798903878583475,2,2.8068721657491142,0.3928880824618494,0,0,9488,9489 days 00:00:00,1000.0,2261.070156915402,126.10701569154021,15045.50018310515,100.0,768.5721156872828,92.7446293106878,7210 days 00:00:00,261,1,-2.261070156915139,53.36340425531916,-50.149999999999984,8.510638202882177,-6.454116452484639,28 days 01:51:37.674418604,15 days 14:43:38.181818181,0.2784612041523284,0.03437320010904555,1.05800002792469,-0.9916182902424775,21 days 18:34:28.965517239,1
CDNS,true,31,33,306,49.50819672131148,1.0298714044066772,32.14586846543001,1.364779036785535,1.0237537732469737,0.6772765598650928,2,0.9243328510101021,0.32688737985485367,0,0,9488,9489 days 00:00:00,1000.0,1414.842763456118,41.48427634561179,15045.50018310515,100.0,760.0122464086858,93.5810247229092,7210 days 00:00:00,305,1,-1.4148427634559084,48.31111111111111,-50.149999999999984,7.436703847836516,-6.069963393956967,23 days 18:26:13.509933774,13 days 13:05:27.272727272,0.2317107355874709,0.01435948594405907,1.0482630084059643,-0.9972427452832577,18 days 14:33:26.557377047,1
CDNS,true,32,33,424,49.881796690307326,1.0417692238472918,44.582630691399665,1.7994577498538789,1.3600028125910468,0.9384485666104553,2,1.6886985460264479,0.35869971419067265,0,0,9488,9489 days 00:00:00,1000.0,1759.411216971208,75.94112169712079,15045.50018310515,100.0,1270.0785434598306,91.86404509908738,6754 days 00:00:00,423,1,-1.7594112169711025,42.614285714285735,-32.6675,5.923573390842938,-4.950050866057016,16 days 16:43:13.364928910,10 days 05:05:39.622641509,0.2487335380418104,0.023915913393647622,1.051003503348822,-0.9949525691553681,13 days 10:43:24.255319148,1
CDNS,true,38,39,394,51.908396946564885,1.0978320227389424,41.42074198988196,9.4385245916924,7.423313349931565,0.8720489038785835,2,8.230855024416412,0.5020381095948848,0,0,9488,9489 days 00:00:00,1000.0,4704.635529006127,370.46355290061274,15045.50018310515,100.0,2670.8224056819613,89.32235074944043,6583 days 00:00:00,393,1,-4.704635529005827,48.78942128000184,-33.21444775085093,6.235710047602627,-5.052820589985423,18 days 13:52:56.470588235,10 days 11:40:57.142857142,0.34919345011722397,0.0687125061478916,1.0717857286317019,-0.9753771195113464,14 days 16:29:18.778625953,1
CDNS,true,41,42,377,51.59574468085106,1.2273962808547316,39.62900505902192,29.49952768010482,23.06136512709677,0.8344224283305227,2,24.615067521436533,0.65521688405701,0,0,9488,9489 days 00:00:00,1000.0,12079.742665054366,1107.9742665054364,15045.50018310515,100.0,3830.8988694237655,89.76918944413711,6975 days 00:00:00,376,1,-12.079742665053345,48.77058076297537,-32.37118644067795,6.6162890530850405,-4.772548471885084,19 days 19:10:30.927835051,10 days 16:36:55.384615384,0.44220283699679513,0.11204394835901808,1.091323800181356,-0.9263584292299168,15 days 09:22:58.723404254,1
CDNS,true,46,47,356,51.83098591549295,1.1479792899109065,37.41568296795953,5.97768913309239,4.6943866858258625,0.7879426644182125,2,4.710076302592613,0.4413608963216522,0,0,9488,9489 days 00:00:00,1000.0,3118.9606815662423,211.89606815662424,15045.50018310515,100.0,996.1953615580926,85.7042422535089,5843 days 00:00:00,355,1,-3.1189606815660227,97.44665061826177,-37.94000846862793,6.9166503281605545,-5.634179937710718,20 days 17:28:41.739130435,11 days 19:05:15.789473684,0.3093432402160625,0.05218639218701246,1.0629761734808751,-0.9859163161358659,16 days 10:12:30.422535211,1
CDNS,true,54,56,220,51.141552511415526,1.336160313013483,23.08178752107926,45.31697501368538,35.11485541395297,0.4869308600337268,1,22.066233617540732,0.6326556250520537,0,0,9488,9489 days 00:00:00,1000.0,10913.504023973124,991.3504023973123,15045.50018310515,100.0,1810.4270541382411,77.13108404411152,5800 days 00:00:00,219,1,-10.913504023972564,98.2829720815316,-36.16400548767172,9.94540240495093,-6.500087932757169,34 days 09:25:42.857142857,19 days 07:51:01.682242990,0.43213548118223777,0.12484091180266367,1.0867954763441323,-0.9341098407940922,27 days 00:46:01.643835615,1
CDNS,true,55,56,317,50.0,1.3306225416717863,33.305227655986506,34.656910711043906,26.255235387154475,0.701623102866779,2,24.316089228859532,0.6472128697688341,0,0,9488,9489 days 00:00:00,1000.0,11939.64414054931,1093.964414054931,15045.50018310515,100.0,2755.640342456723,72.18841570654509,5225 days 00:00:00,316,1,-11.939644140547898,79.58124338388444,-34.41234871901232,7.471522887458199,-4.895399522147409,24 days 05:09:52.405063291,13 days 04:51:38.734177215,0.44101643912996585,0.13864717398699677,1.088665480627337,-0.9272895948462143,18 days 17:00:45.569620252,1
