Ticker,Strategy Type,Fast Period,Slow Period,Signal Period,Signal Entry,Signal Exit,Signal Unconfirmed,Total Open Trades,Total Trades,Score,Win Rate [%],Profit Factor,Expectancy per Trade,Sortino Ratio,Beats BNH [%],Avg Trade Duration,Trades Per Day,Trades per Month,Signals per Month,Expectancy per Month,Start,End,Period,Start Value,End Value,Total Return [%],Benchmark Return [%],Max Gross Exposure [%],Total Fees Paid,Max Drawdown [%],Max Drawdown Duration,Total Closed Trades,Open Trade PnL,Best Trade [%],Worst Trade [%],Avg Winning Trade [%],Avg Losing Trade [%],Avg Winning Trade Duration,Avg Losing Trade Duration,Expectancy,Sharpe Ratio,Calmar Ratio,Omega Ratio,Skew,Kurtosis,Tail Ratio,Common Sense Ratio,Value at Risk,Daily Returns,Annual Returns,Cumulative Returns,Annualized Return,Annualized Volatility,Signal Count,Position Count,Total Period,Allocation [%],Stop Loss [%],Last Position Open Date,Last Position Close Date
AMAT,SMA,57,78,0,True,False,,0,83,1.71014823674328,62.65060240963856,3.3683750989415766,14.6770279052125,1.162567445778942,-0.3298919423028484,80 days 13:00:43.373493976,0.0049846998598678,0.1516179540709812,0.3032359081419624,2.225300942831019,0,11496,11497 days 00:00:00,1000.0,1605666.987525652,160466.6987525652,239463.91467670797,100.0,42571.52300365276,75.60532992259306,2378 days 00:00:00,83,0.0,183.82534670962403,-56.64765999452668,30.706075168237177,-12.210406213409534,100 days 13:50:46.153846154,46 days 22:27:05.806451613,19333.337199104237,0.7628615236890047,0.3492748640000557,1.1606042919828787,0.4922618598859132,10.45169580479836,1.1390650845844998,1.0189095493224076,-0.0333348953558658,0.0008885617509473,0.223917561238743,1604.6669875256512,0.1756119652168575,0.3532552347933729,0,83,16650.95238095238,,,,
NVDA,SMA,46,63,0,True,False,,0,58,1.7098791666291069,63.793103448275865,24.894689865850925,22.215863740737607,1.7386183240049955,-0.3297937703481663,74 days 12:24:49.655172413,0.0059491658916117,0.1809537958698558,0.3619075917397117,4.0200448724139655,0,6731,6732 days 00:00:00,1000.0,3043839.7614869066,304283.9761486906,454015.4398546303,100.0,21246.869437725494,70.9590305599809,2220 days 00:00:00,58,0.0,197.56748100016208,-52.28317272926969,41.43636357592212,-11.648826445063696,96 days 19:27:34.054054054,35 days 05:42:51.428571429,52462.75450839494,1.0839696249911346,0.7677378513408121,1.239204626006491,1.4556549122065028,25.33366958964422,1.1375319041550591,1.089380105718405,-0.038252960068859,0.0015657709004984,0.3945742669256196,3042.8397614868763,0.3501918056666064,0.4380844193454174,0,58,9749.265873015873,,,,
AMZN,SMA,53,67,0,True,False,,0,72,1.6445137809618746,65.27777777777779,2.1754922283683653,14.586013318611569,1.499200230350387,-0.6535111218337156,63 days 06:39:59.999999999,0.0069465607938926,0.2112912241475684,0.4225824482951369,3.081896609522176,0,7156,7157 days 00:00:00,1000.0,794042.5580819804,79304.25580819805,228879.65763258623,100.0,39939.92135457036,71.33769985569185,1292 days 00:00:00,72,0.0,265.56026088140834,-33.131139152702424,28.23050048002324,-11.065622544842396,78 days 11:44:40.851063829,34 days 16:19:12,11014.479973360842,0.9257764266764608,0.5686878601665885,1.214442471925323,1.396511306089514,17.314089024898617,1.1883590855008146,1.0219490781387182,-0.0326802145071015,0.0012703407176799,0.3201258608553543,793.0425580819843,0.2650401866204279,0.4161604487602613,0,72,10364.84126984127,,,,
AVGO,SMA,20,27,0,True,False,,0,85,1.6200060527830906,60.0,4.528057967644326,4.558658166368634,1.6224488062672495,-0.8843811828523391,30 days 13:33:10.588235294,0.0143835616438356,0.4375,0.875,1.994412947786277,0,4080,4081 days 00:00:00,1000.0,26189.75294353675,2518.9752943536755,21786.897293168164,100.0,829.8787883336095,25.735814052297044,463 days 00:00:00,85,0.0,74.88689513988385,-14.289043931377558,10.451262169064304,-4.280247837674871,39 days 08:00:00,17 days 09:52:56.470588235,296.3500346298441,1.060424408366177,1.317895263757187,1.2166259264571475,0.4354739921782246,10.872561996364388,1.1164741859112823,1.0897035881435255,-0.0242379070387975,0.0009446933067228,0.2380627132941495,25.18975294353684,0.2234014923513254,0.2701828791746615,0,85,5909.523809523809,,,,
GDS,SMA,59,60,0,True,False,,0,82,1.6052116369640554,60.97560975609756,2.038606885113249,5.524152299439422,1.5991508890044903,5.523949196721457,15 days 01:45:21.951219512,0.0250947245700961,0.7632978723404256,1.5265957446808511,4.21657369664658,0,2256,2257 days 00:00:00,1000.0,16360.421345362613,1536.0421345362613,235.44667320649637,100.0,955.879713449549,63.54639112334891,880 days 00:00:00,82,0.0,200.4612163664083,-38.66416695336764,12.753330228105506,-5.771438214101336,18 days 02:24:00,10 days 08:15:00,187.32221152881235,1.0753656265684255,0.8992254496005699,1.2383400609034003,-0.4908662934777544,15.038562469642637,1.2903387881886097,0.9597014925373136,-0.0444475459024843,0.0017071856261914,0.4302107778002391,15.360421345362685,0.3662285421531148,0.48147229038836,0,82,3267.6190476190477,,,,
NFLX,SMA,63,71,0,True,False,,0,55,1.5591652544948322,58.18181818181818,5.401767590863621,23.63048274956546,1.5529167355031224,-0.6854089645765006,72 days 00:00:00,0.0064425861451859,0.1959619952494061,0.3919239904988123,4.630676548311521,0,5894,5895 days 00:00:00,1000.0,288525.0033288492,28752.50033288492,91396.43885331502,100.0,5824.261671080193,72.10073319455323,1141 days 00:00:00,55,0.0,589.5700556227429,-37.84585632772413,49.67820903148951,-12.609832077459298,99 days 23:15:00,33 days 02:05:13.043478261,5227.727333251803,0.9681273152239916,0.5826931122988285,1.2045633378996985,1.5164147252274534,25.522960770196477,1.222731714036947,0.9851411589895988,-0.033536996757783,0.0012689631059349,0.3197787026956121,287.5250033288501,0.2739962442037413,0.3975238816377963,0,55,8536.944444444443,,,,
EDU,SMA,29,32,0,True,False,,0,135,1.5409257126978613,58.51851851851851,1.9087354699337236,4.384974298228921,1.4053884051403427,7.87139995316066,21 days 09:14:39.999999998,0.0193895318186092,0.5897649261493655,1.179529852298731,2.5861040431618454,0,4807,4808 days 00:00:00,1000.0,72912.10479720165,7191.210479720165,810.6060506445901,100.0,3997.472978528671,66.18989358956506,1490 days 00:00:00,135,0.0,97.92361572078356,-28.60363836178759,13.147360967922642,-7.976249753660433,26 days 09:43:17.468354430,14 days 07:17:08.571428571,532.6822577570493,0.9279065362709652,0.581490805743128,1.2014946332314709,0.2202113896862443,13.880831453586175,1.238026564647293,0.9704918032786886,-0.0346072524032087,0.0011954286406891,0.3012480174536666,71.9121047972013,0.2520862811536539,0.3907204346070937,0,135,6962.519841269841,,,,
RGTI,SMA,10,11,0,True,False,,0,83,1.511887065367446,45.78313253012048,2.972996751041438,6.882588891885468,2.2586169543671253,2.361752312108522,6 days 14:27:28.192771084,0.0505773253213072,1.5383936451897615,3.0767872903795235,10.588131013730248,0,1133,1134 days 00:00:00,1000.0,10827.183581471028,982.7183581471028,292.32324898163984,100.0,220.40321901376623,85.6932565852783,759 days 00:00:00,83,0.0,306.3113461665382,-29.58235394014953,25.405058289194855,-8.758607488064683,8 days 17:03:09.473684210,4 days 19:44:00,118.39980218639788,1.1965686684241803,1.3451204485396508,1.343943586552928,2.3060893123199913,18.26305998342268,1.9406545389824263,0.6925207756232687,-0.0765998202887559,0.0042010001759473,1.0586520443387442,9.82718358147102,0.6978226907324363,1.064784634768543,0,83,1641.0515873015872,,,,
ADBE,SMA,42,62,0,True,False,,0,82,1.4639972284962932,62.19512195121951,1.7721046636251538,10.257055283340913,0.9317821279196788,-0.9225739805530468,74 days 16:23:24.878048780,0.0057324522711762,0.1743620899149453,0.3487241798298906,1.7884415955764528,0,9876,9877 days 00:00:00,1000.0,130684.13748599024,12968.41374859902,167494.2589226621,100.0,6655.369248010219,81.92090349651285,1080 days 00:00:00,82,0.0,162.68056733504585,-61.32298369407654,24.392736402811813,-12.998420106756376,96 days 20:14:07.058823529,38 days 05:25:09.677419355,1581.5138717803684,0.6349907316361472,0.2408456449928745,1.135407332790648,-0.0385865687805169,19.854809938596745,1.0847980912127704,1.046653144016227,-0.0317983342550085,0.0007485286154713,0.1886292110987859,129.68413748598982,0.1323819274358586,0.3575096129563451,0,82,14304.52380952381,,,,
PLTR,SMA,10,11,0,True,False,,0,104,1.43224310732925,52.88461538461539,1.8640330740060496,3.893835462097007,2.6252054127743247,-0.2704399776716968,7 days 00:41:32.307692307,0.0564043517093695,1.715632364493323,3.431264728986646,6.6803901407854385,0,1273,1274 days 00:00:00,1000.0,14449.247397122284,1344.9247397122283,1843.4737356085695,100.0,1120.3665266035923,42.414380309017126,372 days 00:00:00,104,0.0,150.34055121494586,-19.51745456833912,12.743256578583424,-6.039188240081627,8 days 13:05:27.272727272,5 days 07:50:12.244897959,129.31968651079123,1.4927951370422488,2.709667454653652,1.3517348302348344,1.7177152946548355,11.775811901752054,1.6517187631479118,0.8183807439824945,-0.0465655575285019,0.0026561372592382,0.6693465893280293,13.449247397122273,0.695976909184266,0.5396311422533642,0,104,1843.829365079365,,,,
GOOG,SMA,17,29,0,True,False,,0,92,1.4002535984235929,59.78260869565217,1.989081926392472,3.701348730489169,1.2544172072022186,-0.8618242019640119,35 days 22:41:44.347826086,0.0119170371893392,0.3624765478424015,0.724953095684803,1.3416521101885692,0,5330,5331 days 00:00:00,1000.0,15265.29008820486,1426.529008820486,10324.01498017,100.0,1082.9707365497236,50.4171240084433,2003 days 00:00:00,92,0.0,52.58665982127049,-18.03629751710494,10.51412102695508,-6.425745223716916,47 days 23:33:49.090909091,18 days 01:17:50.270270270,155.05750095874845,0.8202289614088296,0.4069283370708547,1.176864859688758,1.2112545383537694,21.161006148135797,1.114818116369919,1.055656382335148,-0.0200480692870096,0.0006119678366722,0.154215894841398,14.265290088204775,0.137508221531706,0.2262768896291198,0,92,7720.039682539682,,,,
ASTS,SMA,10,11,0,True,False,,0,129,1.400075424265476,48.06201550387597,1.989970649615003,4.627082214389399,2.2548643929010805,0.9908626180723172,6 days 04:16:44.651162789,0.059296280758076,1.8035952063914784,3.607190412782957,8.345383301451987,0,1502,1503 days 00:00:00,1000.0,14027.209234698576,1302.7209234698576,654.3499845967457,100.0,766.6394940451552,63.70450599850853,410 days 00:00:00,129,0.0,317.0556110912318,-38.073198814392086,16.382590094364076,-6.251148958124481,7 days 20:07:44.516129032,4 days 15:24:10.746268656,100.98611809843858,1.0984626023748352,1.4113013149737057,1.327414447960838,5.426019752560207,67.1876848101221,1.846678501984083,0.7188118811881188,-0.0583599675055484,0.0027974968077905,0.7049691955632076,13.0272092346986,0.5570643490553264,0.7723800121719705,0,129,2175.515873015873,,,,
NRG,SMA,49,60,0,True,False,,0,65,1.3606353875294757,56.92307692307692,2.654185815533548,4.481617708709142,0.9561298705075288,-0.5129285179739698,47 days 18:27:41.538461538,0.0081460723050947,0.2477763659466328,0.4955527318932656,1.1104389494260265,0,5509,5510 days 00:00:00,1000.0,9133.96726864814,813.396726864814,1669.974032315331,100.0,401.16520517872914,40.42527655847606,1068 days 00:00:00,65,0.0,100.87851933025848,-15.480753950141004,12.04658158028141,-5.5149416930113535,60 days 23:21:04.864864865,30 days 07:42:51.428571428,125.13795797920216,0.6544589004983214,0.3903736104075264,1.1380476710396863,0.001411987157427,14.48650680600764,1.0560072659185236,1.0776892430278882,-0.0224423552234676,0.0005144317989682,0.1296368133400051,8.133967268648128,0.1064601730387868,0.238392248751794,0,65,7979.305555555556,,,,
AMGN,SMA,32,52,0,True,False,,0,111,1.2873623982931608,54.054054054054056,1.485189387319566,6.2585111343120285,0.9297799407643432,-0.9124727546265032,55 days 19:27:34.054054053,0.007180325722698,0.2184015740653986,0.4368031481307973,1.3668686830395709,0,10673,10674 days 00:00:00,1000.0,75201.7817435132,7420.178174351321,84775.63920454608,100.0,9979.057469377978,61.8241990844767,3015 days 00:00:00,111,0.0,178.65389871016515,-26.403315558103685,18.38147894978181,-8.003803942711242,73 days 16:24:00,34 days 18:49:24.705882352,668.4845202118297,0.6102228919990119,0.2575030524299713,1.1307327577153616,0.7510202426066268,15.537728815804387,1.1524704109959378,0.9811382113821135,-0.0243092082828488,0.0005545033443871,0.1397348427855512,74.20178174351301,0.1073768404013288,0.2755893158538429,0,111,15458.90873015873,,,,
MSFT,SMA,38,55,0,True,False,,0,100,1.2716480644179464,52.0,1.9972038431390051,7.082815726609072,0.9903427552694112,-0.983979344051968,63 days 12:28:48,0.0069165593959538,0.2103786816269285,0.420757363253857,1.490073434770492,0,9982,9983 days 00:00:00,1000.0,87266.66634048843,8626.666634048843,538471.499670925,100.0,4919.762504093458,80.38363880444673,5241 days 00:00:00,100,0.0,232.6037304248108,-35.4259328358209,21.079720162153624,-8.080497411897529,89 days 23:04:36.923076924,34 days 21:00:00,862.6666634048842,0.6883940694097419,0.2208183902728421,1.141762327276458,-0.6787082701442776,24.264393707235495,1.1041296137530443,1.0340836012861736,-0.0229674696862763,0.0005775919318919,0.1455531668367643,86.26666634048789,0.1194189817117434,0.2544665493037992,0,100,14458.055555555557,,,,
QCOM,SMA,60,63,0,True,False,,0,164,1.2690402117248092,52.4390243902439,1.2588639658012974,12.31573748250415,1.0552525529259689,-0.6593585967460068,29 days 14:38:02.926829267,0.0132802483298468,0.4039408866995074,0.8078817733990148,4.974829919041086,0,8526,8527 days 00:00:00,1000.0,102966.84214763198,10196.684214763198,29933.7782118054,100.0,24710.63721651517,53.892995957916035,1624 days 00:00:00,164,0.0,1689.8375939849625,-25.753453556488218,29.71568890792427,-6.868824345523166,35 days 18:41:51.627906977,22 days 19:23:04.615384615,621.749037485562,0.6735493012981087,0.4071433076637006,1.1506021000978957,1.4693363602808245,23.764823326198545,1.181153217951801,0.974134500596896,-0.032130518189248,0.0007910743735111,0.1993507421247987,101.96684214763164,0.1467839773095263,0.3562005852027466,0,164,12349.166666666666,,,,
META,SMA,6,26,0,True,False,,0,80,1.266270583684044,45.0,2.420410881269646,4.607812783892207,1.522039777838462,-0.4818362650767497,26 days 11:59:59.999999999,0.016350762792282,0.497335701598579,0.994671403197158,2.2916298037119325,0,3378,3379 days 00:00:00,1000.0,10489.45782690698,948.9457826906978,1831.3627888899912,100.0,557.0723790602908,36.17420744661064,612 days 00:00:00,80,0.0,169.10843728624246,-14.069221392894647,15.883721198621853,-4.617930464522957,43 days 19:20:00,12 days 08:10:54.545454545,118.6182228363372,0.9363367788443108,0.798985226132536,1.209469055054418,2.6279497789366006,50.42361352719254,1.217214968490263,0.9936363636363638,-0.0230510815826097,0.0008386852287284,0.2113486776395733,9.489457826906971,0.1915876781710088,0.2716524424325473,0,80,4892.738095238095,,,,
IBKR,SMA,51,52,0,True,False,,0,171,1.2635124716610435,56.72514619883041,1.9492455732288396,1.396911436475448,0.8433337137032675,-0.4790209576153666,16 days 00:08:25.263157894,0.0253947674709835,0.7724241772424177,1.5448483544848357,1.0790081670000715,0,4649,4650 days 00:00:00,1000.0,5056.3129751223905,405.63129751223903,778.594270617062,100.0,509.8085276302372,47.359014274295106,1759 days 00:00:00,171,0.0,115.576323756104,-25.05723861298324,5.346752303553955,-3.7805826730734062,21 days 00:29:41.443298969,9 days 10:22:42.162162162,23.721128509487663,0.5854848309180085,0.2864438770050967,1.1203405959124018,-0.1372741029314355,12.420335751909548,1.177793959805337,0.951219512195122,-0.0218775728080556,0.0004629796037733,0.1166708601508821,4.056312975122361,0.091800425233198,0.2398241500239235,0,171,6733.670634920635,,,,
XYZ,SMA,9,21,0,True,False,,0,59,1.243254709816776,50.84745762711864,1.6922567210440818,7.015112258747861,1.6204590901003892,1.856357709566434,23 days 14:14:14.237288134,0.0163198103266596,0.4963942307692307,0.9927884615384616,3.482261253440945,0,2496,2497 days 00:00:00,1000.0,15526.557373741323,1452.6557373741325,508.56926375465446,100.0,986.9445232301812,56.471563287222914,992 days 00:00:00,59,0.0,186.633432647393,-25.98978787938088,20.453318251526387,-6.886480147574751,35 days 00:00:00,11 days 19:02:04.137931034,246.2128368430733,1.090503396533827,0.8732863792523444,1.2390561775786355,0.0236582911307133,9.0394585193257,1.1015629986045024,1.1248164464023491,-0.0378318085353142,0.0014002516820509,0.3528634238768314,14.526557373741287,0.3188779969996547,0.3894267525643393,0,59,3615.238095238095,,,,
INFY,SMA,58,62,0,True,False,,0,125,1.237575692146964,52.0,1.3266267848439566,6.745952614809125,0.9227790597299088,-0.2133188241419385,29 days 20:55:40.799999999,0.0128846476355648,0.3919080322484323,0.7838160644968647,2.643793014911011,0,6698,6699 days 00:00:00,1000.0,18988.269197840607,1798.826919784061,2286.6022157222915,100.0,3381.126933376811,61.96552738997666,2632 days 00:00:00,125,0.0,615.6929820510577,-28.834935488549295,19.223979526256755,-6.771909872592476,39 days 03:41:32.307692307,19 days 19:36:00,143.90615358272504,0.6056635071450683,0.2807625964826693,1.1443461483147472,0.9395999414990792,26.376249373350532,1.1306235406967962,1.012137203166227,-0.0247876076287547,0.0006447297528852,0.1624718977270741,17.988269197840722,0.1171037094277651,0.3228442144450541,0,125,9701.468253968254,,,,
ABT,SMA,67,82,0,True,False,,0,84,1.2216926681799092,57.14285714285714,1.4777096919760528,3.937764901452649,0.6836108061228912,-0.95039669718315,89 days 03:08:34.285714285,0.0050447564846855,0.1534446764091858,0.3068893528183716,0.6042290610788511,0,11496,11497 days 00:00:00,1000.0,13496.96493573902,1249.696493573902,25193.816189783807,100.0,1569.9413065632757,41.43782282292916,2983 days 00:00:00,84,0.0,40.935289417653586,-19.04246951484368,12.0084049189545,-6.823088455216486,112 days 05:00:00,58 days 08:40:00,148.77339209213125,0.4694664937418387,0.2078551695111014,1.0870923993983457,0.0593870485849655,7.1689583764076605,1.0882879918090125,0.9989014007140896,-0.0189192082367937,0.0003017922221345,0.0760516399778995,12.496964935739015,0.0587011281167679,0.1949620773826513,0,84,16650.95238095238,,,,
MCD,SMA,14,89,0,True,False,,0,109,1.2073764165949428,46.788990825688074,1.7351661868388122,7.42758473312661,0.6801356767404647,-0.9581190032899763,85 days 18:29:43.486238531,0.0050418594747787,0.1533565590245209,0.3067131180490419,1.1390688365353618,0,14926,14927 days 00:00:00,1000.0,48470.39339239097,4747.039339239098,113345.9017727476,100.0,3920.7613729195127,80.54741056648949,2470 days 00:00:00,109,0.0,364.5361327981466,-48.97005160267434,25.016483339651185,-8.038515765713965,145 days 10:49:24.705882352,33 days 07:02:04.137931034,435.5081962604679,0.5083550115384645,0.1235882036504408,1.1075472236939252,-6.749193605862916,257.9147502259605,1.0388712718305229,1.0661063153112222,-0.0189326648782466,0.0003618755385153,0.0911926357058724,47.47039339239176,0.0677128866787346,0.2158931289545601,0,109,21619.007936507936,,,,
GOOGL,SMA,13,29,0,True,False,,0,97,1.2066811641753752,51.546391752577314,1.842828816677544,3.4707212158591196,1.2646800349924217,-0.863346019701252,33 days 18:03:42.680412369,0.0125647022539772,0.3821763602251407,0.7643527204502815,1.3264276016332133,0,5330,5331 days 00:00:00,1000.0,15008.686688277652,1400.8686688277653,10251.21014232616,100.0,1313.6785379055464,42.3772201571026,999 days 00:00:00,97,0.0,52.618444995556935,-13.595847781998202,11.475921104298273,-5.0454488782250815,49 days 02:24:00,17 days 10:12:45.957446808,144.41945039461484,0.8237650725867462,0.4808327492879262,1.1786612840513313,1.2862328560300191,22.51489374056419,1.1286367062979898,1.0443230115361264,-0.0196621641586887,0.0006059151397897,0.152690615227005,14.008686688277711,0.1365970382739967,0.2230771733185883,0,97,7720.039682539682,,,,
CSCO,SMA,43,68,0,True,False,,0,64,1.203180254048548,54.6875,1.3788991304846596,11.716321402872566,1.0981362187040304,-0.8760140159046331,86 days 01:29:59.999999999,0.0049166909279918,0.1495493490597529,0.2990986981195059,1.7521682391744442,0,8987,8988 days 00:00:00,1000.0,114226.64536754154,11322.664536754151,91322.13305695134,100.0,12113.254972426072,56.046161591126406,4520 days 00:00:00,64,0.0,189.02813781788353,-23.37023136443678,28.354640150259673,-8.364408119836012,120 days 18:30:51.428571428,44 days 04:08:16.551724137,1769.1663338678345,0.7452892822250649,0.3785718595277014,1.1532155105612394,0.1302675377021674,9.37597543278665,1.0723597488434202,1.0753998476770752,-0.0261874326971204,0.0006784750694548,0.17097571750263,113.22664536754108,0.1420744445381434,0.2760932067237822,0,64,13016.88492063492,,,,
CRM,SMA,21,34,0,True,False,,0,88,1.174021220487419,51.13636363636363,1.575059265476773,4.250074258455157,1.112639165586386,-0.7562732072594552,36 days 18:16:21.818181817,0.0113139970919109,0.3441340782122905,0.688268156424581,1.4625953872672497,0,5370,5371 days 00:00:00,1000.0,15200.202575954576,1420.0202575954577,5826.278849478465,100.0,1311.5457129976303,49.906349255144626,1030 days 00:00:00,88,0.0,68.39619307367391,-20.4226199228357,15.144358087542756,-7.150920446403957,53 days 19:44:00,18 days 21:46:02.790697674,161.36593836312016,0.7079631837049788,0.4070391884563205,1.1490838279332327,1.5148099418237315,21.035528940373503,1.1359790303757695,1.0115361262902247,-0.0266605373224267,0.0006656031833283,0.1677320021987366,14.20020257595453,0.1361894752542054,0.2851355840814057,0,88,7777.97619047619,,,,
HDB,SMA,19,43,0,True,False,,0,72,1.1739169435490016,51.388888888888886,1.8392733711798688,4.800454790959734,0.9416877739513142,-0.7666416619067217,50 days 09:39:59.999999998,0.0081464419929688,0.247787610619469,0.4955752212389381,1.1894932225386954,0,6102,6103 days 00:00:00,1000.0,12469.578013094932,1146.957801309493,4915.0067260550595,100.0,881.8793458195096,39.35558071543229,1162 days 00:00:00,72,0.0,60.389163901326725,-19.886926609410526,15.962753883084444,-6.999689963572098,75 days 21:24:19.459459459,23 days 10:58:17.142857142,159.29969462631854,0.6371890624218769,0.4138970250834456,1.1360117096184703,0.4019469296623059,15.56709071748747,1.082060246354841,1.0498599439775909,-0.0238909408923289,0.0005483002544992,0.1381716641338183,11.469578013094887,0.1098109341696733,0.2609737569783965,0,72,8838.214285714286,,,,
PKX,SMA,14,40,0,True,False,,0,102,1.1688740672492166,46.07843137254902,1.3692107403364304,3.2325652450356115,0.6826894215265134,12.166381978534712,39 days 05:24:42.352941176,0.0090180455638646,0.2742988859008836,0.5485977718017673,0.8866890453151851,0,7809,7810 days 00:00:00,1000.0,7623.839473210021,662.3839473210022,50.308729338165456,100.0,965.8519378508072,54.795267535757574,3977 days 00:00:00,102,0.0,117.8636363636364,-25.490438966726025,15.025646259123226,-6.845158530639258,57 days 05:06:22.978723404,23 days 20:30:32.727272727,64.93960267852967,0.4472338263935496,0.1817380384663861,1.0955080453884916,0.9929122978114708,13.490773850803455,1.13988305482195,0.9610705596107056,-0.0275235804757336,0.0004177844443163,0.1052816799677102,6.623839473210007,0.0677375222746465,0.2833115788140761,0,102,11310.65476190476,,,,
SYK,SMA,49,61,0,True,False,,0,126,1.1616879945656522,51.5873015873016,1.4232354976071344,4.107232779507585,0.7521862836396319,-0.9928732987107106,58 days 10:05:42.857142857,0.0075671347270283,0.2301670146137787,0.4603340292275574,0.9453495071831132,0,11496,11497 days 00:00:00,1000.0,29203.087434893816,2820.308743489382,395738.31272091874,100.0,3783.168336439316,65.58930752049675,5383 days 00:00:00,126,0.0,157.49338842975206,-28.4611842105263,14.69894768584916,-7.179020809217045,82 days 22:09:13.846153846,32 days 07:28:31.475409836,223.8340272610625,0.507277642949122,0.1723951779351963,1.104314716813263,0.54461301185676,18.688415711052727,1.0931664574857618,1.0101981351981353,-0.0225267972056348,0.0004155393607339,0.1047159189049575,28.203087434893728,0.0767636440177743,0.2484352103071676,0,126,16650.95238095238,,,,
WIT,SMA,6,25,0,True,False,,0,143,1.1541714558562408,46.85314685314685,1.4919642389857737,2.190734918433741,0.8039366716048427,4.243356340771754,23 days 15:26:26.013986013,0.0156961473963891,0.4774244833068362,0.9548489666136724,1.045910486495473,0,6290,6291 days 00:00:00,1000.0,8598.295445514044,759.8295445514044,144.91281827310775,100.0,1260.9922829072902,59.33300879117853,2534 days 00:00:00,143,0.0,82.05913893040676,-23.35949701376024,10.379645501153911,-5.02843625317483,34 days 12:10:44.776119403,14 days 01:34:44.210526315,53.13493318541293,0.5407686839612736,0.2240887431424735,1.1199604804483998,0.2471565549640382,19.80059851127271,1.1619090596804165,0.9638968481375356,-0.0250313570665473,0.0004949474904892,0.1247267676032986,7.598295445514028,0.0900087040612298,0.2775839143402159,0,143,9110.515873015873,,,,
RKLB,SMA,10,12,0,True,False,,0,79,1.1526432155307966,46.83544303797469,1.7756737059939087,2.897170363405073,1.671641833302414,-0.4040501227284256,8 days 06:04:33.417721517,0.0441997291356763,1.3444084278768234,2.6888168557536467,3.894980253556739,0,1234,1235 days 00:00:00,1000.0,4352.584698321227,335.2584698321226,562.5615217290251,100.0,249.6291754133836,63.32339210496366,799 days 00:00:00,79,0.0,101.48552966638869,-23.75797792970996,13.125390378679192,-6.113404411955462,11 days 03:53:30.810810810,5 days 16:34:17.142857142,42.43778099140794,0.9407338644001854,0.8598248254152082,1.2261031449073458,2.555429525528901,21.84486152470492,1.581943805259005,0.7750611246943766,-0.0482085788541842,0.001887017828284,0.4755284927275703,3.3525846983212233,0.350005280936567,0.6083533837183891,0,79,1787.34126984127,,,,
BRK-B,SMA,80,82,0,True,False,,0,178,1.133450484286587,52.24719101123596,1.8632626059054604,1.2289158611359954,0.8292541211921396,-0.727712176940426,26 days 21:58:39.101123595,0.0165780589079902,0.5042492917847026,1.0084985835694051,0.6196799526408135,0,7413,7414 days 00:00:00,1000.0,6503.265408971996,550.3265408971996,2021.1206462097027,100.0,1007.6892728339318,42.73953305869686,2376 days 00:00:00,178,0.0,38.77647793217683,-18.42364127929357,4.550211428305369,-2.404972230002261,36 days 03:21:17.419354839,16 days 19:45:52.941176470,30.9172213987191,0.5662159957517282,0.2259209062421277,1.1160331472349423,0.1728448262827532,16.88215694057014,1.132949667696925,0.9850686037126714,-0.0143155842521997,0.0003057513592934,0.0770493425419409,5.503265408971982,0.065707776782184,0.1637694780770711,0,178,10737.083333333334,,,,
BABA,SMA,20,21,0,True,False,,0,149,1.1265973669831648,47.651006711409394,1.3713033946932294,1.2306597546309517,1.093317020895742,2.362364215543,9 days 16:16:06.442953018,0.0368581988092842,1.1211035471157291,2.2422070942314583,1.3796970162093325,0,2791,2792 days 00:00:00,1000.0,3893.9465951162288,289.3946595116229,86.0688018787065,100.0,732.9562747043068,59.37219281467272,1293 days 00:00:00,149,0.0,40.39585959767259,-22.147177636263944,6.637937023826508,-3.6913490416880808,13 days 07:26:11.830985915,6 days 08:55:23.076923076,19.42246036990753,0.7024607232527309,0.3275755281284094,1.1538107628327057,0.8534520884187503,10.916077750539444,1.3627312301768963,0.8466898954703833,-0.0251531112737232,0.0006346722779558,0.1599374140448675,2.893946595116219,0.1305436857914395,0.2740149039326779,0,149,4042.519841269841,,,,
NOW,SMA,16,19,0,True,False,,0,137,1.1217542130363145,52.55474452554745,1.3183429905223851,1.6982478697155692,1.143678371627807,-0.8486920646699367,14 days 07:52:59.562043794,0.0282431476171582,0.8590624066885637,1.7181248133771274,1.4589009021115833,0,3349,3350 days 00:00:00,1000.0,6569.915537745679,556.9915537745679,3681.178733683373,100.0,1437.9377656471636,57.94069198485589,1039 days 00:00:00,137,0.0,33.896437717277784,-15.641786232241149,7.26256649044163,-4.46530506401176,18 days 05:00:00,10 days 00:44:18.461538461,40.65631779376409,0.7749707789170907,0.3929156249172402,1.16035146672527,0.2785031941720584,9.818165335246547,1.1115972034174828,1.043859649122807,-0.0275925091801647,0.0007186670916724,0.1811041071014636,5.569915537745666,0.1521261122169659,0.2812478000009404,0,137,4850.734126984127,,,,
WPM,SMA,28,30,0,True,False,,0,165,1.1211958210959667,49.696969696969695,1.5872817532387429,2.3693996060161613,0.977742858780008,-0.5976874545833962,17 days 06:32:43.636363635,0.0222974766528044,0.6782149148561363,1.3564298297122726,1.6069621520544135,0,5109,5110 days 00:00:00,1000.0,13253.77027345955,1225.377027345955,3045.8334976281917,100.0,1768.4125118499062,60.43806385500955,3039 days 00:00:00,165,0.0,108.05739914453186,-28.525456261684845,9.895404333815804,-5.065930366026858,21 days 21:57:04.390243902,12 days 16:28:54.939759036,74.26527438460329,0.6636027908627419,0.3354295355987461,1.1354345810464987,0.1773765175779198,6.3279033647741105,1.1669530765257896,0.9729907773386036,-0.0325434026574904,0.000720937159622,0.1816761642247561,12.253770273459551,0.1359213080748267,0.3294851988275147,0,165,7399.940476190476,,,,
ISRG,SMA,26,40,0,True,False,,0,85,1.1111451646395325,48.23529411764706,1.4307727622812674,5.992581220191992,0.7927908395115567,-0.970108435248456,45 days 22:18:21.176470587,0.0092025923642542,0.2799121844127332,0.5598243688254665,1.6773964996146629,0,6377,6378 days 00:00:00,1000.0,9026.236900718652,802.6236900718652,26851.176803328985,100.0,720.1275426863587,60.236227709427126,1610 days 00:00:00,85,0.0,210.1509675961709,-43.87718897212114,23.47413154898763,-10.2970452225494,70 days 18:08:46.829268292,22 days 19:05:27.272727272,94.42631647904297,0.5108353883083978,0.2227551283465454,1.1191029017625476,1.802044212307154,37.91716186228784,1.0895353774388117,1.027137736815156,-0.0266795590403532,0.0005617940507062,0.1415721007779814,8.026236900718636,0.0908193991444343,0.3335361127284643,0,85,9236.527777777776,,,,
AMD,SMA,49,51,0,True,False,,0,272,1.108480850526971,48.89705882352941,1.636764343813319,3.74399428247143,0.7718903005778371,-0.1396466239777408,22 days 11:01:45.882352940,0.0163354019504103,0.4968684759916492,0.9937369519832984,1.860272733253028,0,11496,11497 days 00:00:00,1000.0,69310.69709616159,6831.069709616159,7939.841813835604,100.0,5545.895817816138,86.24830685251037,3529 days 00:00:00,272,0.0,189.87522123893805,-45.83333333333333,16.24528133025726,-8.217668863971127,28 days 14:36:59.548872180,16 days 13:48:46.618705036,251.1422687358879,0.5183496038349944,0.1670044539221668,1.1128457677158936,0.5907132407806157,25.768694556678103,1.1804274945002624,0.9427480916030536,-0.0383134592588932,0.0007305769378399,0.1841053883356772,68.31069709616138,0.0973573121169355,0.4274544969662288,0,272,16650.95238095238,,,,
AAPL,SMA,19,23,0,True,False,,0,317,1.1055026115709898,47.94952681388013,1.9633339165794852,2.7168069080592554,1.0104509153320305,-0.8678549373887117,20 days 11:07:45.615141955,0.0193544635631944,0.588698266713831,1.177396533427662,1.599379517770646,0,11308,11309 days 00:00:00,1000.0,271463.1758258132,27046.31758258132,204671.4197876578,100.0,25631.90384060587,68.13904023252182,4324 days 00:00:00,317,0.0,98.52473090730312,-35.12075587868422,12.157196943940647,-5.979794821964815,29 days 03:28:25.263157895,12 days 11:12:00,853.1961382517771,0.6741087238600568,0.2909533341360038,1.14435087507463,0.4277227453272799,20.04034391327846,1.167740597048397,0.9799701046337818,-0.0277770717716242,0.0006820838790066,0.1718851375096789,270.46317582581287,0.1330020998443142,0.3068700755417479,0,317,16378.650793650791,,,,
INCY,SMA,42,50,0,True,False,,0,109,1.1049370667616112,46.788990825688074,1.261221398822146,4.976370607266147,0.7168075762101961,-0.8112996445764993,38 days 08:35:13.761467888,0.0093519068622527,0.2844538337268547,0.5689076674537095,1.4155476972824916,0,8047,8048 days 00:00:00,1000.0,9997.736024688504,899.7736024688503,4768.266601562494,100.0,1526.1123488125183,90.55174615424777,3452 days 00:00:00,109,0.0,185.0476420777635,-43.736183452803914,22.30547756549547,-10.261292407728604,54 days 15:03:31.764705882,24 days 01:14:28.965517241,82.54803692374793,0.457253901775612,0.1215493224161333,1.1094987799985208,1.609836605063411,41.9635151341425,1.1975979387080802,0.9264367816091956,-0.0350275446430072,0.000653491652325,0.1646798963859003,8.997736024688482,0.0747539456506602,0.4334403385293777,0,109,11655.376984126984,,,,
BILI,SMA,26,27,0,True,False,,0,99,1.1047984616080124,50.505050505050505,1.3517977176176952,2.4329199465716633,1.033454184518593,0.4178462245260814,9 days 22:47:16.363636363,0.0358796246359616,1.091338582677165,2.1826771653543307,2.655139406258524,0,1905,1906 days 00:00:00,1000.0,3298.323644426326,229.8323644426326,162.09964132002725,100.0,309.61921634742424,67.97376359366386,703 days 00:00:00,99,0.0,101.36631519337249,-27.33733393526283,12.237085599637046,-7.571330719821585,12 days 09:36:00,7 days 10:46:31.836734693,23.215390347740637,0.6759612245359129,0.3777385875632019,1.1411769882846932,0.5814689452936033,6.622833264910008,1.2566268003290602,0.9081272084805652,-0.0507804618045557,0.0011445179223911,0.2884185164425709,2.2983236444263273,0.1709157768234475,0.5135083576841859,0,99,2759.2261904761904,,,,
MA,SMA,8,13,0,True,False,,0,214,1.1012238451338447,53.271028037383175,1.4532442615514654,1.3257182277745525,1.1349818554185027,-0.9312155227872814,14 days 01:14:01.121495326,0.0302452293153489,0.9199590583418628,1.8399181166837255,1.2196064924501204,0,4885,4886 days 00:00:00,1000.0,9509.387410870417,850.9387410870415,12371.086843554558,100.0,2341.608560709058,48.87114244204526,1000 days 00:00:00,214,0.0,55.96407393591682,-22.17041290640082,5.62345865527466,-3.573705859575569,18 days 19:22:06.315789473,8 days 15:07:12,39.76349257416075,0.7478928008988842,0.3749358012733167,1.1614123769718865,0.9228862316585792,16.382057976733474,1.1664808848514368,0.9956548727498448,-0.0202389970031266,0.0005640861590137,0.1421497120714582,8.509387410870495,0.1231793964495135,0.2287456233757026,0,214,7075.496031746032,,,,
PDD,SMA,9,13,0,True,False,,0,79,1.079923793695021,46.83544303797469,1.366344360417735,3.259208721701528,1.2960798236498503,-0.0320744506620952,12 days 03:02:16.708860759,0.0299354916319564,0.9105378704720088,1.8210757409440177,2.967632968881907,0,1822,1823 days 00:00:00,1000.0,4888.378172862987,388.83781728629873,401.7228572510329,100.0,552.3211778918186,68.94475923347643,699 days 00:00:00,79,0.0,69.91291785805544,-32.8478817733568,14.853550454609127,-6.954854233478977,16 days 11:01:37.297297297,8 days 07:25:42.857142857,49.21997687168343,0.8259852799191136,0.5424515387418092,1.1953121955386232,0.7361049535575751,16.409131398533614,1.371751209848896,0.8713768115942028,-0.0450818382539405,0.0013661336727689,0.3442656855377775,3.888378172862992,0.2452764826760867,0.5016116228128825,0,79,2639.0079365079364,,,,
LMT,SMA,85,87,0,True,False,,0,349,1.0797956256433752,53.86819484240688,1.5075754729069362,1.5799270930884122,0.6854826563568479,-0.6082337680446656,26 days 10:56:02.750716331,0.0150033265664716,0.4563511830635118,0.9127023661270236,0.721001598084992,0,16060,16061 days 00:00:00,1000.0,54811.08940165444,5381.108940165444,13735.509855731896,100.0,11936.488044268406,67.51645315024402,2362 days 00:00:00,349,0.0,72.45469882293338,-33.30970071623399,6.875315501481076,-4.603507818575072,32 days 21:03:49.787234042,18 days 22:57:23.478260869,154.18650258353682,0.4533093202304381,0.1410917195121652,1.101008617427083,0.8184583614310008,26.747266953398135,1.1621481478756344,0.9473909324208726,-0.0210526252584818,0.0003707128354815,0.0934196345413626,53.81108940165523,0.0648370676267611,0.2480216985545671,0,349,23261.507936507936,,,,
HTHT,SMA,9,15,0,True,False,,0,146,1.0793775163451067,49.31506849315068,1.3327592089439224,1.8365746933473512,1.012534805304606,-0.4118006620980319,14 days 01:58:21.369863013,0.0257142857142857,0.7821428571428571,1.5642857142857145,1.436463778010964,0,3920,3921 days 00:00:00,1000.0,6937.770969836626,593.7770969836627,1009.4827700785752,100.0,1224.7976048991798,50.367723530109984,709 days 00:00:00,146,0.0,46.00052234033484,-20.149409060776,9.187477228591764,-5.315654800403968,18 days 12:00:00,9 days 18:48:38.918918919,40.66966417696315,0.6589212575255444,0.3922934628512764,1.1394517101498824,0.5247549761359672,6.595247022788357,1.3179471011979935,0.8645655877342417,-0.0303763165431485,0.0006971507891596,0.1756819988682252,5.937770969836642,0.1325689053837822,0.320877974343438,0,146,5677.777777777777,,,,
XPEV,SMA,5,11,0,True,False,,0,64,1.0749958294823916,45.3125,1.4336170825517138,3.118119299081389,1.343886705869846,107.92103255759326,9 days 14:37:29.999999999,0.0340943683409436,1.037037037037037,2.074074074074074,3.2336051990473664,0,1296,1297 days 00:00:00,1000.0,3053.1847612230044,205.31847612230047,1.8850213893605527,100.0,217.3750881304817,67.98882695610708,1066 days 00:00:00,64,0.0,79.85860259516409,-24.31507867634855,16.19567688151978,-7.717571269224707,13 days 17:22:45.517241379,6 days 04:48:00,32.08101189410945,0.7773536194637632,0.5428063161976591,1.177476101665213,2.1435332419380355,15.82869931842504,1.4486054671802278,0.8128342245989305,-0.0579003209807767,0.0015818182497984,0.3986181989492162,2.053184761222995,0.2421809681846964,0.6171413687209633,0,64,1877.142857142857,,,,
TSLA,SMA,13,14,0,True,False,,0,270,1.0707739464099324,46.2962962962963,1.5813657404664556,2.297920541301143,1.5700932286049225,-0.7921053938884358,7 days 22:13:19.999999999,0.0483556313629337,1.470817120622568,2.941634241245136,3.379820873976,0,3855,3856 days 00:00:00,1000.0,57406.60782579171,5640.660782579171,27132.309433522165,100.0,6838.27116436941,68.77372110446119,740 days 00:00:00,270,0.0,122.87218846970843,-19.60501673261351,10.52011329300353,-4.790176658442294,10 days 04:36:28.800000,5 days 23:20:16.551724137,208.91336231774716,0.9993652418510204,0.6793780067273044,1.2229530300511655,0.8160565544232271,12.22059887825223,1.403889039844839,0.8711180124223603,-0.037567844796949,0.001410291171279,0.3553933751623118,56.40660782579178,0.303025465213399,0.4279876618719783,0,270,5583.630952380952,,,,
V,SMA,26,27,0,True,False,,0,253,1.01472155804235,53.75494071146245,1.3362063316722603,0.5168600837043436,0.7302920269527252,-0.9151809964570355,11 days 02:16:36.047430829,0.0394386932948159,1.1995935877173176,2.399187175434635,0.6200220421587666,0,4429,4430 days 00:00:00,1000.0,3001.1580488400577,200.11580488400577,2359.327468196894,100.0,1030.962002603553,38.814078199744,1209 days 00:00:00,253,0.0,21.397612115740607,-13.055951085934828,3.0846189561332658,-2.4678852722814124,12 days 22:14:07.058823529,8 days 23:10:46.153846153,7.909715608063458,0.5097316363670976,0.2441787082793903,1.0985157796994156,0.0479321731884551,7.854724644493254,1.1100943386422235,0.9895697522816166,-0.0183762021114004,0.0003200416813196,0.0806505036925615,2.001158048840067,0.0645118932395436,0.1904196037557674,0,253,6415.019841269841,,,,
