Metric Type,Short Window,Long Window,Ticker,Strategy Type,Signal Window,Signal Entry,Signal Exit,Total Open Trades,Total Trades,Score,Win Rate [%],Profit Factor,Expectancy per Trade,Sortino Ratio,Beats BNH [%],Avg Trade Duration,Trades Per Day,Trades per Month,Signals per Month,Expectancy per Month,Start,End,Period,Start Value,End Value,Total Return [%],Benchmark Return [%],Max Gross Exposure [%],Total Fees Paid,Max Drawdown [%],Max Drawdown Duration,Total Closed Trades,Open Trade PnL,Best Trade [%],Worst Trade [%],Avg Winning Trade [%],Avg Losing Trade [%],Avg Winning Trade Duration,Avg Losing Trade Duration,Expectancy,Sharpe Ratio,Calmar Ratio,Omega Ratio,Skew,Kurtosis,Tail Ratio,Common Sense Ratio,Value at Risk,Alpha,Beta,Daily Returns,Annual Returns,Cumulative Returns,Annualized Return,Annualized Volatility,Signal Count,Position Count,Total Period,Allocation [%],Stop Loss [%],Last Position Open Date,Last Position Close Date
Least Total Trades,33,36,BTC-USD,SMA,0,false,false,1,100,1.6394560699371667,55.55555555555556,2.7560519685897327,10.33303512442593,2.1822382965866356,0.7458468721871907,22 days 20:21:49.090909089,0.02498107494322483,0.757002271006813,1.506434519303558,7.822131055583596,0,3963,3964 days 00:00:00,1000.0,452884.6312391665,45188.46312391665,25883.405838053084,100.0,23146.862471687524,61.77176506291248,623 days 00:00:00,99,3567.2084352922393,325.2935693170898,-23.06882131208719,23.511937874128762,-6.140593312702611,28 days 22:41:27.272727272,15 days 05:27:16.363636363,4528.458816200751,1.3847913039539277,1.2240918115055879,1.3359974433515007,0.6716274248484867,11.235473695001659,1.2340625734853976,1.0826010544815463,-0.034838441318548075,,,0.0018757183592005605,0.47268102651854127,451.88463123916756,0.47518619413383245,0.4107995925805067,0,100,3963,,,,
Most Total Trades,34,37,BTC-USD,SMA,0,false,false,1,99,1.5663412653968565,52.04081632653062,3.046961375004141,9.852142772672202,2.1204339011665616,0.4651091959810615,23 days 05:08:34.285714285,0.024728740852889227,0.7494322482967449,1.4912944738834217,7.383513508664255,0,3963,3964 days 00:00:00,1000.0,380220.1591664147,37922.01591664147,25883.405838053084,100.0,17622.428747335227,61.616012867665525,777 days 00:00:00,98,-84.12961979856482,305.4622550916791,-20.535386349280387,23.983153956219923,-5.481507660539155,31 days 02:21:10.588235294,14 days 15:49:47.234042553,3870.451926389931,1.3472011400894925,1.181656767084517,1.3239497723077356,0.6680198528510164,11.001057937791305,1.2306080946815021,1.0758500435919793,-0.035564492417921735,,,0.0018354006721733728,0.46252096938768994,379.2201591664151,0.4588759980868229,0.41318557137397727,0,99,3963,,,,
Least Max Drawdown Duration,35,37,BTC-USD,SMA,0,false,false,1,120,1.564302299996297,53.78151260504202,2.414316324222871,7.797589839231803,1.9486025403847997,-0.1253480688770627,19 days 04:02:01.008403361,0.030027756749936917,0.9084027252081757,1.8092354277062832,7.0833518600137495,0,3963,3964 days 00:00:00,1000.0,227389.7090029184,22638.97090029184,25883.405838053084,100.0,14585.592862644256,58.78881492716823,1024 days 00:00:00,119,-1106.380829933536,332.46906633315695,-20.535386349280387,19.207220520853436,-5.47907131756428,24 days 21:00:00,12 days 12:39:16.363636363,1911.7318473348907,1.2491677508748917,1.1025810190094374,1.2966470170268618,0.619923033036018,10.964965772699237,1.2387139659005608,1.0467687074829934,-0.035885591108193234,,,0.00170846694187659,0.43053366935290066,226.3897090029195,0.411968427222579,0.41479405060664676,0,120,3963,,,,
Least Worst Trade [%],59,60,BTC-USD,SMA,0,false,false,1,117,1.551925727204664,55.172413793103445,2.203372028826198,7.838059147327229,1.735633697162543,-0.2568441534111889,20 days 12:49:39.310344827,0.029270754478930103,0.8856926570779713,1.7638152914458745,6.9421114325305515,0,3963,3964 days 00:00:00,1000.0,193354.04378180116,19235.404378180116,25883.405838053084,100.0,11889.578495553735,63.71184747530244,827 days 00:00:00,116,2072.928974343231,305.1420333835698,-46.57200503360256,19.477047121975723,-6.486849129163224,27 days 10:52:30,12 days 00:27:41.538461538,1640.3544379953269,1.1580008831925106,0.9790483350630089,1.2698654275526746,-0.04486202721827021,16.447358530665085,1.1940084547663654,1.0635313531353134,-0.039693415938483835,,,0.001748087627225081,0.4405180820607204,192.3540437818003,0.3974889765922507,0.4578265884952453,0,117,3963,,,,
Most Total Fees Paid,27,29,BTC-USD,SMA,0,false,false,1,143,1.5053058368278234,52.112676056338024,1.952717962083956,7.1529033074761,2.3182068158238223,1.6045783803757825,15 days 19:36:20.281690140,0.03583144082765582,1.0825132475397428,2.157456472369417,7.74311258871372,0,3963,3964 days 00:00:00,1000.0,675153.5925628537,67415.35925628537,25883.405838053084,100.0,52437.93403758577,64.84165645822193,752 days 00:00:00,142,15498.140876074554,217.46231727195834,-24.03378449670691,18.326325848821945,-5.006409458106142,22 days 00:19:27.567567567,9 days 01:45:52.941176470,4638.418673850556,1.4581272587978105,1.2675700575307287,1.3509253889533877,0.7123627749405759,9.849248662957471,1.2850801222294241,1.0512382578992314,-0.035652610743848026,,,0.0019767533600346084,0.4981418467287213,674.1535925628515,0.5131124460438059,0.4111532801559207,0,143,3963,,,,
Most Total Return [%],8,44,BTC-USD,SMA,0,false,false,1,49,1.4737032175351645,50.0,3.214983979301585,25.12689291884101,2.397304757415345,2.8273080677968294,45 days 16:00:00,0.012112036336109008,0.3709311127933384,0.7342922028766087,9.32034635142475,0,3963,3964 days 00:00:00,1000.0,991637.6798604011,99063.76798604011,25883.405838053084,100.0,18485.779807259263,53.60574920633759,755 days 00:00:00,48,96705.23507709021,357.662545496104,-19.792472298596227,58.01553546793732,-7.761749630255306,74 days 13:00:00,16 days 19:00:00,18623.592599652315,1.5287251869011287,1.6557142834438574,1.3777360680138333,0.5401879375073846,10.794597565183462,1.1747962216615484,1.1727447216890592,-0.03515029056878482,,,0.0020761680696778006,0.5231943535588057,990.6376798603958,0.5505458098669398,0.4118886163268112,0,49,3963,,,,
Most Sharpe Ratio,8,44,BTC-USD,SMA,0,false,false,1,49,1.4737032175351645,50.0,3.214983979301585,25.12689291884101,2.397304757415345,2.8273080677968294,45 days 16:00:00,0.012112036336109008,0.3709311127933384,0.7342922028766087,9.32034635142475,0,3963,3964 days 00:00:00,1000.0,991637.6798604011,99063.76798604011,25883.405838053084,100.0,18485.779807259263,53.60574920633759,755 days 00:00:00,48,96705.23507709021,357.662545496104,-19.792472298596227,58.01553546793732,-7.761749630255306,74 days 13:00:00,16 days 19:00:00,18623.592599652315,1.5287251869011287,1.6557142834438574,1.3777360680138333,0.5401879375073846,10.794597565183462,1.1747962216615484,1.1727447216890592,-0.03515029056878482,,,0.0020761680696778006,0.5231943535588057,990.6376798603958,0.5505458098669398,0.4118886163268112,0,49,3963,,,,
Most Calmar Ratio,8,44,BTC-USD,SMA,0,false,false,1,49,1.4737032175351645,50.0,3.214983979301585,25.12689291884101,2.397304757415345,2.8273080677968294,45 days 16:00:00,0.012112036336109008,0.3709311127933384,0.7342922028766087,9.32034635142475,0,3963,3964 days 00:00:00,1000.0,991637.6798604011,99063.76798604011,25883.405838053084,100.0,18485.779807259263,53.60574920633759,755 days 00:00:00,48,96705.23507709021,357.662545496104,-19.792472298596227,58.01553546793732,-7.761749630255306,74 days 13:00:00,16 days 19:00:00,18623.592599652315,1.5287251869011287,1.6557142834438574,1.3777360680138333,0.5401879375073846,10.794597565183462,1.1747962216615484,1.1727447216890592,-0.03515029056878482,,,0.0020761680696778006,0.5231943535588057,990.6376798603958,0.5505458098669398,0.4118886163268112,0,49,3963,,,,
Most Omega Ratio,8,44,BTC-USD,SMA,0,false,false,1,49,1.4737032175351645,50.0,3.214983979301585,25.12689291884101,2.397304757415345,2.8273080677968294,45 days 16:00:00,0.012112036336109008,0.3709311127933384,0.7342922028766087,9.32034635142475,0,3963,3964 days 00:00:00,1000.0,991637.6798604011,99063.76798604011,25883.405838053084,100.0,18485.779807259263,53.60574920633759,755 days 00:00:00,48,96705.23507709021,357.662545496104,-19.792472298596227,58.01553546793732,-7.761749630255306,74 days 13:00:00,16 days 19:00:00,18623.592599652315,1.5287251869011287,1.6557142834438574,1.3777360680138333,0.5401879375073846,10.794597565183462,1.1747962216615484,1.1727447216890592,-0.03515029056878482,,,0.0020761680696778006,0.5231943535588057,990.6376798603958,0.5505458098669398,0.4118886163268112,0,49,3963,,,,
Most Sortino Ratio,8,44,BTC-USD,SMA,0,false,false,1,49,1.4737032175351645,50.0,3.214983979301585,25.12689291884101,2.397304757415345,2.8273080677968294,45 days 16:00:00,0.012112036336109008,0.3709311127933384,0.7342922028766087,9.32034635142475,0,3963,3964 days 00:00:00,1000.0,991637.6798604011,99063.76798604011,25883.405838053084,100.0,18485.779807259263,53.60574920633759,755 days 00:00:00,48,96705.23507709021,357.662545496104,-19.792472298596227,58.01553546793732,-7.761749630255306,74 days 13:00:00,16 days 19:00:00,18623.592599652315,1.5287251869011287,1.6557142834438574,1.3777360680138333,0.5401879375073846,10.794597565183462,1.1747962216615484,1.1727447216890592,-0.03515029056878482,,,0.0020761680696778006,0.5231943535588057,990.6376798603958,0.5505458098669398,0.4118886163268112,0,49,3963,,,,
Least Max Drawdown [%],16,36,BTC-USD,SMA,0,false,false,1,53,1.4668712725806057,51.92307692307693,3.1089927052283954,18.809459404382146,2.1694452669709574,0.6957502617677137,42 days 13:23:04.615384614,0.013121372697451426,0.4012112036336109,0.7948523845571537,7.546565847329703,0,3963,3964 days 00:00:00,1000.0,439917.9222531849,43891.79222531849,25883.405838053084,100.0,10687.229241527844,49.32949100573054,755 days 00:00:00,52,33589.90022782463,242.93537090387,-21.444898023088307,42.40434710521669,-6.673019312519157,63 days 16:00:00,19 days 18:14:24,7794.7696543338525,1.3877892755856613,1.5233322251317345,1.3355494104788108,0.5667017819334584,10.584047833356532,1.1855620282945694,1.1265116279069767,-0.035285887777696735,,,0.0018630334837944522,0.469484437916202,438.91792225318494,0.4724644477168256,0.40714005968696004,0,53,3963,,,,
Most Max Drawdown Duration,12,33,BTC-USD,SMA,0,false,false,1,68,1.426354561921582,49.25373134328358,2.2748521074078956,13.849812710682185,2.0230565605434214,0.130705864805535,32 days 19:20:35.820895521,0.01690638405248549,0.5147615442846328,1.0219530658591975,7.129350979003698,0,3963,3964 days 00:00:00,1000.0,293665.18782228447,29266.518782228446,25883.405838053084,100.0,11341.068471293222,58.033786937770216,999 days 00:00:00,67,24373.727163369418,234.2826122013284,-18.251507913216162,35.364659170769606,-7.032244147637963,53 days 06:32:43.636363636,12 days 22:35:17.647058823,4004.3501590882834,1.3207294603331432,1.1846070963157993,1.3180344035248457,0.38358962707908223,10.696320968206425,1.1588305766405798,1.1373831775700936,-0.03496259579216004,,,0.001755608073065617,0.4424132344125355,292.6651878222855,0.4351149398831753,0.40314419116590045,0,68,3963,,,,
Mean Worst Trade [%],70,74,BTC-USD,SMA,0,false,false,1,57,1.4141323134544252,53.57142857142857,2.5794712895862126,16.81775938571058,1.717090010215994,-0.1692397527421171,41 days 03:51:25.714285714,0.014130709058793843,0.43149129447388346,0.8554125662376988,7.256716767490562,0,3963,3964 days 00:00:00,1000.0,216029.0463389711,21502.90463389711,25883.405838053084,100.0,6422.847004951192,64.3271929581157,1192 days 00:00:00,56,27237.598969394807,266.67566016548443,-30.2239194511896,39.19910175272606,-9.0068664223842,62 days 00:48:00,17 days 01:50:46.153846153,3353.418703028147,1.1607851191959206,0.9955888843755224,1.272081123416359,-0.1994779501092781,16.10006549237888,1.1326072210822158,1.1231441048034934,-0.04061782990485502,,,0.0018013711781691844,0.4539455368986345,215.02904633897066,0.4073753979655328,0.47065001884571595,0,57,3963,,,,
Median Win Rate [%],12,35,BTC-USD,SMA,0,false,false,1,59,1.4101786660578952,48.275862068965516,2.6123447631171426,16.4235222913673,2.0911364817136584,0.40413390952580885,38 days 02:04:08.275862068,0.014635377239465052,0.4466313398940197,0.8856926570779713,7.335259766772677,0,3963,3964 days 00:00:00,1000.0,364437.6783122862,36343.76783122862,25883.405838053084,100.0,9412.904328891238,56.924504423829305,999 days 00:00:00,58,30247.727369751956,222.4912061437157,-18.251507913216162,41.975676518970815,-7.425154987729315,63 days 22:17:08.571428572,13 days 23:12:00,5744.654326595419,1.3608912610249433,1.2672170898181316,1.3281223066068477,0.388525991547011,10.643533361133503,1.1678316833956766,1.1372549019607845,-0.0347900979417699,,,0.001810720711355308,0.4563016192615376,363.4376783122867,0.45494942480405487,0.4035289956777906,0,59,3963,,,,
Mean Win Rate [%],40,44,BTC-USD,SMA,0,false,false,1,75,1.3620142940533027,48.64864864864865,2.0930346556557913,12.05825933477485,1.674514778738628,-0.580113748373957,31 days 10:03:14.594594593,0.018672722684834723,0.5677517032551098,1.1279333838001515,6.846097275610248,0,3963,3964 days 00:00:00,1000.0,109680.86256655748,10868.086256655748,25883.405838053084,100.0,4762.087330359188,70.05719700648474,916 days 00:00:00,74,2517.7226014799526,349.0217651703245,-20.930947072759654,33.27994645934001,-8.04649688849741,44 days 09:19:59.999999999,19 days 03:09:28.421052631,1434.6370265551013,1.1069106416047498,0.7724792893375892,1.2534415403793142,0.3266568866929374,10.797996590859547,1.160408768427778,1.0801724137931032,-0.03743306586463355,,,0.0015362455307095693,0.3871338737388115,108.68086256655687,0.34801741705883904,0.4209153581633178,0,75,3963,,,,
Most Expectancy,12,43,BTC-USD,SMA,0,false,false,1,45,1.339921610499905,52.27272727272727,3.7240162288835426,26.28013116242375,2.3654600010342657,2.4784605312254278,50 days 05:27:16.363636363,0.011102699974766591,0.34065102195306585,0.6737320211960636,8.952353537540263,0,3963,3964 days 00:00:00,1000.0,901344.0562135746,90034.40562135747,25883.405838053084,100.0,16934.32736456841,57.92275534246966,753 days 00:00:00,44,68822.05836054136,342.5276290917101,-18.169826524434782,57.61986203459403,-8.04433598328655,77 days 09:23:28.695652174,20 days 11:25:42.857142857,18898.22722393258,1.5081605447752668,1.5037916824410074,1.37225834977838,0.5507167502810008,10.807769613593681,1.1762214426671833,1.1666666666666665,-0.03515029056878484,,,0.00205380784410062,0.5175595767133563,900.3440562135753,0.5411636120537697,0.4130084487034792,0,45,3963,,,,
Median Total Fees Paid,52,54,BTC-USD,SMA,0,false,false,1,88,1.31159115770388,49.42528735632184,1.890811549985185,9.98251013597974,1.47322730278108,-0.7400086216670191,27 days 07:43:26.896551722,0.02195306585919758,0.6661619984859954,1.3247539742619228,6.64996890209097,0,3963,3964 days 00:00:00,1000.0,68294.62359787346,6729.462359787347,25883.405838053084,100.0,3810.4233657359155,71.63934724452523,929 days 00:00:00,87,444.2802256113646,386.73222563800965,-28.851410630430074,28.380084045621544,-7.996937093897477,39 days 10:36:16.744186046,15 days 11:27:16.363636363,768.394751405311,0.9910206278241753,0.6635930865966225,1.2283391466188283,-0.07649258586120042,17.413212654276002,1.1559134893889453,1.0626566416040097,-0.03935724854644716,,,0.0014726885172692825,0.3711175063518592,67.29462359787371,0.3080245448856995,0.45068687320111267,0,88,3963,,,,
Mean Max Drawdown [%],7,32,BTC-USD,SMA,0,false,false,1,73,1.3029229169400363,47.22222222222222,1.7901875882199751,12.473281725487752,1.94295572571198,-0.19276930900829645,30 days 11:19:59.999999998,0.018168054504163512,0.5526116578349736,1.097653292959879,6.892880892964466,0,3963,3964 days 00:00:00,1000.0,209938.79579870283,20893.879579870285,25883.405838053084,100.0,8979.230109256308,67.12121072173058,1054 days 00:00:00,72,20133.190394466335,231.252276096979,-18.78683548599924,35.656672603623704,-8.269752218107577,50 days 14:07:03.529411764,12 days 11:22:06.315789473,2622.3000750588403,1.2621744481169468,0.9477191079184295,1.302338479125162,0.5229607001214546,11.006656959382916,1.1686547279566848,1.114391143911439,-0.03510993007176679,,,0.0016653968262656611,0.4196800002189466,208.9387957987023,0.4048191670674184,0.40017048293240703,0,73,3963,,,,
Median Sortino Ratio,17,22,BTC-USD,SMA,0,false,false,1,118,1.2283768104771708,45.2991452991453,1.392041180501101,6.729550364218488,1.7851715276097022,-0.48577946703125796,19 days 00:49:13.846153846,0.029523088569265707,0.8932626797880394,1.7789553368660107,6.011256192110383,0,3963,3964 days 00:00:00,1000.0,134097.78745089905,13309.778745089907,25883.405838053084,100.0,13627.608654471916,75.29864896403839,1658 days 00:00:00,117,12061.801018059909,232.3797380378452,-29.382400248938712,21.979920370756375,-5.899662297445699,30 days 17:39:37.358490566,9 days 08:15:00,1034.4956105370861,1.1742763310896394,0.7569404775907661,1.276623779614566,0.3520611249912016,11.016944746684338,1.2175403650208352,1.048526863084922,-0.035514220588546426,,,0.001555728190642836,0.3920435040419947,133.09778745089903,0.3653524200958196,0.40180017058894,0,118,3963,,,,
Least Avg Losing Trade Duration,21,25,BTC-USD,SMA,0,false,false,1,110,1.21481926404586,42.201834862385326,1.4953724360263685,7.994535896310522,1.7606823773607332,-0.483277490870467,20 days 05:03:51.192660549,0.027504415846580872,0.8327024981074943,1.6578349735049205,6.657070012067807,0,3963,3964 days 00:00:00,1000.0,134745.3840945679,13374.538409456793,25883.405838053084,100.0,10393.304193136599,68.86664326036495,1563 days 00:00:00,109,10760.551864246081,226.63068123670556,-25.747082129069334,27.855458052889993,-6.507089805318936,34 days 04:10:26.086956521,10 days 00:22:51.428571428,1128.301213122218,1.1540612979309743,0.8286487100740799,1.2728748417800049,0.4086067608049495,10.63120146179936,1.2006851093020772,1.0601237842617155,-0.037087459179474494,,,0.0015769392696164028,0.39738869594333354,133.74538409456832,0.3657706495175119,0.41441244971724567,0,110,3963,,,,
Mean Total Return [%],27,45,BTC-USD,SMA,0,false,false,1,44,1.1662251253712042,53.48837209302325,2.8754246822387715,22.766371497027603,1.9173476260387738,-0.1720449034114496,52 days 15:37:40.465116278,0.010850365884430987,0.3330809992429977,0.6585919757759273,7.583045767367256,0,3963,3964 days 00:00:00,1000.0,215302.9778068589,21430.29778068589,25883.405838053084,100.0,5353.779435928588,67.88050774857697,755 days 00:00:00,43,13395.082254665671,401.85169472580606,-21.951688980499803,50.79490505080258,-9.466442089813624,75 days 06:15:39.130434783,26 days 15:36:00,4672.276640748678,1.2371803588394354,0.9427241417469263,1.2926010574401656,0.5577061564447833,10.69613505715786,1.161544204519004,1.1128298453139216,-0.03607262477234804,,,0.0016969855707681043,0.4276403638335623,214.3029778068583,0.4070742175742559,0.41599856792413104,0,44,3963,,,,
Most Avg Losing Trade Duration,8,21,BTC-USD,SMA,0,false,false,1,99,1.097494835000368,36.734693877551024,1.5760557860180433,9.103340480023016,1.8620911386883072,-0.3693331701109819,22 days 16:24:29.387755101,0.024728740852889227,0.7494322482967449,1.4912944738834217,6.822336922954419,0,3963,3964 days 00:00:00,1000.0,164238.05506615844,16323.805506615843,25883.405838053084,100.0,10674.800861783802,72.45936723842972,1614 days 00:00:00,98,14286.920012290531,236.4923129188747,-23.717899192117393,35.874832105544016,-6.441396592860145,44 days 13:20:00,9 days 23:36:46.451612903,1519.9095413659984,1.20955389847989,0.8274299894895797,1.2851727554406034,0.5227543404565446,10.694234862655009,1.2045178178572133,1.0669603524229077,-0.03517531356241256,,,0.0016082464740384806,0.4052781114576971,163.2380550661587,0.3830644895241795,0.40324972971746964,0,99,3963,,,,
Median Max Drawdown [%],43,58,BTC-USD,SMA,0,false,false,1,44,1.0718184213540791,48.837209302325576,2.8673733839348454,21.502320878272286,1.5964099143603268,-0.5864587847455146,54 days 21:12:33.488372092,0.010850365884430987,0.3330809992429977,0.6585919757759273,7.162014524178505,0,3963,3964 days 00:00:00,1000.0,108038.55105193515,10703.855105193516,25883.405838053084,100.0,1944.0767649366267,67.0946965209168,714 days 00:00:00,43,1162.1950352586719,340.6185747943089,-43.21957090625709,57.054874621928434,-12.434207695217667,82 days 22:51:25.714285714,28 days 02:10:54.545454545,2462.2408375971268,1.0746806113111191,0.8033986178164916,1.250187673356532,-0.14345144014432737,17.756682307412472,1.115959059524366,1.1202809482001757,-0.03929872051509446,,,0.0015807303121543137,0.39834403866288703,107.03855105193483,0.3467251544916494,0.4460926527328905,0,44,3963,,,,
Least Best Trade [%],6,11,BTC-USD,SMA,0,false,false,0,200,1.022111380874846,41.5,1.4446001959788557,2.9259894919588576,1.5773366284817898,-0.7888392805075527,11 days 00:43:11.999999998,0.05046681806712087,1.514004542013626,3.028009084027252,4.429961380709853,0,3963,3964 days 00:00:00,1000.0,55655.58599678302,5465.558599678302,25883.405838053084,100.0,7248.270561808783,74.62729656921634,1365 days 00:00:00,200,0.0,79.14485029527467,-23.262488855774322,13.90581266283788,-4.863115834391218,17 days 11:33:58.554216867,6 days 10:52:18.461538461,273.27792998391476,1.0180709933422036,0.6001183117601778,1.2361801839168105,0.7317999432288741,11.00086148220623,1.309207951631073,0.9442198868229589,-0.034722165380045404,,,0.0013167708426229394,0.33182625234098073,54.655585996782875,0.2911174283577178,0.3922643500518502,0,200,3963,,,,
Least Avg Winning Trade Duration,12,13,BTC-USD,SMA,0,false,false,1,308,1.0206319962131107,47.23127035830619,1.2954775992063452,2.0268725175052853,1.527937746717131,-0.7927774558190035,7 days 06:43:23.257328989,0.07746656573303053,2.3315669947009843,4.655563966691901,4.725789064281816,0,3963,3964 days 00:00:00,1000.0,54636.25209830616,5363.625209830617,25883.405838053084,100.0,12845.49647662024,72.73426897093358,1614 days 00:00:00,307,4752.758203239835,119.92665055045575,-20.789103557205678,9.14288781043211,-4.34240042986749,10 days 00:29:47.586206896,4 days 19:51:06.666666666,159.22962180803393,1.0008648182925848,0.6123521204093322,1.2285018297178583,0.5077382614705559,10.387119672504234,1.3755974245230542,0.8930678466076696,-0.035652610743848206,,,0.001330084907600223,0.3351813967152562,53.63625209830609,0.28960110109490356,0.403042315022799,0,308,3963,,,,
Most Max Drawdown [%],19,20,BTC-USD,SMA,0,false,false,1,254,1.0127850665362863,46.24505928853755,1.2003916854641403,2.4269130518711037,1.476657567369357,-0.8002652029241216,8 days 18:35:34.387351777,0.0638405248549079,1.922785768357305,3.8380015140045423,4.666433877178353,0,3963,3964 days 00:00:00,1000.0,52698.168126961406,5169.816812696141,25883.405838053084,100.0,16439.397713121467,84.16136884088237,1658 days 00:00:00,253,4208.3918131321625,117.80540981673052,-28.08415283472864,10.377966838341738,-4.413331749724956,13 days 01:38:27.692307692,5 days 01:56:28.235294117,187.7066257463614,0.9913131855987827,0.5235074476443098,1.2285235240321764,0.2132467170877248,10.795020789220036,1.3132140991938663,0.9355089355089355,-0.035885591108193234,,,0.0013277176537917449,0.3345848487555197,51.69816812696155,0.2866435341411935,0.40620152506658613,0,254,3963,,,,
Median Worst Trade [%],67,76,BTC-USD,SMA,0,false,false,1,38,1.0028824274189767,54.054054054054056,3.7841250596665326,50.019454827949474,1.7558555391525974,-0.07375676070064166,62 days 07:08:06.486486486,0.009336361342417361,0.28766086298258897,0.5677517032551098,14.388639541726572,0,3963,3964 days 00:00:00,1000.0,240743.29667538212,23974.32966753821,25883.405838053084,100.0,4301.805895497977,64.3271929581157,1062 days 00:00:00,37,28423.665650772804,1389.4326048187777,-28.8775080444611,100.14187322418668,-8.94809622644725,95 days 16:48:00,23 days 00:00:00,5711.341379043495,1.1817011170959,1.0211507790138294,1.2770886579289853,-0.16881120142987305,16.345760397270777,1.1175764205926257,1.1427304964539005,-0.03987628358691192,,,0.0018234434132580856,0.45950774014103757,239.74329667538157,0.41710006999306803,0.467984368351048,0,38,3963,,,,
Mean Avg Losing Trade [%],20,57,BTC-USD,SMA,0,false,false,1,39,0.9787515539600111,50.0,2.910481290584556,27.797035691005593,1.9882877276781212,0.18138950706467005,58 days 17:03:09.473684210,0.009588695432752965,0.2952308856926571,0.5828917486752461,8.206543466685982,0,3963,3964 days 00:00:00,1000.0,306783.84064172336,30578.384064172336,25883.405838053084,100.0,6097.758371296362,68.16102735889564,818 days 00:00:00,38,27594.531660200446,410.1419616117299,-21.951688980499814,66.21192543488787,-10.617854052876686,90 days 11:22:06.315789474,26 days 22:44:12.631578947,7320.771288987446,1.2903437283651642,1.0185830022839424,1.3104306522784224,0.4408110486247504,11.096596333422049,1.1322206205760652,1.1573986804901035,-0.036072624772348,,,0.0017981771410613323,0.45314063954745576,305.7838406417225,0.4391076632771225,0.42264307728628936,0,39,3963,,,,
Most Worst Trade [%],7,73,BTC-USD,SMA,0,false,false,1,38,0.9523398773170922,51.35135135135135,2.8157839102316276,28.664047388309054,2.0259192459381277,0.3309506671891471,58 days 17:30:48.648648648,0.009336361342417361,0.28766086298258897,0.5677517032551098,8.245524608294808,0,3963,3964 days 00:00:00,1000.0,345495.36269284214,34449.53626928422,25883.405838053084,100.0,6046.972386879341,57.29013858731206,756 days 00:00:00,37,72797.21853841335,337.5094564492111,-14.793445947868221,64.44074516182616,-9.100244705958998,99 days 03:47:22.105263158,16 days 01:20:00,7343.1930852548285,1.3186310322314851,1.244398520899916,1.3157182567574384,0.41443634309429894,10.805566394724607,1.138725363222808,1.1554307116104872,-0.036072624772348086,,,0.0018225602007468141,0.4592851705881972,344.4953626928418,0.4500207866593995,0.41918457464947195,0,38,3963,,,,
Least Avg Winning Trade [%],7,8,BTC-USD,SMA,0,false,false,0,410,0.943213123904552,44.146341463414636,1.243608871038614,1.4892899365965913,1.5885052106248776,-0.7801282279021448,5 days 09:11:24.878048779,0.10345697703759778,3.1037093111279335,6.207418622255867,4.62232304318397,0,3963,3964 days 00:00:00,1000.0,57910.303095407035,5691.0303095407035,25883.405838053084,100.0,20732.29167757841,74.37667179067209,1076 days 00:00:00,410,0.0,114.55114751622946,-29.22917759268588,7.848566984453989,-3.5370382103998677,7 days 16:42:25.856353591,3 days 13:18:36.157205240,138.80561730587067,1.0227476871815582,0.609271868928272,1.2361071249730973,0.6953435507962218,11.065518159585473,1.5395634663828048,0.8028945554789799,-0.03386269073537227,,,0.001330515072759794,0.3352897983354681,56.91030309540691,0.2943811430894496,0.39454631852714706,0,410,3963,,,,
Most Avg Losing Trade [%],7,8,BTC-USD,SMA,0,false,false,0,410,0.943213123904552,44.146341463414636,1.243608871038614,1.4892899365965913,1.5885052106248776,-0.7801282279021448,5 days 09:11:24.878048779,0.10345697703759778,3.1037093111279335,6.207418622255867,4.62232304318397,0,3963,3964 days 00:00:00,1000.0,57910.303095407035,5691.0303095407035,25883.405838053084,100.0,20732.29167757841,74.37667179067209,1076 days 00:00:00,410,0.0,114.55114751622946,-29.22917759268588,7.848566984453989,-3.5370382103998677,7 days 16:42:25.856353591,3 days 13:18:36.157205240,138.80561730587067,1.0227476871815582,0.609271868928272,1.2361071249730973,0.6953435507962218,11.065518159585473,1.5395634663828048,0.8028945554789799,-0.03386269073537227,,,0.001330515072759794,0.3352897983354681,56.91030309540691,0.2943811430894496,0.39454631852714706,0,410,3963,,,,
Median Avg Winning Trade [%],12,56,BTC-USD,SMA,0,false,false,1,43,0.9184656986253587,42.857142857142854,2.141553096079083,21.79846659678341,1.7968782677903499,-0.4127868033447682,52 days 16:00:00,0.010598031794095382,0.3255109765329296,0.6434519303557911,7.095640148839414,0,3963,3964 days 00:00:00,1000.0,152990.7748248784,15199.07748248784,25883.405838053084,100.0,4034.7743253079752,72.63847688230084,1341 days 00:00:00,42,12697.98246004802,328.3586086246458,-23.46163172781229,63.8696203737306,-9.754898735926982,94 days 21:20:00,21 days 00:00:00,3316.495056305484,1.178249225239,0.8110526903251837,1.2807151363691338,0.41766298915061206,11.277830166902977,1.1183858104425124,1.1451460885956646,-0.03607262477234802,,,0.0016083167278414872,0.40529581541605475,151.99077482487834,0.3768412380834316,0.4139816762951554,0,43,3963,,,,
Median Avg Losing Trade [%],16,61,BTC-USD,SMA,0,false,false,1,37,0.8838364483214559,52.77777777777778,2.4129702080494986,26.41221131519101,1.905713527241811,-0.14843614464626662,59 days 12:39:59.999999999,0.009084027252081756,0.28009084027252085,0.5526116578349736,7.397818460727232,0,3963,3964 days 00:00:00,1000.0,221413.72865137813,22041.372865137815,25883.405838053084,100.0,4477.2195810455705,64.21154404221531,818 days 00:00:00,36,46196.36105011837,372.4399471823606,-21.493385508005765,59.298689446139576,-10.343264242927981,90 days 03:47:22.105263158,25 days 07:03:31.764705882,4839.371322257217,1.2418926551307214,1.0031801328760883,1.2972684901083702,0.4540284434364849,11.026158937993241,1.1264347794768168,1.151658767772512,-0.03607262477234797,,,0.001705573304801049,0.42980447280986434,220.41372865137828,0.4095798849225407,0.416517289928544,0,37,3963,,,,
Least Total Return [%],8,9,BTC-USD,SMA,0,false,false,0,386,0.8606942784898162,43.005181347150256,1.1703203799748183,1.2720620323782685,1.118416673947177,-0.9492137404920736,5 days 18:13:03.419689117,0.09740095886954328,2.9220287660862985,5.844057532172597,3.717001850855501,0,3963,3964 days 00:00:00,1000.0,14145.213658403401,1314.5213658403402,25883.405838053084,100.0,5398.118079327787,77.246043853079,1594 days 00:00:00,386,0.0,126.97128504564968,-24.78482617724777,8.450756783289831,-4.144589461491365,8 days 01:09:23.855421686,4 days 00:45:49.090909090,34.054957664257444,0.7423432887062018,0.35766489388767037,1.1664089687894477,0.5194132301523919,10.641323657855388,1.4514865480805028,0.8035961272475796,-0.036799206665819865,,,0.0009935294535165242,0.2503694222861641,13.14521365840341,0.1834412956486693,0.40590337509374647,0,386,3963,,,,
Least Profit Factor,8,9,BTC-USD,SMA,0,false,false,0,386,0.8606942784898162,43.005181347150256,1.1703203799748183,1.2720620323782685,1.118416673947177,-0.9492137404920736,5 days 18:13:03.419689117,0.09740095886954328,2.9220287660862985,5.844057532172597,3.717001850855501,0,3963,3964 days 00:00:00,1000.0,14145.213658403401,1314.5213658403402,25883.405838053084,100.0,5398.118079327787,77.246043853079,1594 days 00:00:00,386,0.0,126.97128504564968,-24.78482617724777,8.450756783289831,-4.144589461491365,8 days 01:09:23.855421686,4 days 00:45:49.090909090,34.054957664257444,0.7423432887062018,0.35766489388767037,1.1664089687894477,0.5194132301523919,10.641323657855388,1.4514865480805028,0.8035961272475796,-0.036799206665819865,,,0.0009935294535165242,0.2503694222861641,13.14521365840341,0.1834412956486693,0.40590337509374647,0,386,3963,,,,
Least Expectancy,8,9,BTC-USD,SMA,0,false,false,0,386,0.8606942784898162,43.005181347150256,1.1703203799748183,1.2720620323782685,1.118416673947177,-0.9492137404920736,5 days 18:13:03.419689117,0.09740095886954328,2.9220287660862985,5.844057532172597,3.717001850855501,0,3963,3964 days 00:00:00,1000.0,14145.213658403401,1314.5213658403402,25883.405838053084,100.0,5398.118079327787,77.246043853079,1594 days 00:00:00,386,0.0,126.97128504564968,-24.78482617724777,8.450756783289831,-4.144589461491365,8 days 01:09:23.855421686,4 days 00:45:49.090909090,34.054957664257444,0.7423432887062018,0.35766489388767037,1.1664089687894477,0.5194132301523919,10.641323657855388,1.4514865480805028,0.8035961272475796,-0.036799206665819865,,,0.0009935294535165242,0.2503694222861641,13.14521365840341,0.1834412956486693,0.40590337509374647,0,386,3963,,,,
Least Sharpe Ratio,8,9,BTC-USD,SMA,0,false,false,0,386,0.8606942784898162,43.005181347150256,1.1703203799748183,1.2720620323782685,1.118416673947177,-0.9492137404920736,5 days 18:13:03.419689117,0.09740095886954328,2.9220287660862985,5.844057532172597,3.717001850855501,0,3963,3964 days 00:00:00,1000.0,14145.213658403401,1314.5213658403402,25883.405838053084,100.0,5398.118079327787,77.246043853079,1594 days 00:00:00,386,0.0,126.97128504564968,-24.78482617724777,8.450756783289831,-4.144589461491365,8 days 01:09:23.855421686,4 days 00:45:49.090909090,34.054957664257444,0.7423432887062018,0.35766489388767037,1.1664089687894477,0.5194132301523919,10.641323657855388,1.4514865480805028,0.8035961272475796,-0.036799206665819865,,,0.0009935294535165242,0.2503694222861641,13.14521365840341,0.1834412956486693,0.40590337509374647,0,386,3963,,,,
Least Calmar Ratio,8,9,BTC-USD,SMA,0,false,false,0,386,0.8606942784898162,43.005181347150256,1.1703203799748183,1.2720620323782685,1.118416673947177,-0.9492137404920736,5 days 18:13:03.419689117,0.09740095886954328,2.9220287660862985,5.844057532172597,3.717001850855501,0,3963,3964 days 00:00:00,1000.0,14145.213658403401,1314.5213658403402,25883.405838053084,100.0,5398.118079327787,77.246043853079,1594 days 00:00:00,386,0.0,126.97128504564968,-24.78482617724777,8.450756783289831,-4.144589461491365,8 days 01:09:23.855421686,4 days 00:45:49.090909090,34.054957664257444,0.7423432887062018,0.35766489388767037,1.1664089687894477,0.5194132301523919,10.641323657855388,1.4514865480805028,0.8035961272475796,-0.036799206665819865,,,0.0009935294535165242,0.2503694222861641,13.14521365840341,0.1834412956486693,0.40590337509374647,0,386,3963,,,,
Least Omega Ratio,8,9,BTC-USD,SMA,0,false,false,0,386,0.8606942784898162,43.005181347150256,1.1703203799748183,1.2720620323782685,1.118416673947177,-0.9492137404920736,5 days 18:13:03.419689117,0.09740095886954328,2.9220287660862985,5.844057532172597,3.717001850855501,0,3963,3964 days 00:00:00,1000.0,14145.213658403401,1314.5213658403402,25883.405838053084,100.0,5398.118079327787,77.246043853079,1594 days 00:00:00,386,0.0,126.97128504564968,-24.78482617724777,8.450756783289831,-4.144589461491365,8 days 01:09:23.855421686,4 days 00:45:49.090909090,34.054957664257444,0.7423432887062018,0.35766489388767037,1.1664089687894477,0.5194132301523919,10.641323657855388,1.4514865480805028,0.8035961272475796,-0.036799206665819865,,,0.0009935294535165242,0.2503694222861641,13.14521365840341,0.1834412956486693,0.40590337509374647,0,386,3963,,,,
Least Sortino Ratio,8,9,BTC-USD,SMA,0,false,false,0,386,0.8606942784898162,43.005181347150256,1.1703203799748183,1.2720620323782685,1.118416673947177,-0.9492137404920736,5 days 18:13:03.419689117,0.09740095886954328,2.9220287660862985,5.844057532172597,3.717001850855501,0,3963,3964 days 00:00:00,1000.0,14145.213658403401,1314.5213658403402,25883.405838053084,100.0,5398.118079327787,77.246043853079,1594 days 00:00:00,386,0.0,126.97128504564968,-24.78482617724777,8.450756783289831,-4.144589461491365,8 days 01:09:23.855421686,4 days 00:45:49.090909090,34.054957664257444,0.7423432887062018,0.35766489388767037,1.1664089687894477,0.5194132301523919,10.641323657855388,1.4514865480805028,0.8035961272475796,-0.036799206665819865,,,0.0009935294535165242,0.2503694222861641,13.14521365840341,0.1834412956486693,0.40590337509374647,0,386,3963,,,,
Median Calmar Ratio,13,63,BTC-USD,SMA,0,false,false,1,36,0.8225724916623346,48.57142857142857,2.683974631101222,27.3060042306768,1.914169098852775,-0.1277696880495484,61 days 10:17:08.571428570,0.008831693161746153,0.2725208175624527,0.5374716124148373,7.441454597307834,0,3963,3964 days 00:00:00,1000.0,226762.91148465182,22576.29114846518,25883.405838053084,100.0,4123.278234513575,69.60171595019203,790 days 00:00:00,35,47779.82863530077,378.16369739529534,-18.51288263376583,66.44993812557337,-9.663266670058851,101 days 08:28:14.117647059,23 days 17:20:00,5085.230938552888,1.2493618597087117,0.9306889155689525,1.2989301860714717,0.4436964491679665,11.111833837894125,1.121416813670543,1.158293838862559,-0.036254474458871554,,,0.001708918936213322,0.43064757192575714,225.76291148465276,0.4117206796021562,0.4148393269833588,0,36,3963,,,,
Median Total Return [%],66,78,BTC-USD,SMA,0,false,false,1,33,0.8213185257028229,56.25,3.380622308744028,59.90244865724898,1.7009561606329862,-0.2468456897171322,71 days 18:45:00,0.008074690890739339,0.24981074943224832,0.49205147615442846,14.964275591894145,0,3963,3964 days 00:00:00,1000.0,195941.98671730424,19494.198671730424,25883.405838053084,100.0,3111.989204636212,64.3271929581157,1302 days 00:00:00,32,26242.769976454263,1485.8748675580227,-37.30645054594722,115.76782683155982,-11.924466138293505,106 days 08:00:00,27 days 08:34:17.142857143,5271.850523151561,1.1497880560286118,0.972775076404864,1.2693489704360794,-0.21336235628907482,16.31523202205398,1.0997079269900754,1.1542600896860988,-0.03987628358691196,,,0.001769469839665276,0.44590639959564954,194.94198671730356,0.39867068398691763,0.46673683220993545,0,33,3963,,,,
Median Best Trade [%],26,58,BTC-USD,SMA,0,false,false,1,38,0.8131895162152938,43.24324324324324,2.6818261648138377,24.88490808421686,1.776216281051544,-0.40975793892219864,58 days 20:45:24.324324323,0.009336361342417361,0.28766086298258897,0.5677517032551098,7.158414134748227,0,3963,3964 days 00:00:00,1000.0,153774.74809565648,15277.474809565649,25883.405838053084,100.0,2765.9118201153283,70.52862564098241,819 days 00:00:00,37,31173.172535051926,363.87751549456755,-22.236297810979764,70.82654879001947,-10.118246739251791,99 days 22:30:00,27 days 13:42:51.428571428,3286.5290692055287,1.1658693143327397,0.8363758628670247,1.274061737028271,0.36656210785725124,10.86643182243688,1.124172120907299,1.1333333333333333,-0.036337608083252905,,,0.0016238235763871914,0.40920354124957226,152.77474809565612,0.37728869061450077,0.4224114418933839,0,38,3963,,,,
Most Avg Winning Trade Duration,26,58,BTC-USD,SMA,0,false,false,1,38,0.8131895162152938,43.24324324324324,2.6818261648138377,24.88490808421686,1.776216281051544,-0.40975793892219864,58 days 20:45:24.324324323,0.009336361342417361,0.28766086298258897,0.5677517032551098,7.158414134748227,0,3963,3964 days 00:00:00,1000.0,153774.74809565648,15277.474809565649,25883.405838053084,100.0,2765.9118201153283,70.52862564098241,819 days 00:00:00,37,31173.172535051926,363.87751549456755,-22.236297810979764,70.82654879001947,-10.118246739251791,99 days 22:30:00,27 days 13:42:51.428571428,3286.5290692055287,1.1658693143327397,0.8363758628670247,1.274061737028271,0.36656210785725124,10.86643182243688,1.124172120907299,1.1333333333333333,-0.036337608083252905,,,0.0016238235763871914,0.40920354124957226,152.77474809565612,0.37728869061450077,0.4224114418933839,0,38,3963,,,,
Most Profit Factor,75,87,BTC-USD,SMA,0,false,false,1,28,0.7997913642726283,62.96296296296296,5.856657599100201,69.78964499016533,1.7981317129108607,-0.04423427420308991,84 days 04:26:40,0.006813020439061317,0.21196063588190767,0.41635124905374715,14.792657530088034,0,3963,3964 days 00:00:00,1000.0,248384.72166902784,24738.472166902786,25883.405838053084,100.0,3460.379371941366,64.32719295811572,1055 days 00:00:00,27,27422.15409509858,1465.5309673273682,-33.19589578456767,116.1924814712852,-9.095177027738464,106 days 21:10:35.294117646,45 days 14:24:00,8146.761761997381,1.1990128978706587,1.0285723719962019,1.28434181329386,-0.07219477986350091,16.59999519091802,1.1159368045997196,1.150909090909091,-0.03936417062356651,,,0.0018129685740829174,0.45686808066889517,247.3847216690267,0.4199179077839197,0.4585779028514419,0,28,3963,,,,
Mean Total Fees Paid,18,65,BTC-USD,SMA,0,false,false,1,33,0.7720821357440234,50.0,2.9862207081374503,31.862452261522062,1.9995244618024286,0.272100080491635,67 days 20:15:00,0.008074690890739339,0.24981074943224832,0.49205147615442846,7.959583078200062,0,3963,3964 days 00:00:00,1000.0,330262.82649984985,32926.28264998498,25883.405838053084,100.0,5244.873244452061,70.58539300682412,793 days 00:00:00,32,66746.1088934791,392.56460448883234,-22.06297579816128,74.53129072466122,-10.806386201617094,106 days 04:30:00,29 days 12:00:00,8203.647425199082,1.29791143218233,0.9999527380596391,1.3113103954369425,0.4287362540862784,10.893740891228589,1.1412464860776657,1.1490159325210874,-0.03607262477234813,,,0.001822084829001025,0.4591653769082583,329.2628264998488,0.44587025921106016,0.4257652740759578,0,33,3963,,,,
Most Win Rate [%],55,87,BTC-USD,SMA,0,false,false,1,20,0.7416177663006288,68.42105263157895,3.4072431940845567,93.8071961315765,1.7971332962235964,-0.018106375315559704,117 days 11:22:06.315789474,0.0047943477163764825,0.1514004542013626,0.2952308856926571,14.202452101676988,0,3963,3964 days 00:00:00,1000.0,255147.51177504344,25414.751177504346,25883.405838053084,100.0,2784.8171761388153,65.47875158382534,1307 days 00:00:00,19,34172.24441659602,1289.7399547509333,-36.79781747996997,145.53010745991543,-18.25911174649115,153 days 09:13:50.769230770,39 days 16:00:00,11577.645650444607,1.2010219270832678,1.016767914291489,1.2857670384747817,-0.08356791371018985,16.440340435337173,1.1009123524320796,1.1679104477611941,-0.039876283586911906,,,0.0018231621803628893,0.45943686945144807,254.1475117750435,0.42234482944376683,0.46038489848270053,0,20,3963,,,,
Mean Calmar Ratio,21,61,BTC-USD,SMA,0,false,false,1,36,0.7320065745044275,40.0,2.809290996294999,27.712510661760057,1.8591738952293746,-0.23238004163992976,61 days 13:01:42.857142856,0.008831693161746153,0.2725208175624527,0.5374716124148373,7.552236062251039,0,3963,3964 days 00:00:00,1000.0,199686.18911623108,19868.618911623107,25883.405838053084,100.0,3455.0801869899205,67.27336767125614,794 days 00:00:00,35,40480.3266028768,403.0042587649097,-22.94715333140437,83.26883529329365,-9.325039092595674,110 days 01:42:51.428571428,29 days 04:34:17.142857143,4520.167500381553,1.2143498042586218,0.9343889565418637,1.289813583992421,0.40228233617402875,11.088735405335996,1.1264654820723299,1.145009416195857,-0.036072624772348114,,,0.0016883448159960542,0.42546289363100565,198.68618911623088,0.40035474862745724,0.4216615920313249,0,36,3963,,,,
Mean Profit Factor,29,65,BTC-USD,SMA,0,false,false,1,35,0.7256250698422463,44.11764705882353,2.589197879694058,28.43611019194432,1.7756161927189433,-0.26640281235016294,63 days 19:03:31.764705882,0.008579359071410548,0.26495079485238454,0.522331566994701,7.53416999786564,0,3963,3964 days 00:00:00,1000.0,190879.93729595118,18987.993729595117,25883.405838053084,100.0,3006.692363606105,65.16208985657542,755 days 00:00:00,34,38161.584837711824,353.5454528354735,-36.38748757018375,78.89336969477102,-11.398568362918864,107 days 22:24:00,28 days 22:44:12.631578947,4462.304484065863,1.1846115380592832,0.9543055325216304,1.2870178825394871,-0.11546510612515155,19.072813945150997,1.1189175876771864,1.1502347417840375,-0.036761670044099366,,,0.0017093014858852943,0.43074397444309415,189.87993729595095,0.3963453186920516,0.4376121933921984,0,35,3963,,,,
Mean Expectancy,39,68,BTC-USD,SMA,0,false,false,1,30,0.6573395495226313,51.724137931034484,2.2482055860038836,34.164716016291,1.7363938204577616,-0.2874678730994121,77 days 06:37:14.482758620,0.007317688619732526,0.22710068130204392,0.4466313398940197,7.758830283790538,0,3963,3964 days 00:00:00,1000.0,185427.58213219055,18442.75821321906,25883.405838053084,100.0,2676.502640004048,61.69577924447276,839 days 00:00:00,29,38276.50448469535,278.80020142064285,-42.23822694476273,79.88876994654827,-14.825341766127512,116 days 04:48:00,35 days 13:42:51.428571428,5039.692332672248,1.1652947786777013,1.0009167145502456,1.2748127964170957,-0.1454141684148048,17.570541112540187,1.1078730254577136,1.1506849315068493,-0.03929301154999717,,,0.0017198384381134162,0.43339928640458086,184.42758213219133,0.3937751515766139,0.447608735121955,0,30,3963,,,,
Least Total Fees Paid,51,68,BTC-USD,SMA,0,false,false,1,36,0.6407705355272372,42.857142857142854,2.006951865872328,21.31127494888177,1.3642496891561946,-0.8186051581510584,65 days 12:20:34.285714285,0.008831693161746153,0.2725208175624527,0.5374716124148373,5.807766072367478,0,3963,3964 days 00:00:00,1000.0,47951.16308505611,4695.1163085056105,25883.405838053084,100.0,882.740389641699,74.20019447584542,1117 days 00:00:00,35,9217.809589010336,274.1401329644684,-26.847357698328512,66.77591336971489,-12.787203866743063,114 days 06:24:00,28 days 22:48:00,1078.0958141727367,0.9272604228066796,0.5769845529711846,1.2115919238256194,-0.12989489616724478,16.799310570547267,1.0875707032765394,1.1140350877192984,-0.04017239205396161,,,0.001392343661318519,0.35087060265226677,46.9511630850561,0.2789454296967022,0.4553983166663854,0,36,3963,,,,
Median Profit Factor,41,69,BTC-USD,SMA,0,false,false,1,28,0.6368331461127665,51.85185185185185,2.5323984502451014,35.54877388532205,1.7295869263291017,-0.3118480354311484,83 days 07:06:39.999999999,0.006813020439061317,0.21196063588190767,0.41635124905374715,7.534940717555015,0,3963,3964 days 00:00:00,1000.0,179117.1657718911,17811.716577189112,25883.405838053084,100.0,2404.587462233967,65.71601453547923,756 days 00:00:00,27,33526.16687308444,280.0527084654483,-40.410236460276664,81.4725388290518,-13.907588361771522,124 days 03:25:42.857142856,39 days 07:23:04.615384615,5355.222181437282,1.1588279433036632,0.9318499661205688,1.272443163700598,-0.11854461453928751,17.419696446885457,1.1014428966420193,1.1552511415525115,-0.03935724854644716,,,0.0017113841524957999,0.43126880642894155,178.1171657718916,0.39071063285875396,0.44789400521432027,0,28,3963,,,,
Median Omega Ratio,37,89,BTC-USD,SMA,0,false,false,1,22,0.6358181663251179,57.14285714285714,3.07630913976376,78.35873597381294,1.76112607787901,-0.23370019677578727,105 days 06:51:25.714285714,0.005299015897047691,0.16654049962149886,0.3255109765329296,13.049903038787923,0,3963,3964 days 00:00:00,1000.0,199344.48800472516,19834.448800472517,25883.405838053084,100.0,2537.1545987041554,65.65770715652363,1055 days 00:00:00,21,25978.910721620166,1155.8741714906632,-30.68218752791506,147.66463924912907,-14.049135059941905,154 days 18:00:00,39 days 08:00:00,8207.884632528807,1.1760311431811712,0.9569906376528997,1.282318355425151,-0.07835168349333001,17.936546677350595,1.1132100286174658,1.1519105312208762,-0.03929301154999722,,,0.0017393910241553854,0.43832653808715716,198.34448800472646,0.40020229016717623,0.44856471132140097,0,22,3963,,,,
Median Sharpe Ratio,66,86,BTC-USD,SMA,0,false,false,1,25,0.6279711258927533,50.0,3.5500131224994744,83.870479300375,1.7774876762607188,-0.08494726698277806,94 days 03:00:00,0.006056018168054504,0.18925056775170326,0.3709311127933384,15.872535825203444,0,3963,3964 days 00:00:00,1000.0,237846.81251904392,23684.681251904392,25883.405838053084,100.0,3019.769861057006,67.22212311886997,1306 days 00:00:00,24,30500.060827229987,1571.7339907303078,-33.28289019687436,179.27938792619656,-11.538429325446574,157 days 12:00:00,30 days 18:00:00,8597.781320492248,1.1866315143929735,0.974429171806682,1.2809522051022075,-0.0717580074092591,16.1831178476509,1.1101585777552467,1.1538461538461537,-0.039883056899618574,,,0.00180888639989926,0.4558393727746135,236.84681251904428,0.41601002840831347,0.4623194002525602,0,25,3963,,,,
Mean Sharpe Ratio,39,73,BTC-USD,SMA,0,false,false,1,26,0.603700889959991,48.0,3.1191010037551252,38.185634549809286,1.775859676707129,-0.18662528862537411,89 days 08:38:24,0.0063083522583901085,0.1968205904617714,0.38607115821347465,7.515719139250882,0,3963,3964 days 00:00:00,1000.0,211529.07752918737,21052.907752918734,25883.405838053084,100.0,2432.5298916857687,62.734480196313704,756 days 00:00:00,25,40662.929400574154,258.37443928404264,-39.96316842642045,92.8152040688399,-12.241660390834358,141 days 22:00:00,40 days 20:18:27.692307692,6794.645925144529,1.1895399054085765,1.0158015442133692,1.2818705971441018,-0.1268455606003854,17.64997319818595,1.101655270937187,1.1635859519408505,-0.03931021920798693,,,0.0017507014411611895,0.4411767631726198,210.5290775291879,0.4054932807599432,0.44635435453089467,0,26,3963,,,,
Mean Sortino Ratio,33,76,BTC-USD,SMA,0,false,false,1,23,0.5854111581893747,50.0,2.798456973297973,61.40761194727208,1.8016898996688744,-0.13903521781917103,100 days 09:49:05.454545455,0.0055513499873832955,0.174110522331567,0.34065102195306585,10.691711391273717,0,3963,3964 days 00:00:00,1000.0,223847.0086945737,22284.70086945737,25883.405838053084,100.0,2290.4926586092092,61.7649773383571,839 days 00:00:00,22,43030.84577022845,728.9002381724466,-42.822091118422065,139.1375458634217,-16.322321968877546,162 days 04:21:49.090909092,38 days 15:16:21.818181818,8173.461951106605,1.2021157825155984,1.0455973529789044,1.2870391565772303,-0.1008000834237789,17.98214847082039,1.105984612846511,1.1637043966323666,-0.03910700845657264,,,0.0017612399803486902,0.44383247504786993,222.84700869457268,0.41055964443781345,0.4443436099692589,0,23,3963,,,,
Median Expectancy,29,74,BTC-USD,SMA,0,false,false,1,26,0.5827153963574562,48.0,2.6426508493774303,51.9664513591264,1.6717799347768096,-0.4528687745376809,88 days 08:38:23.999999999,0.0063083522583901085,0.1968205904617714,0.38607115821347465,10.22806764070618,0,3963,3964 days 00:00:00,1000.0,142616.1955531253,14161.619555312529,25883.405838053084,100.0,1754.424567143637,67.3696482992177,1098 days 00:00:00,25,26694.11583369784,721.343182369625,-40.42828418223043,126.85272832447913,-17.15934276273764,148 days 16:00:00,32 days 16:36:55.384615384,4596.8831887770975,1.1218719469487173,0.8592807251037806,1.2662126121508923,-0.1254081355307299,17.85331127762773,1.100788061208599,1.150278293135436,-0.03926981588300993,,,0.0016512602329060364,0.41611757869232113,141.61619555312564,0.370708619093413,0.4463946039822275,0,26,3963,,,,
Mean Omega Ratio,55,82,BTC-USD,SMA,0,false,false,1,24,0.5819643182943938,47.82608695652174,2.921069163636282,75.17533026586703,1.778385090004817,-0.07765704667472313,97 days 08:20:52.173913044,0.0058036840777189,0.18168054504163514,0.35579106737320215,13.657894976387652,0,3963,3964 days 00:00:00,1000.0,239733.76982786597,23873.376982786594,25883.405838053084,100.0,3932.418764709733,65.76842369282109,1304 days 00:00:00,23,28304.47457058262,1252.5174169868174,-29.823087219584732,167.95477865530154,-9.872497424447928,159 days 04:21:49.090909092,40 days 16:00:00,9149.09979379493,1.1920744249088715,0.9977989734117786,1.282324277645615,-0.10795653412988865,16.519586488312388,1.0998631920346735,1.1658943466172382,-0.039876283586911955,,,0.0018059054705762262,0.455088178585209,238.7337698278662,0.4167215531136008,0.4594500949468284,0,24,3963,,,,
Mean Avg Winning Trade [%],51,72,BTC-USD,SMA,0,false,false,1,31,0.5746748812988953,43.333333333333336,2.1981727937997633,29.10535824961535,1.5137207718436125,-0.6656332466278786,76 days 02:23:59.999999999,0.00757002271006813,0.23467070401211204,0.46177138531415596,6.830174910961967,0,3963,3964 days 00:00:00,1000.0,87545.50376282823,8654.550376282823,25883.405838053084,100.0,1429.2573131672357,73.14806612964425,1055 days 00:00:00,30,17672.623625199107,303.08651741932437,-28.825528786876752,82.85835766692695,-11.999876598917046,122 days 20:18:27.692307692,40 days 08:28:14.117647058,2295.7626712543047,1.025557728983558,0.6965574516318048,1.2367151428450647,-0.1408689263537722,16.59713668941744,1.089903832648833,1.134701159678858,-0.040617829904855005,,,0.0015496562454771214,0.3905133738602346,86.54550376282833,0.32883782021358554,0.45827056333277166,0,31,3963,,,,
Most Avg Winning Trade [%],25,83,BTC-USD,SMA,0,false,false,1,22,0.5743551489693852,42.857142857142854,5.284677251547033,104.79107317001478,1.9580913161893356,0.4289442211110457,103 days 21:42:51.428571428,0.005299015897047691,0.16654049962149886,0.3255109765329296,17.451957681607308,0,3963,3964 days 00:00:00,1000.0,370859.43194957863,36985.94319495786,25883.405838053084,100.0,2833.789003368316,66.7122327258917,756 days 00:00:00,21,68110.4200648542,1565.5653809299647,-40.093297276408364,262.33252613149926,-13.365016551098554,192 days 16:00:00,37 days 08:00:00,14369.000565939257,1.2962740137856241,1.0854499360050007,1.3162757167557286,-0.0671677555126707,18.588203898040597,1.1201666221135795,1.1750713606089436,-0.0378364213172544,,,0.0018809875027114334,0.47400885068328125,369.8594319495779,0.45656596967727303,0.440084221419307,0,22,3963,,,,
Least Avg Losing Trade [%],17,89,BTC-USD,SMA,0,false,false,1,24,0.5539580848680894,47.82608695652174,2.216971997524925,105.40470647687268,1.7998158420329027,-0.14273763944415402,95 days 19:49:33.913043478,0.0058036840777189,0.18168054504163514,0.35579106737320215,19.149984522671797,0,3963,3964 days 00:00:00,1000.0,222888.69587954352,22188.869587954352,25883.405838053084,100.0,2795.392812777459,69.13951626923051,840 days 00:00:00,23,45863.87081594425,1809.0163440976198,-44.485752977442026,241.38144650813533,-19.240638551784752,171 days 08:43:38.181818182,26 days 14:00:00,7653.253263634749,1.2024019347385162,0.9331319645245956,1.289507226183763,-0.12508825986519387,18.259144376973534,1.1100343781308337,1.1616822429906541,-0.038801006772303595,,,0.0017593311094738272,0.44335143958740447,221.88869587954383,0.41017497611930187,0.4437563885438515,0,24,3963,,,,
Mean Best Trade [%],42,75,BTC-USD,SMA,0,false,false,1,25,0.541673621763894,45.83333333333333,2.5034021996084888,47.04720744579076,1.643583948326058,-0.4805300026614947,93 days 13:59:59.999999999,0.006056018168054504,0.18925056775170326,0.3709311127933384,8.903710720248062,0,3963,3964 days 00:00:00,1000.0,135456.5276180489,13445.652761804888,25883.405838053084,100.0,1752.1641833777035,68.51582621684985,1049 days 00:00:00,24,27837.34202342361,554.3984497344892,-38.13515977162678,119.58716221923167,-14.332754285582306,155 days 15:16:21.818181818,41 days 01:50:46.153846154,4442.46606644272,1.1071320805604163,0.83400294907771,1.2587727948467973,-0.1330476461746144,17.04176159987024,1.0880748187018312,1.156880733944954,-0.03987628358691202,,,0.0016466693706387527,0.41496068140096565,134.45652761804874,0.3662277557860092,0.45108010700807855,0,25,3963,,,,
Most Best Trade [%],20,83,BTC-USD,SMA,0,false,false,1,23,0.533796015283998,45.45454545454545,2.3647594222372383,108.22297565888177,1.8087116701876802,-0.13738792183926088,98 days 19:38:10.909090908,0.0055513499873832955,0.174110522331567,0.34065102195306585,18.842758820244367,0,3963,3964 days 00:00:00,1000.0,224273.38499840777,22327.33849984078,25883.405838053084,100.0,2814.1251084374744,66.87138832664768,841 days 00:00:00,22,46148.79869269108,1820.6357627082195,-44.57139010308126,258.88271679096835,-17.326808617857047,179 days 19:12:00,31 days 08:00:00,8051.11755935076,1.2062702433205312,0.9661850779095722,1.291909098029868,-0.11022433270256388,18.493289410597516,1.1147329931571999,1.1589403973509935,-0.03821130640218893,,,0.0017574191563281157,0.44286962739468516,223.27338499840855,0.41073029711177345,0.4418526296452719,0,23,3963,,,,
Least Win Rate [%],50,84,BTC-USD,SMA,0,false,false,1,24,0.4764344180212092,34.78260869565217,2.3681874479464033,69.2844152836967,1.6081188542750844,-0.5333771326416139,96 days 20:52:10.434782608,0.0058036840777189,0.18168054504163514,0.35579106737320215,12.587630331633013,0,3963,3964 days 00:00:00,1000.0,121777.89049153122,12077.789049153122,25883.405838053084,100.0,2255.919436632001,67.99750545451361,1341 days 00:00:00,23,14377.862606305585,1196.6188528972498,-32.29385528845201,215.932203305521,-8.927738327942922,197 days 21:00:00,43 days 00:00:00,4626.088168922852,1.082932270408788,0.8178185656308637,1.2551214522371785,-0.11240321290368875,16.976076462225528,1.0916731602255842,1.1497227356746764,-0.03976337342106381,,,0.0016290344928111124,0.4105166921884003,120.7778904915321,0.3570131893463011,0.4562214360271543,0,24,3963,,,,
