Metric Type,Ticker,Use SMA,Short Window,Long Window,Signal Entry,Total Trades,Win Rate [%],Profit Factor,Trades Per Day,Expectancy per Trade,Expectancy Adjusted,Trades per Month,Signals per Month,Expectancy per Month,Sortino Ratio,Signal Window,Start,End,Period,Start Value,End Value,Total Return [%],Benchmark Return [%],Max Gross Exposure [%],Total Fees Paid,Max Drawdown [%],Max Drawdown Duration,Total Closed Trades,Total Open Trades,Open Trade PnL,Best Trade [%],Worst Trade [%],Avg Winning Trade [%],Avg Losing Trade [%],Avg Winning Trade Duration,Avg Losing Trade Duration,Expectancy,Sharpe Ratio,Calmar Ratio,Omega Ratio,Skew,Kurtosis,Tail Ratio,Common Sense Ratio,Value at Risk,Alpha,Beta,Daily Returns,Annual Returns,Cumulative Returns,Annualized Return,Annualized Volatility,Beats BNH [%],Avg Trade Duration
Most Expectancy,DXC,true,68,86,false,83,51.80722891566265,1.3115266598747437,0.007616076344283355,6.104204428002136,4.834790760804786,0.15993760322995046,0.3198752064599009,0.9762918258403124,0.6654145607699442,0,0,10898,10899 days 00:00:00,1000.0,15413.921982811762,1441.3921982811762,1471.6152926357997,100.0,1357.695933206333,73.45844145948688,1803 days 00:00:00,83,0,0.0,124.13607746318172,-46.2902923841673,21.23786708412898,-10.16448292733422,109 days 02:47:26.511627908,45 days 12:36:00,173.66171063628633,0.44382853975004943,0.13058939473125786,1.0958592383641164,1.0683003255937513,56.49753730080008,1.116549060784435,0.4019809621816311,-0.02315663651782384,None,None,0.00039444017762666834,0.09939892476192042,14.413921982811782,0.06528595239849566,0.26953342057699,-0.020537360888993723,78 days 11:16:37.590361446
Median Total Trades,DXC,true,70,85,false,89,49.43820224719101,1.2581296808173408,0.008166636080014682,5.396629571817324,4.373764987289782,0.1714993576803083,0.3429987153606166,0.9255185052052283,0.6242993338686865,0,0,10898,10899 days 00:00:00,1000.0,11861.758041507474,1086.1758041507474,1471.6152926357997,100.0,1197.0083267831474,74.6712683594857,1766 days 00:00:00,89,0,0.0,123.96137303751271,-47.958005586031035,20.874002511188408,-9.736801746678845,101 days 20:43:38.181818181,45 days 03:44:00,122.04222518547726,0.4166362311566056,0.11564938404930256,1.0897452015721454,1.070922443194022,56.229728740264726,1.1187724325511237,0.4003597584478992,-0.023143043410853978,None,None,0.00037081215912222705,0.09344466409880121,10.861758041507429,0.058853353569664923,0.26992532631886196,-0.26191593034800176,73 days 04:35:03.370786516
Median Avg Winning Trade [%],DXC,true,72,87,false,87,49.42528735632184,1.1563351334356624,0.007983116168104239,4.723399339731025,3.7411341243034455,0.167645439530189,0.335290879060378,0.7918563583858123,0.5004668894021324,0,0,10898,10899 days 00:00:00,1000.0,5502.918398494147,450.2918398494147,1471.6152926357997,100.0,769.7245103553098,79.2591215621336,2824 days 00:00:00,87,0,0.0,125.3120345715361,-54.783683733592156,20.58952375508831,-10.782131338913596,106 days 06:41:51.627906976,44 days 05:27:16.363636363,51.75768274131201,0.3376825877122375,0.0741501924477913,1.0724162810928766,0.9281129618936886,56.474622499395494,1.1115454511811895,0.39694950012817226,-0.02317605262059749,None,None,0.00030167968810643946,0.07602328140282275,4.502918398494161,0.04021602323157958,0.27094684967601723,-0.6940152483446267,74 days 21:31:02.068965516
Mean Max Drawdown [%],DXC,true,66,86,false,81,44.44444444444444,1.20763973559302,0.0074325564323729125,5.033224109163446,3.337558812486352,0.15608368507983117,0.31216737015966234,0.7856041667908811,0.5505893413274007,0,0,10898,10899 days 00:00:00,1000.0,7608.302397026018,660.8302397026018,1471.6152926357997,100.0,837.7066025625784,73.83595599079167,1766 days 00:00:00,81,0,0.0,121.11600388465718,-46.137550573433565,22.609620603203044,-9.02789308606823,124 days 16:40:00,44 days 18:08:00,81.58398021019758,0.3711234268372866,0.09523841664397985,1.0797354247270954,0.9460664326429215,57.040051709129294,1.0998074294175382,0.4010798303123795,-0.023245283637468125,None,None,0.00033017604149687197,0.08320436245721173,6.6083023970260415,0.048036952806069344,0.2698198455732076,-0.5509490537306163,80 days 06:48:53.333333332
Least Avg Losing Trade [%],DXC,true,59,87,false,69,49.275362318840585,1.1252511327802466,0.006331436960910259,5.3245400551245545,3.334580251873916,0.13296017617911543,0.26592035235823086,0.7079517838021178,0.4476439055448312,0,0,10898,10899 days 00:00:00,1000.0,4013.5302395764397,301.353023957644,1471.6152926357997,100.0,527.3807421583389,71.17447227233626,2759 days 00:00:00,69,0,0.0,121.94142939174442,-40.13314659604416,24.721917096730113,-13.518626213863708,138 days 06:21:10.588235292,50 days 23:18:51.428571428,43.67435129820939,0.3056496685894309,0.06693280932503819,1.0655913528095207,0.7301147050322477,58.36851611127859,1.0868688613036273,0.39838337182448036,-0.02321484935181103,None,None,0.00027255489495720876,0.0686838335292166,3.0135302395764327,0.03265290439543578,0.2704436318526584,-0.7952229597873418,93 days 23:39:07.826086955
Mean Total Fees Paid,DXC,true,26,84,false,73,42.465753424657535,1.2859391167748182,0.006698476784731143,5.608147612012548,3.2022946393882665,0.140668012479354,0.281336024958708,0.7888869782726405,0.5674870054181224,0,0,10898,10899 days 00:00:00,1000.0,8433.063535407375,743.3063535407375,1471.6152926357997,100.0,711.85734440131,66.60909835597218,2722 days 00:00:00,73,0,0.0,132.20458998714605,-25.476343618998353,25.77983610642788,-9.280479610055911,148 days 06:58:03.870967742,41 days 07:25:42.857142857,101.82278815626546,0.38395772927846517,0.11111943806296111,1.0840780499557707,0.847521809045592,63.31044199363556,1.1069157705605048,0.38646482635796975,-0.022026261458516057,None,None,0.00033136871423196796,0.08350491598645593,7.433063535407371,0.050533888057806786,0.261742828136642,-0.49490443782395954,86 days 17:45:12.328767123
Median Win Rate [%],DXC,true,64,86,false,79,44.303797468354425,1.156812723909583,0.00724903652046247,4.934846853188813,3.1814264111550643,0.15222976692971188,0.30445953385942376,0.7512305862947551,0.5007734628182456,0,0,10898,10899 days 00:00:00,1000.0,5577.763368306748,457.7763368306748,1471.6152926357997,100.0,689.1386457892445,74.79149523517776,1766 days 00:00:00,79,0,0.0,116.28946470780805,-47.080445114990425,23.854294038278947,-10.114713407678334,129 days 12:20:34.285714284,44 days 15:49:05.454545454,57.946371750718185,0.3391911124227798,0.07922011091827862,1.0726070890340798,0.894982765113693,56.99991489474851,1.0929033745546117,0.40071970183781,-0.02325261575726798,None,None,0.00030193891811836754,0.07608860736582862,4.577763368306733,0.040540989281753204,0.26997362190781604,-0.6889293423889644,82 days 06:04:33.417721517
Most Win Rate [%],DXC,true,74,83,false,110,55.45454545454545,1.1599190949589657,0.010093595155074325,3.4925732983354107,3.1750666348503738,0.21196549825656083,0.42393099651312166,0.7403050393792254,0.5118115330650712,0,0,10898,10899 days 00:00:00,1000.0,5975.184133488366,497.5184133488366,1471.6152926357997,100.0,975.3620828260866,79.91118047917855,2078 days 00:00:00,110,0,0.0,115.99576974038519,-56.96261784538912,14.487872498650079,-10.195452236750196,77 days 01:34:25.573770492,36 days 01:28:09.795918367,45.228946668076105,0.3463389175838966,0.07720354126846406,1.0744682631198672,0.897096976870063,57.59201399049995,1.1137484034409793,0.39587602459016397,-0.023035968291066227,None,None,0.0003076809940959734,0.0775356105121853,4.975184133488406,0.042198200395455965,0.2694300783374225,-0.6619235911460699,58 days 19:11:59.999999999
Median Best Trade [%],DXC,true,40,77,false,77,46.75324675324675,1.1782258691638476,0.007065516608552028,4.626927575156809,3.068141328157029,0.1483758487795926,0.2967516975591852,0.6865243062055937,0.5001020242507889,0,0,10898,10899 days 00:00:00,1000.0,5590.22052524725,459.02205252472504,1471.6152926357997,100.0,686.5437242029801,74.82232048817946,4621 days 00:00:00,77,0,0.0,115.83770987302235,-21.860699370686827,22.58375365084499,-11.140041662032809,124 days 14:00:00,46 days 20:29:16.097560975,59.61325357463954,0.34017938731021635,0.0792932442375847,1.073517799749968,0.7426466193917551,61.73429930798019,1.1079096743415044,0.39017857142857143,-0.022293166878785565,None,None,0.0002964827130096205,0.07471364367842437,4.590220525247236,0.040594662620867084,0.26432490456509194,-0.6880828469086008,83 days 04:40:31.168831168
Least Max Drawdown Duration,DXC,true,69,80,false,105,46.666666666666664,1.2961817921061884,0.00963479537529822,3.987758014358187,3.0507438361210175,0.20233070288126262,0.40466140576252524,0.8068458819654801,0.5826831678151275,0,0,10898,10899 days 00:00:00,1000.0,9095.045547946991,809.5045547946992,1471.6152926357997,100.0,987.4979310841762,68.00377991463876,1671 days 00:00:00,105,0,0.0,128.1386795106564,-36.77990288493117,18.069503623043502,-8.333769393241461,85 days 13:42:51.428571428,40 days 11:34:17.142857142,77.09567188520947,0.3902295496423032,0.11284254013738283,1.083794499589981,1.0547483643277238,58.5880312490215,1.115619378409826,0.39730769230769236,-0.023071727400426775,None,None,0.0003427562742594102,0.08637458111337137,8.095045547947016,0.052371065712650156,0.26638634761617797,-0.44992107730492437,61 days 12:34:17.142857141
Least Max Drawdown [%],DXC,true,72,79,false,129,50.3875968992248,1.3131574277812363,0.011837034318223527,3.518098302838222,2.906041297299332,0.24857772068269407,0.49715544136538814,0.8745208572571795,0.6548667949650598,0,0,10898,10899 days 00:00:00,1000.0,14100.574966357552,1310.0574966357551,1471.6152926357997,100.0,1909.9699304720168,59.44774800300595,1910 days 00:00:00,129,0,0.0,123.24782209661214,-36.77990288493115,14.555670395983341,-7.691935854262291,64 days 09:13:50.769230769,35 days 03:45:00,101.5548447004461,0.43614936887519995,0.15587688009392484,1.094376653887875,1.1123607848630488,58.874204664174655,1.127250371204279,0.39677047289504036,-0.022988557848964232,None,None,0.0003824009257232326,0.09636503328225461,13.100574966357604,0.06309469175944837,0.2659073789482532,-0.10978262920241852,49 days 21:12:33.488372092
Mean Sharpe Ratio,DXC,true,61,84,false,82,47.5609756097561,1.1072402750877388,0.007524316388328133,4.020183849602714,2.88795671642118,0.1580106441548908,0.3160212883097816,0.6352318396968134,0.4268881694975451,0,0,10898,10899 days 00:00:00,1000.0,3522.9108541984315,252.29108541984314,1471.6152926357997,100.0,622.8044484895104,73.33767545309348,2824 days 00:00:00,82,0,0.0,113.86496888257737,-39.53307397035964,21.168277023253935,-11.532737866034443,116 days 16:36:55.384615384,45 days 00:00:00,30.76720553900526,0.2921139720261092,0.058734578959673746,1.0623844205229507,0.7067489778614967,59.174811639279184,1.0897654622890103,0.3982039769082745,-0.02317605262059749,None,None,0.00025908948592851346,0.0652905504539854,2.5229108541984515,0.02954450491004401,0.26899497168751063,-0.8285617941846973,79 days 02:20:29.268292683
Most Best Trade [%],DXC,true,19,86,false,80,40.0,1.1978503627361767,0.007340796476417691,4.8646102023803515,2.8673333298244845,0.1541567260047715,0.308313452009543,0.749912382088364,0.4913115415653784,0,0,10898,10899 days 00:00:00,1000.0,5323.1567278220755,432.31567278220757,1471.6152926357997,100.0,593.7539120890211,69.50613479766547,4621 days 00:00:00,80,0,0.0,143.80479596093562,-26.825788201551447,26.585556014088652,-9.616020338758519,150 days 01:30:00,33 days 05:30:00,54.039459097776046,0.3350406902910239,0.08286150396433263,1.0727945659881872,0.726717408761608,61.527944372286534,1.1004276832731807,0.3915985699693565,-0.022270850959174412,None,None,0.00029215160820583833,0.07362220526787126,4.323156727822069,0.03941753841658935,0.26445843840157235,-0.7062305108233211,79 days 23:06:00
Most Profit Factor,DXC,true,72,78,false,145,54.48275862068965,1.3817405890013488,0.013305193613507066,3.1925577215429626,2.8514647823843307,0.2794090658836484,0.5588181317672968,0.892029570755948,0.66882230887273,0,0,10898,10899 days 00:00:00,1000.0,15585.630629212845,1458.5630629212847,1471.6152926357997,100.0,1956.2798981121227,60.23291272443536,3614 days 00:00:00,145,0,0.0,125.38854066771319,-36.77990288493116,12.269589874114013,-7.672374703504204,53 days 14:53:09.873417722,33 days 08:00:00,100.59055606353672,0.4479337571937455,0.15993847557293658,1.0966337391076517,0.996512735320531,59.49493893042103,1.1366465297176531,0.39694950012817226,-0.022753035789140605,None,None,0.00038945146598611777,0.09814176942850168,14.585630629212957,0.06555885450404464,0.26368550236203175,-0.008869321880406206,44 days 09:16:08.275862069
Most Calmar Ratio,DXC,true,72,78,false,145,54.48275862068965,1.3817405890013488,0.013305193613507066,3.1925577215429626,2.8514647823843307,0.2794090658836484,0.5588181317672968,0.892029570755948,0.66882230887273,0,0,10898,10899 days 00:00:00,1000.0,15585.630629212845,1458.5630629212847,1471.6152926357997,100.0,1956.2798981121227,60.23291272443536,3614 days 00:00:00,145,0,0.0,125.38854066771319,-36.77990288493116,12.269589874114013,-7.672374703504204,53 days 14:53:09.873417722,33 days 08:00:00,100.59055606353672,0.4479337571937455,0.15993847557293658,1.0966337391076517,0.996512735320531,59.49493893042103,1.1366465297176531,0.39694950012817226,-0.022753035789140605,None,None,0.00038945146598611777,0.09814176942850168,14.585630629212957,0.06555885450404464,0.26368550236203175,-0.008869321880406206,44 days 09:16:08.275862069
Median Max Drawdown [%],DXC,true,43,82,false,71,45.07042253521127,1.2363800481764677,0.006514956872820701,4.782807078951891,2.8191163478810193,0.13681409432923472,0.27362818865846944,0.6543554188582557,0.5066058043549978,0,0,10898,10899 days 00:00:00,1000.0,5864.9874870805115,486.4987487080511,1471.6152926357997,100.0,591.6561410686343,73.63105030962062,4622 days 00:00:00,71,0,0.0,108.02506174292658,-29.249866211226045,22.840546858254577,-10.033799919450317,138 days 03:00:00,50 days 20:18:27.692307692,68.52095052226076,0.3453530960239195,0.08288978451429213,1.0746397983478937,0.7158860072045667,62.22378208740164,1.100610845074791,0.3907107311471226,-0.022389623435901486,None,None,0.0003002463677588039,0.07566208467521858,4.86498748708048,0.04174974044180857,0.26367023794049793,-0.6694117333908057,90 days 04:23:39.718309859
Least Total Trades,DXC,true,50,89,false,64,45.3125,1.114096878205994,0.005872637181134153,5.226586451264216,2.791877087615809,0.1233253808038172,0.2466507616076344,0.6445707644062311,0.4132095186314332,0,0,10898,10899 days 00:00:00,1000.0,3258.9832927132015,225.89832927132014,1471.6152926357997,100.0,440.81404177590525,74.6155862335077,4565 days 00:00:00,64,0,0.0,122.0657050908769,-35.89016598480154,26.489276749675632,-12.391071224562387,156 days 11:35:10.344827586,54 days 19:53:08.571428571,35.29661394864365,0.2838303593235257,0.054087753923215375,1.0607559178428794,0.6392200841793512,60.41706023551856,1.0879724548710057,0.3937340153452685,-0.022906418622257892,None,None,0.0002493613722927472,0.0628390658177723,2.2589832927131983,0.02769246126053493,0.26645080391876974,-0.8464963428949456,100 days 21:22:30
Median Total Return [%],DXC,true,62,86,false,75,44.0,1.1174605882737885,0.006881996696641586,4.558828915268344,2.7710693351235096,0.1445219306294733,0.2890438612589466,0.6588507562440487,0.4480230879505097,0,0,10898,10899 days 00:00:00,1000.0,4013.9069230164873,301.3906923016487,1471.6152926357997,100.0,606.2488609585648,74.29757634216828,1893 days 00:00:00,75,0,0.0,106.12208996490374,-39.23323602993387,24.760369137779193,-11.31380983099018,135 days 11:38:10.909090910,48 days 13:42:51.428571428,40.185425640219705,0.3057046921837104,0.06412371550939767,1.0653774601061676,0.7382501214932726,57.474455937947326,1.0869036884534076,0.40071970183781,-0.02325586378577584,None,None,0.0002736258107532913,0.06895370430982942,3.013906923016468,0.03265514517089496,0.27145738388849,-0.7951973631900563,86 days 19:31:12
Median Avg Losing Trade [%],DXC,true,27,80,false,76,42.10526315789473,1.2409691005906345,0.006973756652596807,4.682314732371314,2.7598834303901643,0.14644888970453293,0.29289777940906586,0.6857197938029561,0.48140758449472726,0,0,10898,10899 days 00:00:00,1000.0,4959.920469264742,395.9920469264742,1471.6152926357997,100.0,457.0106784016004,70.0669646470431,4565 days 00:00:00,76,0,0.0,121.74945734047624,-25.721100919663144,24.69337051366144,-9.871180381294229,144 days 06:00:00,39 days 13:38:10.909090909,52.10421670085185,0.3275437557112002,0.0786298539005715,1.0711881284142006,0.785934117813424,62.05766544526866,1.1018337604997157,0.38699414609315347,-0.022270850959174554,None,None,0.0002844705769056571,0.07168658538022558,3.959920469264742,0.03772036605752249,0.26339936987239454,-0.7309133379436309,83 days 15:28:25.263157895
Mean Profit Factor,DXC,true,56,75,false,90,48.888888888888886,1.134384138664474,0.008258396035969904,3.283908661788735,2.6319122243844144,0.17342631675536796,0.3468526335107359,0.5695161837750697,0.44603902363159714,0,0,10898,10899 days 00:00:00,1000.0,3946.245563691872,294.6245563691872,1471.6152926357997,100.0,774.008680399916,71.14470445023763,4658 days 00:00:00,90,0,0.0,127.70239007185087,-32.67764290060933,16.287221426750094,-9.154042678609086,100 days 10:54:32.727272727,42 days 15:07:49.565217391,32.73606181879859,0.3034338772321198,0.06612731014629226,1.0654827317224258,0.8096411304461218,62.78554065069907,1.108635308608127,0.38628847621470364,-0.022331191563120682,None,None,0.00026470269224304236,0.06670507844524667,2.946245563691877,0.03224931564939615,0.2645702420177672,-0.7997951245522278,70 days 21:35:59.999999998
Mean Total Trades,DXC,true,65,78,false,100,49.0,1.146535071284525,0.009175995595522114,3.1533717734337365,2.533036342594313,0.19269590750596438,0.38539181501192876,0.6076418355855062,0.4436766105419053,0,0,10898,10899 days 00:00:00,1000.0,3884.8682531922,288.48682531922003,1471.6152926357997,100.0,655.4386603927742,68.66586687027711,3880 days 00:00:00,100,0,0.0,121.82065446641168,-37.03463834407026,16.36275348915609,-9.537994973044606,86 days 00:00:00,43 days 14:07:03.529411764,28.84868253192198,0.30169733979400337,0.06771422887073134,1.0645448956513117,0.8760359289066675,59.79614585731529,1.099822211881476,0.39355581127733025,-0.02281828428296699,None,None,0.00026466544846548786,0.06669569301330294,2.8848682531922027,0.03187525416080028,0.26605564046872276,-0.8039658688226097,64 days 08:52:47.999999999
Median Total Fees Paid,DXC,true,45,75,false,79,41.77215189873418,1.2003927756383275,0.00724903652046247,4.159143885479152,2.528122089165813,0.15222976692971188,0.30445953385942376,0.6331455043136275,0.48669462333772295,0,0,10898,10899 days 00:00:00,1000.0,5192.349179432276,419.23491794322763,1471.6152926357997,100.0,614.768335494205,70.92950945995277,4690 days 00:00:00,79,0,0.0,112.56599975726012,-24.6119354001146,23.15285965014949,-9.46678264134957,126 days 05:49:05.454545456,48 days 07:49:33.913043478,53.067711132054114,0.3324996150285857,0.07995682558786019,1.0717634571768058,0.6791005304906202,61.51044589934367,1.0994512639514873,0.3900012753475322,-0.022543597944487976,None,None,0.0002901462022808416,0.07311684297477208,4.1923491794323215,0.038819768506909824,0.26465033390758974,-0.7151192162509137,80 days 20:57:43.291139241
Most Worst Trade [%],DXC,true,34,80,false,76,40.78947368421053,1.2263530151566506,0.006973756652596807,4.409149595936181,2.51765771733324,0.14644888970453293,0.29289777940906586,0.6457150628660436,0.4945269337677204,0,0,10898,10899 days 00:00:00,1000.0,5335.412359288456,433.54123592884565,1471.6152926357997,100.0,583.0832358154057,68.82253656858838,4621 days 00:00:00,76,0,0.0,109.69003363284125,-21.41667191648689,23.83903479334151,-8.975882428943049,137 days 21:40:38.709677420,46 days 14:56:00,57.044899464321986,0.3352333093240848,0.08380290068013367,1.072397507730762,0.8423041505060547,62.54983092154318,1.1090847908899784,0.3868176612800611,-0.022334826068888015,None,None,0.0002900227435089137,0.07308573136424625,4.335412359288443,0.03947280752394233,0.26238052384990734,-0.7053977095112045,83 days 20:31:34.736842105
Mean Total Return [%],DXC,true,48,70,false,90,45.55555555555556,1.1377519298186414,0.008258396035969904,3.3655667566721608,2.513446940319829,0.17342631675536796,0.3468526335107359,0.5836778464039626,0.4533725197714214,0,0,10898,10899 days 00:00:00,1000.0,4216.443458124138,321.64434581241375,1471.6152926357997,100.0,773.4787526238661,73.48045678028534,4801 days 00:00:00,90,0,0.0,108.92152321101938,-25.33800043421798,18.64815502974027,-9.421905063650133,104 days 07:01:27.804878050,41 days 22:02:26.938775510,35.738260645823686,0.3106091104568145,0.06718916979736685,1.0671284473035425,0.6671599049092376,62.57174457399915,1.0991669457214366,0.3852313167259786,-0.022418817485656863,None,None,0.00026972577642183244,0.06797089565830178,3.2164434581241306,0.03383117711243888,0.2633631237252232,-0.7814344907789597,70 days 08:00:00
Most Omega Ratio,DXC,true,50,59,false,146,50.68493150684932,1.3339140011241066,0.013396953569462286,2.9809481109080274,2.4768713250302494,0.281336024958708,0.562672049917416,0.8386480921310343,0.654717952088761,0,0,10898,10899 days 00:00:00,1000.0,14936.748251106355,1393.6748251106355,1471.6152926357997,100.0,2000.5520344536442,61.61090156738754,2665 days 00:00:00,146,0,0.0,114.18935823397301,-25.37685112849243,13.12783804877605,-7.447799880789663,57 days 01:17:50.270270270,28 days 17:00:00,95.45717980209844,0.4412047533808896,0.15382892994073039,1.0981330354975076,0.821220278627577,60.129504826293484,1.1495396616612423,0.3818942563712438,-0.02229316687878553,None,None,0.00039186054806473916,0.09874885811231426,13.936748251106335,0.0645116756155033,0.26936307513445695,-0.05296252894026779,43 days 01:48:29.589041095
Most Avg Losing Trade Duration,DXC,true,43,88,false,68,39.705882352941174,1.2095376665566393,0.006239677004955038,4.948200807474254,2.460884542306223,0.1310332171040558,0.2620664342081116,0.6483786706802381,0.4836149316451704,0,0,10898,10899 days 00:00:00,1000.0,5062.372831217206,406.2372831217206,1471.6152926357997,100.0,505.80038376604017,67.13555138253805,4565 days 00:00:00,68,0,0.0,114.61047006058457,-30.02875117365132,27.159382087847227,-9.678674669844533,148 days 16:00:00,58 days 15:48:17.560975610,59.740776929664776,0.32974547625897777,0.08313960412552104,1.0710892713007254,0.7210125108008839,61.23566229961266,1.0976567597533597,0.39106573069559675,-0.022581943897295304,None,None,0.0002879683680767578,0.07256802875534298,4.062372831217183,0.03821104438430867,0.26485772334764696,-0.7239514395137115,94 days 09:31:45.882352941
Mean Avg Losing Trade [%],DXC,true,52,80,false,79,45.56962025316456,1.1317291598727968,0.00724903652046247,3.6767031986582523,2.438042275772648,0.15222976692971188,0.30445953385942376,0.5597036710014719,0.4218185322155771,0,0,10898,10899 days 00:00:00,1000.0,3414.406736149304,241.44067361493038,1471.6152926357997,100.0,548.6988211014057,69.76947357177946,4750 days 00:00:00,79,0,0.0,117.59256063808272,-35.05184538258359,19.627181574987738,-9.677185674547829,123 days 06:40:00,45 days 21:46:02.790697674,30.562110584168437,0.28838639955344386,0.06017294186952447,1.0617818745212517,0.704270884331732,61.55526229336383,1.0996902349283373,0.38911547285240883,-0.022562846374877574,None,None,0.00025169613312574473,0.06342742554768767,2.4144067361493167,0.028800078089143755,0.264696665935256,-0.8359349248250284,81 days 03:56:57.721518987
Mean Calmar Ratio,DXC,true,54,76,false,84,46.42857142857143,1.1354468269077276,0.007707836300238576,3.3900514593155506,2.4352920779758054,0.1618645623050101,0.3237291246100202,0.5487291956535724,0.4250742217728343,0,0,10898,10899 days 00:00:00,1000.0,3511.064039233722,251.10640392337217,1471.6152926357997,100.0,619.7759227545142,71.43525914083001,4622 days 00:00:00,84,0,0.0,131.24729465899446,-32.677642900609335,17.59403369083428,-8.920066474667347,113 days 06:09:13.846153846,43 days 16:00:00,29.89361951468726,0.29122723835541947,0.06013405084183457,1.0625536864307201,0.6828396361541708,62.817571864684986,1.098483768407865,0.38787724436521076,-0.022293166878785544,None,None,0.0002527457006836646,0.06369191657228347,2.511064039233727,0.029464323572101936,0.2632076377646135,-0.8293668153763085,75 days 23:25:42.857142857
Mean Sortino Ratio,DXC,true,60,77,false,95,47.368421052631575,1.125519708398223,0.008717195815746008,3.1289861747417165,2.4297563048037487,0.18306111213066617,0.36612222426133234,0.5727956889896976,0.42754807640082465,0,0,10898,10899 days 00:00:00,1000.0,3528.144917039977,252.8144917039977,1471.6152926357997,100.0,699.8643445868465,67.29787616483966,4664 days 00:00:00,95,0,0.0,126.5387980243894,-35.86322691900546,16.78888918831554,-9.164926537474722,94 days 22:24:00,43 days 01:26:24,26.612051758315403,0.2919833381856195,0.06408290886856251,1.0626278934671471,0.7336861071276397,60.98494908783906,1.106411776585811,0.3900012753475322,-0.022583198352429276,None,None,0.0002567351281770684,0.06469725230062125,2.5281449170399855,0.029579846112771202,0.2666698575351151,-0.8282061263095578,67 days 15:09:28.421052631
Median Omega Ratio,DXC,true,51,80,false,78,42.30769230769231,1.1532649607051702,0.007157276564507249,3.988614499409291,2.4244663562443654,0.15030280785465222,0.30060561570930444,0.5994999587109945,0.4491616625614607,0,0,10898,10899 days 00:00:00,1000.0,4057.223769508906,305.7223769508906,1471.6152926357997,100.0,585.1449826936459,71.58438310548244,4687 days 00:00:00,78,0,0.0,114.61047006058462,-33.56466314800201,21.804874153486505,-9.076642580247334,131 days 19:38:10.909090908,45 days 12:48:00,39.19517653216553,0.3065171766627127,0.06708031591854853,1.06587005409992,0.71087847452419,61.32913726366956,1.1029377134616687,0.38823079862437915,-0.02254359794448793,None,None,0.00026778887431453275,0.06748279632726226,3.0572237695088758,0.03291146352896357,0.26496250172939345,-0.792253873358904,82 days 00:55:23.076923076
Least Avg Winning Trade Duration,DXC,true,32,65,false,93,47.31182795698925,1.0778032540558586,0.008533675903835566,3.0993547330143043,2.4038711132139854,0.17920719398054688,0.35841438796109376,0.5554266648538205,0.3573336187286329,0,0,10898,10899 days 00:00:00,1000.0,2256.616211036274,125.66162110362737,1471.6152926357997,100.0,455.60509434738015,74.70087048242539,4710 days 00:00:00,93,0,0.0,121.81532423275708,-46.17760341489067,19.834840517623455,-11.928428420512281,100 days 00:00:00,39 days 17:37:57.551020408,13.512002269207159,0.24837732312361016,0.036988409735471885,1.0543636728987,0.13836985492281886,64.72205693226789,1.1057534142502008,0.38259545858175814,-0.022583198352429248,None,None,0.0002232096944470264,0.05624884300065065,1.2566162110362753,0.018995890284062344,0.2725510210788606,-0.9146097341251763,68 days 05:56:07.741935483
Median Profit Factor,DXC,true,58,80,false,82,41.46341463414634,1.1386983902341588,0.007524316388328133,3.806647555665724,2.383975260501651,0.1580106441548908,0.3160212883097816,0.6014908323413816,0.4136203138775272,0,0,10898,10899 days 00:00:00,1000.0,3242.8796582020364,224.28796582020362,1471.6152926357997,100.0,481.74598886881506,68.60995137756021,4664 days 00:00:00,82,0,0.0,123.2057977502284,-35.9051963862454,22.54580665927599,-9.466923476058211,125 days 05:38:49.411764706,45 days 15:00:00,27.352190953683362,0.2832361252817479,0.05857069130866634,1.0604212036057732,0.7102038999237977,60.72973777668596,1.0924092580771811,0.39444728761514847,-0.02298972438472178,None,None,0.0002491301414684093,0.06278079565003913,2.2428796582020167,0.02757476323791641,0.2667622259887369,-0.8475906257956296,78 days 15:13:10.243902438
Mean Worst Trade [%],DXC,true,62,78,false,98,45.91836734693878,1.1398570714597345,0.008992475683611672,3.134124758387772,2.3592441306030407,0.18884198935584512,0.37768397871169024,0.5918543542633543,0.4275653769701993,0,0,10898,10899 days 00:00:00,1000.0,3544.588611189345,254.4588611189345,1471.6152926357997,100.0,610.9355025685846,70.51748580110953,4621 days 00:00:00,98,0,0.0,122.81120626888409,-34.38133804378169,17.761141980729203,-9.285040807751182,95 days 02:08:00,40 days 19:01:07.924528302,25.96518991009529,0.2925347693020025,0.06138745051989642,1.0626871156422886,0.7173943491518174,60.62349898731311,1.098236570956082,0.3937340153452685,-0.02279405323891302,None,None,0.000257602455116756,0.06491581868942252,2.544588611189388,0.02969054420584971,0.2670663732473176,-0.8270887354920218,65 days 17:23:15.918367347
Most Avg Winning Trade [%],DXC,true,45,89,false,65,38.46153846153847,1.1284497288413422,0.005964397137089374,5.1141076348144265,2.3549952269360968,0.12525233987887685,0.2505046797577537,0.6405539476529356,0.41627712712593773,0,0,10898,10899 days 00:00:00,1000.0,3316.9417372916537,231.69417372916539,1471.6152926357997,100.0,428.86557401194955,71.24841192173596,4664 days 00:00:00,65,0,0.0,128.22443224956993,-36.411087993942026,30.31236137652134,-10.634800953752402,167 days 21:07:12,55 days 18:36:00,35.64525749679461,0.2854633600382727,0.057506191360314374,1.0612379298033943,0.6640996784824545,61.184771367906656,1.0914005236919624,0.3905332993110487,-0.02264802399286647,None,None,0.0002495545323154077,0.06288774214348275,2.316941737291633,0.028111415584861188,0.2651317821496392,-0.8425579192547126,98 days 21:24:55.384615386
Median Sharpe Ratio,DXC,true,45,69,false,91,41.75824175824176,1.1455085408451668,0.008350155991925123,3.372778621549653,2.3088738536999966,0.1753532758304276,0.3507065516608552,0.5914277799395656,0.44631121031166526,0,0,10898,10899 days 00:00:00,1000.0,4020.9953882936543,302.09953882936543,1471.6152926357997,100.0,682.1238642001458,77.14253530868774,4808 days 00:00:00,91,0,0.0,119.67997875820555,-26.63563076568407,20.556570612723096,-8.947676013631307,110 days 21:28:25.263157894,40 days 01:21:30.566037735,33.19775151971049,0.30558156479465604,0.06183912992559309,1.0660892540743039,0.6786960663327066,62.399449010420476,1.098426943284608,0.38558352402745993,-0.02240599347980747,None,None,0.00026558439791756286,0.06692726827522584,3.020995388293656,0.032697274038316015,0.26358586091929476,-0.794715683955501,69 days 15:17:48.131868130
Mean Omega Ratio,DXC,true,33,76,false,81,39.50617283950617,1.1596748554760599,0.0074325564323729125,3.9006929362994835,2.29917432237214,0.15608368507983117,0.31216737015966234,0.6088345278624905,0.43011714570252885,0,0,10898,10899 days 00:00:00,1000.0,3594.374671501117,259.43746715011173,1471.6152926357997,100.0,491.3714535101727,75.95715564195152,4791 days 00:00:00,81,0,0.0,114.6457148044548,-25.45147706554065,24.556695100426996,-9.588941130069504,133 days 09:45:00,43 days 10:17:08.571428571,32.029316932112664,0.293705315297725,0.057632920997315304,1.0632790620519788,0.7470871250967064,60.97358654524014,1.10124087592806,0.38911547285240883,-0.022486552920072317,None,None,0.0002564365013419483,0.06462199833817096,2.594374671501116,0.030022668230963223,0.2647980236922998,-0.8237056461370179,78 days 23:24:26.666666666
Median Calmar Ratio,DXC,true,56,73,false,96,42.70833333333333,1.1181441759387434,0.00880895577170123,3.192160228991958,2.2349482477573477,0.18498807120572583,0.36997614241145166,0.5905115637408505,0.44705682585453504,0,0,10898,10899 days 00:00:00,1000.0,3967.916201504829,296.7916201504829,1471.6152926357997,100.0,895.0942760490465,72.52110078675334,4622 days 00:00:00,96,0,0.0,133.00003777214334,-34.540627018591564,18.331776876336946,-8.093735817210666,93 days 14:02:55.609756097,45 days 11:46:54.545454545,30.91579376567512,0.3039743253755909,0.06513707983729862,1.0658753106723815,0.8199046948571227,63.23021242741425,1.107847237201181,0.3836485971816681,-0.02227876056038899,None,None,0.0002647080809946085,0.06670643641064133,2.9679162015048535,0.032380030171578644,0.2641052284534274,-0.7983225496257914,66 days 00:44:59.999999999
Most Avg Winning Trade Duration,DXC,true,34,65,false,93,47.31182795698925,1.0689328386049584,0.008533675903835566,2.864905413526593,2.2220313448822506,0.17920719398054688,0.35841438796109376,0.513411660177779,0.34847689097799106,0,0,10898,10899 days 00:00:00,1000.0,2139.5072697435353,113.95072697435356,1471.6152926357997,100.0,483.4719928008089,74.4982955384612,4564 days 00:00:00,93,0,0.0,124.86568955262463,-45.26874599472178,18.81731286098514,-11.459705355619858,99 days 22:54:32.727272727,39 days 11:45:18.367346939,12.252766341328453,0.2427402886898508,0.03462940012064578,1.0530824080436814,0.09640456175203788,65.19393977142863,1.1034791733339122,0.38136882129277566,-0.022583198352429276,None,None,0.00021745124329320922,0.054797713309888724,1.1395072697435382,0.01774109834792781,0.27168567085816686,-0.9225675843784844,68 days 02:19:21.290322580
Mean Avg Winning Trade [%],DXC,true,44,69,false,92,42.391304347826086,1.1053007951488267,0.008441915947880345,3.080734611396295,2.140923910271837,0.17728023490548725,0.3545604698109745,0.5461533555898002,0.40865672749694854,0,0,10898,10899 days 00:00:00,1000.0,3158.7332162012326,215.87332162012328,1471.6152926357997,100.0,646.2739415442976,78.05728757096406,5620 days 00:00:00,92,0,0.0,118.14309952652484,-25.975946742434175,19.939583336357416,-9.324833318292077,108 days 16:00:00,39 days 19:01:07.924528302,23.464491480448032,0.2801960792314542,0.05030906130795886,1.0603263945978887,0.6723811466705257,61.798684447503526,1.097408083092573,0.3852313167259786,-0.022581943897295325,None,None,0.00024411648917538624,0.06151735527219733,2.1587332162012194,0.02695031465322617,0.2642297805649284,-0.8533085904309446,68 days 23:44:20.869565216
Most Total Return [%],DXC,true,74,77,false,204,53.92156862745098,1.2499469088879913,0.018719031014865113,2.1971958340214117,1.9422335401989335,0.39309965131216734,0.7861993026243347,0.8637169162183637,0.6693085707230768,0,0,10898,10899 days 00:00:00,1000.0,15783.688750062403,1478.3688750062404,1471.6152926357997,100.0,3324.7487951577036,66.2552872744875,1766 days 00:00:00,204,0,0.0,80.43354929719058,-36.95913170778793,9.441070546954881,-6.279678830049668,37 days 02:10:54.545454545,25 days 00:30:38.297872340,72.46906250030605,0.44875515432508917,0.14610053938466738,1.0969555109181721,0.967702693984234,58.857980035451746,1.1521571430805126,0.39748685728939603,-0.022957086887687047,None,None,0.00039180364478292413,0.09873451848529688,14.783688750062387,0.0658700104162,0.2647925271622503,0.004589230897665083,31 days 12:42:21.176470587
Most Sharpe Ratio,DXC,true,74,77,false,204,53.92156862745098,1.2499469088879913,0.018719031014865113,2.1971958340214117,1.9422335401989335,0.39309965131216734,0.7861993026243347,0.8637169162183637,0.6693085707230768,0,0,10898,10899 days 00:00:00,1000.0,15783.688750062403,1478.3688750062404,1471.6152926357997,100.0,3324.7487951577036,66.2552872744875,1766 days 00:00:00,204,0,0.0,80.43354929719058,-36.95913170778793,9.441070546954881,-6.279678830049668,37 days 02:10:54.545454545,25 days 00:30:38.297872340,72.46906250030605,0.44875515432508917,0.14610053938466738,1.0969555109181721,0.967702693984234,58.857980035451746,1.1521571430805126,0.39748685728939603,-0.022957086887687047,None,None,0.00039180364478292413,0.09873451848529688,14.783688750062387,0.0658700104162,0.2647925271622503,0.004589230897665083,31 days 12:42:21.176470587
Median Sortino Ratio,DXC,true,50,62,false,127,44.881889763779526,1.1465643459919947,0.011653514406313084,2.5542119181475025,1.879309143338165,0.24472380253257478,0.48944760506514956,0.6250764530830785,0.44716533415413373,0,0,10898,10899 days 00:00:00,1000.0,4054.8051763232065,305.4805176323207,1471.6152926357997,100.0,844.4450977199199,72.86890082505802,4936 days 00:00:00,127,0,0.0,122.69283641529722,-26.797673623230494,15.750682917976194,-8.191485895998717,71 days 04:37:53.684210527,31 days 19:53:08.571428571,24.05358406553708,0.30668770872674356,0.06586911764982059,1.0667468324599354,0.6100990378264766,61.010399394026344,1.1201553854869737,0.379096545615589,-0.022433623499745346,None,None,0.0002689878365809804,0.06778493481840707,3.054805176323212,0.03289722263235162,0.2660008189459315,-0.7924182229139678,49 days 11:54:19.842519684
Median Worst Trade [%],DXC,true,42,67,false,93,40.86021505376344,1.033944769004985,0.008533675903835566,2.4669049470283806,1.6524306008651237,0.17920719398054688,0.35841438796109376,0.4420871133736857,0.3014859840548685,0,0,10898,10899 days 00:00:00,1000.0,1575.0966488065644,57.509664880656445,1471.6152926357997,100.0,478.8719433614492,79.06093847861898,4760 days 00:00:00,93,0,0.0,109.69003363284122,-32.839205125350546,20.905787525128964,-10.272686652386566,107 days 03:09:28.421052632,41 days 01:18:32.727272727,6.183834933403915,0.21046068188604394,0.01939147816142619,1.0456720562728647,0.10392455003843944,66.62134878729714,1.0943241293463821,0.38136882129277566,-0.022591608576737417,None,None,0.00018707905478855725,0.04714392180671643,0.5750966488065774,0.010559796084587347,0.2695882108174112,-0.9609207208103613,68 days 01:17:25.161290322
Mean Expectancy,DXC,true,57,61,false,190,47.89473684210526,1.162645740215989,0.017434391631492015,2.0391490164433037,1.6010574676129479,0.36612222426133234,0.7322444485226647,0.7465777735005306,0.5501554171151648,0,0,10898,10899 days 00:00:00,1000.0,7808.046924648471,680.8046924648471,1471.6152926357997,100.0,2273.2646088948327,65.39830348056299,4342 days 00:00:00,190,0,0.0,126.59616542020855,-27.76769333118286,11.092557066685353,-6.282670504486257,42 days 17:24:23.736263736,24 days 05:05:27.272727272,35.8318259192024,0.37547966427796414,0.10894700908838063,1.0823631207606759,0.6641521422928343,62.01818955058051,1.132763781271665,0.3847033413797485,-0.02210888653194525,None,None,0.00032738525027062033,0.08250108306819633,6.808046924648435,0.048665109871708134,0.26443527649644255,-0.5373759053254586,33 days 01:53:41.052631578
Mean Best Trade [%],DXC,true,49,59,false,143,47.55244755244755,1.099090986495735,0.013121673701596623,2.022315266727782,1.5764924697637186,0.27555514773352907,0.5511102954670581,0.5572593820869453,0.40947918814148326,0,0,10898,10899 days 00:00:00,1000.0,3206.431015203601,220.6431015203601,1471.6152926357997,100.0,922.0260556292217,68.87212442396033,4703 days 00:00:00,143,0,0.0,114.18935823397298,-35.7114038100294,13.321611271531204,-8.22237977762732,59 days 03:10:35.294117647,30 days 03:12:00,15.429587518906317,0.28452838026317195,0.05777613008992955,1.0629593467058898,0.10764860478103941,65.04516284371512,1.1266372995373393,0.37770193401592717,-0.022460602388053027,None,None,0.00025682646395290646,0.06472026891613243,2.2064310152035973,0.027306245330628087,0.2737542582768008,-0.8500674037403024,43 days 22:09:13.846153845
Least Worst Trade [%],DXC,true,84,89,false,140,49.28571428571429,1.0128702428593022,0.01284639383373096,1.887292757711478,1.5248618300010772,0.2697742705083502,0.5395485410167004,0.5091430269473064,0.2844487720605076,0,0,10898,10899 days 00:00:00,1000.0,1337.4459201303657,33.74459201303657,1471.6152926357997,100.0,974.1175893117072,90.84209398954899,4446 days 00:00:00,140,0,0.0,118.43121054810052,-73.97446399482828,12.966876983824868,-8.880190504286043,64 days 20:52:10.434782608,28 days 14:52:23.661971831,2.4103280009312584,0.19729295021107054,0.01077140958139673,1.0422754028566186,0.35304276131422146,58.54335112334382,1.1005350618854421,0.3965914915427986,-0.023689137428342413,None,None,0.00018102550233813498,0.04561842658921002,0.3374459201303728,0.006745464235091703,0.2782754520112163,-0.9770696919351818,46 days 11:39:25.714285713
Median Expectancy,DXC,true,55,60,false,184,43.47826086956522,1.1415454547986226,0.01688383189576069,2.0681082007949274,1.4740614403385088,0.3545604698109745,0.709120939621949,0.7332694152937786,0.5279377499577109,0,0,10898,10899 days 00:00:00,1000.0,6783.009200687754,578.3009200687754,1471.6152926357997,100.0,2071.98493435564,66.12679284362999,4531 days 00:00:00,184,0,0.0,123.52233615086567,-27.11480405056316,13.002596756099985,-6.343036841747423,48 days 10:30:00,23 days 04:23:04.615384615,31.429397829824666,0.36023900813617094,0.10012958698813285,1.0794223101676597,0.6638742400917325,60.91049026131912,1.1396691367816743,0.38154392191659264,-0.02226231877553908,None,None,0.00031742622142706976,0.07999140779962158,5.783009200687757,0.04525833524674372,0.26723833903203587,-0.6070298243279433,34 days 03:54:46.956521738
Most Total Fees Paid,DXC,true,74,76,false,253,49.80237154150198,1.238893207283728,0.02321526885667095,1.78878288403101,1.4604201606162592,0.48752064599008993,0.9750412919801799,0.8720685871588142,0.670542053802431,0,0,10898,10899 days 00:00:00,1000.0,15275.806670059557,1427.5806670059558,1471.6152926357997,100.0,3976.1567958569212,62.288766934158105,2677 days 00:00:00,253,0,0.0,80.43354929719058,-37.091826277406554,8.642148464565905,-5.010619187995736,32 days 05:42:51.428571429,18 days 15:41:06.141732283,56.42611332039357,0.4460204889013231,0.1534765281273535,1.0958407975650752,1.1071758429175416,59.75734432967088,1.1752290054093824,0.39605482259510694,-0.022968652418797343,None,None,0.0003866041247210968,0.0974242394297164,14.275806670059554,0.06506427745388565,0.26288050262478885,-0.029922647481444593,25 days 10:03:19.209486165
Most Avg Losing Trade [%],DXC,true,74,76,false,253,49.80237154150198,1.238893207283728,0.02321526885667095,1.78878288403101,1.4604201606162592,0.48752064599008993,0.9750412919801799,0.8720685871588142,0.670542053802431,0,0,10898,10899 days 00:00:00,1000.0,15275.806670059557,1427.5806670059558,1471.6152926357997,100.0,3976.1567958569212,62.288766934158105,2677 days 00:00:00,253,0,0.0,80.43354929719058,-37.091826277406554,8.642148464565905,-5.010619187995736,32 days 05:42:51.428571429,18 days 15:41:06.141732283,56.42611332039357,0.4460204889013231,0.1534765281273535,1.0958407975650752,1.1071758429175416,59.75734432967088,1.1752290054093824,0.39605482259510694,-0.022968652418797343,None,None,0.0003866041247210968,0.0974242394297164,14.275806670059554,0.06506427745388565,0.26288050262478885,-0.029922647481444593,25 days 10:03:19.209486165
Most Sortino Ratio,DXC,true,74,76,false,253,49.80237154150198,1.238893207283728,0.02321526885667095,1.78878288403101,1.4604201606162592,0.48752064599008993,0.9750412919801799,0.8720685871588142,0.670542053802431,0,0,10898,10899 days 00:00:00,1000.0,15275.806670059557,1427.5806670059558,1471.6152926357997,100.0,3976.1567958569212,62.288766934158105,2677 days 00:00:00,253,0,0.0,80.43354929719058,-37.091826277406554,8.642148464565905,-5.010619187995736,32 days 05:42:51.428571429,18 days 15:41:06.141732283,56.42611332039357,0.4460204889013231,0.1534765281273535,1.0958407975650752,1.1071758429175416,59.75734432967088,1.1752290054093824,0.39605482259510694,-0.022968652418797343,None,None,0.0003866041247210968,0.0974242394297164,14.275806670059554,0.06506427745388565,0.26288050262478885,-0.029922647481444593,25 days 10:03:19.209486165
Most Max Drawdown [%],DXC,true,85,89,false,153,47.712418300653596,1.0081600690951036,0.014039273261148835,1.6251417485834656,1.2711384082995072,0.29482473848412555,0.5896494769682511,0.47913199102575477,0.27230873835176905,0,0,10898,10899 days 00:00:00,1000.0,1238.746248794501,23.874624879450106,1471.6152926357997,100.0,1180.615308565962,92.76539807856587,4446 days 00:00:00,153,0,0.0,118.43121054810051,-73.97446399482828,11.902402399061522,-7.752858594977763,59 days 12:09:51.780821918,26 days 23:24:00,1.5604329986569212,0.1891572629165879,0.007757009171012007,1.040462074196434,0.3386949370803416,59.2423136834731,1.1047962458285256,0.3955185659411012,-0.023560420720315244,None,None,0.00017295994943960504,0.04358590725878047,0.2387462487944978,0.0049625567929509895,0.2773123627239186,-0.9837765854983144,42 days 11:55:17.647058822
Least Win Rate [%],DXC,true,18,69,false,100,38.0,0.9951468302848737,0.009175995595522114,2.016448403055999,1.2561481855102945,0.19269590750596438,0.38539181501192876,0.38856135496582833,0.2272449877925614,0,0,10898,10899 days 00:00:00,1000.0,945.3034940115728,-5.469650598842725,1471.6152926357997,100.0,314.2023658022802,77.95225449485883,4866 days 00:00:00,100,0,0.0,94.0628387145543,-36.76297628152682,21.391011396511285,-9.858283754223047,116 days 01:15:47.368421052,30 days 18:34:50.322580645,-0.5469650598842577,0.1587908811712041,-0.002414266707342467,1.0348437045921839,0.16163926277430904,66.81662847643877,1.093680972077362,0.3780503224174991,-0.022388110374345096,None,None,0.0001420738283097439,0.035802604734055464,-0.054696505988433564,-0.0012997152240593612,0.2713533746363838,-1.00371676662115,63 days 04:19:12
Least Avg Losing Trade Duration,DXC,true,58,60,false,262,48.473282442748086,1.1472245370055996,0.02404110846026794,1.4719926438919795,1.1697100849348103,0.5048632776656267,1.0097265553312533,0.7431550308949963,0.5680138735865784,0,0,10898,10899 days 00:00:00,1000.0,8783.512860376986,778.3512860376986,1471.6152926357997,100.0,3451.530082519395,72.57226756024092,4342 days 00:00:00,262,0,0.0,98.27281593269971,-27.76769333118285,8.558180292370958,-5.194272773566022,31 days 13:47:42.992125984,16 days 20:58:40,29.708064352583932,0.38796403638384597,0.10400824352712036,1.084960080620647,0.6289174844968423,61.87801403265312,1.162661842170054,0.38505528021349605,-0.02210763476721345,None,None,0.00033809009909056836,0.08519870497082323,7.78351286037705,0.05152334481547727,0.2642942326825556,-0.47109051534548874,23 days 23:59:59.999999999
Least Avg Winning Trade [%],DXC,true,69,71,false,257,50.97276264591439,1.1186880530149863,0.023582308680491833,1.331805763695788,1.1128822800545273,0.4952284822903285,0.990456964580657,0.6595481470605771,0.4765729666914751,0,0,10898,10899 days 00:00:00,1000.0,4763.636870288963,376.3636870288963,1471.6152926357997,100.0,1937.129217222587,65.05064525092385,4446 days 00:00:00,257,0,0.0,109.39182442978324,-31.80765191440107,8.175955393617059,-5.7839371055080715,31 days 16:07:19.694656488,17 days 18:28:34.285714285,14.644501440813002,0.3230275687687136,0.08250152688518415,1.0696901939565426,0.8503238152643748,58.034319365452454,1.1657239793903935,0.38893844781445136,-0.022584524814777178,None,None,0.00028617230462971865,0.0721154207666891,3.763636870288966,0.036752000477423774,0.26867961350261643,-0.7442513074495211,24 days 20:32:41.089494162
Least Best Trade [%],DXC,true,26,33,false,221,47.511312217194565,1.1696494729807219,0.020278950266103872,1.404308530645686,1.0937793614553595,0.4258579555881813,0.8517159111763626,0.5980359598758147,0.49034346779649557,0,0,10898,10899 days 00:00:00,1000.0,5434.230817687491,443.4230817687491,1471.6152926357997,100.0,1406.8755974183412,70.61622748953421,4021 days 00:00:00,221,0,0.0,47.751974963015044,-34.850654517547284,9.977875692515074,-6.3562479520809125,34 days 17:08:34.285714286,21 days 15:06:12.413793103,20.064392840214865,0.3378698935187454,0.08259506346608177,1.0768672025241075,0.21812993432452346,62.83274393208401,1.1626645894463603,0.3688771665410701,-0.02227876056038906,None,None,0.0003079679812236652,0.07760793126836363,4.43423081768753,0.03991396953549131,0.2764412027563022,-0.6986827440651713,27 days 20:18:27.692307691
Mean Win Rate [%],DXC,true,46,55,false,150,44.666666666666664,1.026862691957141,0.013763993393283172,1.4915824995531697,1.0921970215307364,0.2890438612589466,0.5780877225178932,0.43113276505711917,0.2903788693246005,0,0,10898,10899 days 00:00:00,1000.0,1453.3947654890703,45.33947654890703,1471.6152926357997,100.0,654.9636143024742,76.54563608783728,6716 days 00:00:00,150,0,0.0,108.85118379146132,-32.334566287077024,14.04288289835082,-8.64019011152445,58 days 01:47:27.761194030,28 days 15:54:13.012048192,3.0226317699271164,0.20352545066881697,0.016461352010631793,1.0444859223749516,0.03255119243774971,65.33030680821071,1.1142117521477248,0.37648396059611017,-0.022648023992866584,None,None,0.00018268954173356693,0.04603776451685886,0.453394765489064,0.008682610907735588,0.27223356091625733,-0.9691906731495704,41 days 19:11:59.999999999
Most Total Trades,DXC,true,54,56,false,275,46.54545454545455,1.156105832597587,0.025233987887685813,1.4084323062992548,1.0746905228393717,0.529913745641402,1.059827491282804,0.7463476389133965,0.5672080051578821,0,0,10898,10899 days 00:00:00,1000.0,8767.661807525683,776.7661807525683,1471.6152926357997,100.0,3431.405330044639,71.37604989653123,4760 days 00:00:00,275,0,0.0,113.1193990121947,-26.50810642517775,8.80015831879805,-5.0279005481214645,29 days 08:26:15,16 days 23:30:36.734693877,28.24604293645706,0.3862759230337707,0.10566021277566875,1.0856093285208732,0.6450064082050557,58.91094936020545,1.1866720588036046,0.3792710706150342,-0.022298340870353133,None,None,0.0003441547805837504,0.08672700470710511,7.76766180752575,0.05147943053435333,0.2702109039105278,-0.4721676346803193,22 days 17:42:58.909090908
Most Max Drawdown Duration,DXC,true,45,59,false,124,45.96774193548387,0.9996252633750463,0.011378234538447421,1.4145456395776153,1.0659585068207837,0.23894292530739586,0.4778858506147917,0.33799567310149664,0.23412464972624958,0,0,10898,10899 days 00:00:00,1000.0,994.4168394506223,-0.558316054937768,1471.6152926357997,100.0,530.6865106285286,80.89546424719302,7327 days 00:00:00,124,0,0.0,115.43230657781089,-34.122002065006754,14.65154250633188,-9.846780053034223,72 days 00:50:31.578947369,32 days 07:31:20.597014925,-0.045025488301419614,0.16486683370447897,-0.00023175901693253353,1.0359588903513415,-0.03067678921285275,65.77526432037331,1.0983324663260818,0.3750946252838759,-0.022687321284414082,None,None,0.0001479855323858093,0.037292354161223944,-0.005583160549374244,-0.00012944375198731262,0.27222791978204497,-1.0003793899517976,50 days 13:44:30.967741935
Least Total Return [%],DXC,true,33,58,false,101,46.53465346534654,0.9404166087804686,0.009267755551477335,1.350704346098798,1.0304026013089354,0.19462286658102404,0.3892457331620481,0.26287795174119566,0.153185371790244,0,0,10898,10899 days 00:00:00,1000.0,530.7104652079664,-46.92895347920336,1471.6152926357997,100.0,211.68301562374722,87.737834961861,6348 days 00:00:00,101,0,0.0,112.38566065496481,-43.880828516566304,17.47811801203297,-12.686118659436499,93 days 01:31:54.893617021,35 days 02:40:00,-4.646431037544872,0.11002615773961794,-0.023927284235555936,1.0243652229298383,-0.9597065700095959,81.58645083897555,1.0857581554825404,0.3745743473325766,-0.022906418622257962,None,None,0.00010165254277013366,0.025616440778073683,-0.4692895347920305,-0.014541528638928658,0.28020056213897176,-1.0318894168292783,62 days 01:54:03.564356435
Least Total Fees Paid,DXC,true,33,58,false,101,46.53465346534654,0.9404166087804686,0.009267755551477335,1.350704346098798,1.0304026013089354,0.19462286658102404,0.3892457331620481,0.26287795174119566,0.153185371790244,0,0,10898,10899 days 00:00:00,1000.0,530.7104652079664,-46.92895347920336,1471.6152926357997,100.0,211.68301562374722,87.737834961861,6348 days 00:00:00,101,0,0.0,112.38566065496481,-43.880828516566304,17.47811801203297,-12.686118659436499,93 days 01:31:54.893617021,35 days 02:40:00,-4.646431037544872,0.11002615773961794,-0.023927284235555936,1.0243652229298383,-0.9597065700095959,81.58645083897555,1.0857581554825404,0.3745743473325766,-0.022906418622257962,None,None,0.00010165254277013366,0.025616440778073683,-0.4692895347920305,-0.014541528638928658,0.28020056213897176,-1.0318894168292783,62 days 01:54:03.564356435
Least Profit Factor,DXC,true,33,58,false,101,46.53465346534654,0.9404166087804686,0.009267755551477335,1.350704346098798,1.0304026013089354,0.19462286658102404,0.3892457331620481,0.26287795174119566,0.153185371790244,0,0,10898,10899 days 00:00:00,1000.0,530.7104652079664,-46.92895347920336,1471.6152926357997,100.0,211.68301562374722,87.737834961861,6348 days 00:00:00,101,0,0.0,112.38566065496481,-43.880828516566304,17.47811801203297,-12.686118659436499,93 days 01:31:54.893617021,35 days 02:40:00,-4.646431037544872,0.11002615773961794,-0.023927284235555936,1.0243652229298383,-0.9597065700095959,81.58645083897555,1.0857581554825404,0.3745743473325766,-0.022906418622257962,None,None,0.00010165254277013366,0.025616440778073683,-0.4692895347920305,-0.014541528638928658,0.28020056213897176,-1.0318894168292783,62 days 01:54:03.564356435
Least Expectancy,DXC,true,33,58,false,101,46.53465346534654,0.9404166087804686,0.009267755551477335,1.350704346098798,1.0304026013089354,0.19462286658102404,0.3892457331620481,0.26287795174119566,0.153185371790244,0,0,10898,10899 days 00:00:00,1000.0,530.7104652079664,-46.92895347920336,1471.6152926357997,100.0,211.68301562374722,87.737834961861,6348 days 00:00:00,101,0,0.0,112.38566065496481,-43.880828516566304,17.47811801203297,-12.686118659436499,93 days 01:31:54.893617021,35 days 02:40:00,-4.646431037544872,0.11002615773961794,-0.023927284235555936,1.0243652229298383,-0.9597065700095959,81.58645083897555,1.0857581554825404,0.3745743473325766,-0.022906418622257962,None,None,0.00010165254277013366,0.025616440778073683,-0.4692895347920305,-0.014541528638928658,0.28020056213897176,-1.0318894168292783,62 days 01:54:03.564356435
Least Sharpe Ratio,DXC,true,33,58,false,101,46.53465346534654,0.9404166087804686,0.009267755551477335,1.350704346098798,1.0304026013089354,0.19462286658102404,0.3892457331620481,0.26287795174119566,0.153185371790244,0,0,10898,10899 days 00:00:00,1000.0,530.7104652079664,-46.92895347920336,1471.6152926357997,100.0,211.68301562374722,87.737834961861,6348 days 00:00:00,101,0,0.0,112.38566065496481,-43.880828516566304,17.47811801203297,-12.686118659436499,93 days 01:31:54.893617021,35 days 02:40:00,-4.646431037544872,0.11002615773961794,-0.023927284235555936,1.0243652229298383,-0.9597065700095959,81.58645083897555,1.0857581554825404,0.3745743473325766,-0.022906418622257962,None,None,0.00010165254277013366,0.025616440778073683,-0.4692895347920305,-0.014541528638928658,0.28020056213897176,-1.0318894168292783,62 days 01:54:03.564356435
Least Calmar Ratio,DXC,true,33,58,false,101,46.53465346534654,0.9404166087804686,0.009267755551477335,1.350704346098798,1.0304026013089354,0.19462286658102404,0.3892457331620481,0.26287795174119566,0.153185371790244,0,0,10898,10899 days 00:00:00,1000.0,530.7104652079664,-46.92895347920336,1471.6152926357997,100.0,211.68301562374722,87.737834961861,6348 days 00:00:00,101,0,0.0,112.38566065496481,-43.880828516566304,17.47811801203297,-12.686118659436499,93 days 01:31:54.893617021,35 days 02:40:00,-4.646431037544872,0.11002615773961794,-0.023927284235555936,1.0243652229298383,-0.9597065700095959,81.58645083897555,1.0857581554825404,0.3745743473325766,-0.022906418622257962,None,None,0.00010165254277013366,0.025616440778073683,-0.4692895347920305,-0.014541528638928658,0.28020056213897176,-1.0318894168292783,62 days 01:54:03.564356435
Least Omega Ratio,DXC,true,33,58,false,101,46.53465346534654,0.9404166087804686,0.009267755551477335,1.350704346098798,1.0304026013089354,0.19462286658102404,0.3892457331620481,0.26287795174119566,0.153185371790244,0,0,10898,10899 days 00:00:00,1000.0,530.7104652079664,-46.92895347920336,1471.6152926357997,100.0,211.68301562374722,87.737834961861,6348 days 00:00:00,101,0,0.0,112.38566065496481,-43.880828516566304,17.47811801203297,-12.686118659436499,93 days 01:31:54.893617021,35 days 02:40:00,-4.646431037544872,0.11002615773961794,-0.023927284235555936,1.0243652229298383,-0.9597065700095959,81.58645083897555,1.0857581554825404,0.3745743473325766,-0.022906418622257962,None,None,0.00010165254277013366,0.025616440778073683,-0.4692895347920305,-0.014541528638928658,0.28020056213897176,-1.0318894168292783,62 days 01:54:03.564356435
Least Sortino Ratio,DXC,true,33,58,false,101,46.53465346534654,0.9404166087804686,0.009267755551477335,1.350704346098798,1.0304026013089354,0.19462286658102404,0.3892457331620481,0.26287795174119566,0.153185371790244,0,0,10898,10899 days 00:00:00,1000.0,530.7104652079664,-46.92895347920336,1471.6152926357997,100.0,211.68301562374722,87.737834961861,6348 days 00:00:00,101,0,0.0,112.38566065496481,-43.880828516566304,17.47811801203297,-12.686118659436499,93 days 01:31:54.893617021,35 days 02:40:00,-4.646431037544872,0.11002615773961794,-0.023927284235555936,1.0243652229298383,-0.9597065700095959,81.58645083897555,1.0857581554825404,0.3745743473325766,-0.022906418622257962,None,None,0.00010165254277013366,0.025616440778073683,-0.4692895347920305,-0.014541528638928658,0.28020056213897176,-1.0318894168292783,62 days 01:54:03.564356435
