Metric Type,Ticker,Use SMA,Short Window,Long Window,Signal Entry,Total Trades,Win Rate [%],Profit Factor,Trades Per Day,Expectancy per Trade,Expectancy Adjusted,Trades per Month,Signals per Month,Expectancy per Month,Sortino Ratio,Signal Window,Start,End,Period,Start Value,End Value,Total Return [%],Benchmark Return [%],Max Gross Exposure [%],Total Fees Paid,Max Drawdown [%],Max Drawdown Duration,Total Closed Trades,Total Open Trades,Open Trade PnL,Best Trade [%],Worst Trade [%],Avg Winning Trade [%],Avg Losing Trade [%],Avg Winning Trade Duration,Avg Losing Trade Duration,Expectancy,Sharpe Ratio,Calmar Ratio,Omega Ratio,Skew,Kurtosis,Tail Ratio,Common Sense Ratio,Value at Risk,Alpha,Beta,Daily Returns,Annual Returns,Cumulative Returns,Annualized Return,Annualized Volatility,Profit Factor Adjusted,Beats BNH [%],Total Period,Maturity,Score,Avg Trade Duration
Most Total Return [%],MLM,true,18,27,false,167,50.898203592814376,2.3409012255036004,0.021330949035636735,2.5568242304377975,2.1334059054403927,0.44794992974837144,0.8958998594967429,1.1453292344035453,1.1685755219379292,0,0,7829,7830 days 00:00:00,1000.0,33993.15115522036,3299.315115522036,1841.116751269015,100.0,2525.5934481510612,43.72104338100492,1606 days 00:00:00,167,0,0.0,48.050863988977206,-15.079507047133559,8.76964247397276,-3.883292241519177,36 days 09:02:07.058823529,14 days 21:04:23.414634146,197.56377937257705,0.7506157164406335,0.4086247298996584,1.163989111342033,1.0576333420019888,14.7104930558249,1.1812573781769653,0.3802221047065045,-0.020517713366518687,None,None,0.0005462248810532928,0.1376486700254298,32.99315115522038,0.12017573493535205,0.2206990826203905,2.3409012255036004,0.792018411243034,11339.623015873016,1.600658178362406,3.6535166546502245,25 days 19:41:19.041916166
Most Sharpe Ratio,MLM,true,18,27,false,167,50.898203592814376,2.3409012255036004,0.021330949035636735,2.5568242304377975,2.1334059054403927,0.44794992974837144,0.8958998594967429,1.1453292344035453,1.1685755219379292,0,0,7829,7830 days 00:00:00,1000.0,33993.15115522036,3299.315115522036,1841.116751269015,100.0,2525.5934481510612,43.72104338100492,1606 days 00:00:00,167,0,0.0,48.050863988977206,-15.079507047133559,8.76964247397276,-3.883292241519177,36 days 09:02:07.058823529,14 days 21:04:23.414634146,197.56377937257705,0.7506157164406335,0.4086247298996584,1.163989111342033,1.0576333420019888,14.7104930558249,1.1812573781769653,0.3802221047065045,-0.020517713366518687,None,None,0.0005462248810532928,0.1376486700254298,32.99315115522038,0.12017573493535205,0.2206990826203905,2.3409012255036004,0.792018411243034,11339.623015873016,1.600658178362406,3.6535166546502245,25 days 19:41:19.041916166
Most Omega Ratio,MLM,true,18,27,false,167,50.898203592814376,2.3409012255036004,0.021330949035636735,2.5568242304377975,2.1334059054403927,0.44794992974837144,0.8958998594967429,1.1453292344035453,1.1685755219379292,0,0,7829,7830 days 00:00:00,1000.0,33993.15115522036,3299.315115522036,1841.116751269015,100.0,2525.5934481510612,43.72104338100492,1606 days 00:00:00,167,0,0.0,48.050863988977206,-15.079507047133559,8.76964247397276,-3.883292241519177,36 days 09:02:07.058823529,14 days 21:04:23.414634146,197.56377937257705,0.7506157164406335,0.4086247298996584,1.163989111342033,1.0576333420019888,14.7104930558249,1.1812573781769653,0.3802221047065045,-0.020517713366518687,None,None,0.0005462248810532928,0.1376486700254298,32.99315115522038,0.12017573493535205,0.2206990826203905,2.3409012255036004,0.792018411243034,11339.623015873016,1.600658178362406,3.6535166546502245,25 days 19:41:19.041916166
Most Sortino Ratio,MLM,true,18,27,false,167,50.898203592814376,2.3409012255036004,0.021330949035636735,2.5568242304377975,2.1334059054403927,0.44794992974837144,0.8958998594967429,1.1453292344035453,1.1685755219379292,0,0,7829,7830 days 00:00:00,1000.0,33993.15115522036,3299.315115522036,1841.116751269015,100.0,2525.5934481510612,43.72104338100492,1606 days 00:00:00,167,0,0.0,48.050863988977206,-15.079507047133559,8.76964247397276,-3.883292241519177,36 days 09:02:07.058823529,14 days 21:04:23.414634146,197.56377937257705,0.7506157164406335,0.4086247298996584,1.163989111342033,1.0576333420019888,14.7104930558249,1.1812573781769653,0.3802221047065045,-0.020517713366518687,None,None,0.0005462248810532928,0.1376486700254298,32.99315115522038,0.12017573493535205,0.2206990826203905,2.3409012255036004,0.792018411243034,11339.623015873016,1.600658178362406,3.6535166546502245,25 days 19:41:19.041916166
Most Avg Losing Trade [%],MLM,true,20,28,false,162,50.617283950617285,2.2114234634193424,0.020692297866905095,2.521791107671774,2.092560927232195,0.43453825520500705,0.8690765104100141,1.0958147079191947,1.12221694336646,0,0,7829,7830 days 00:00:00,1000.0,28823.308155934796,2782.3308155934797,1841.116751269015,100.0,2218.4117278621825,46.256097929159985,1674 days 00:00:00,162,0,0.0,54.72948304339238,-15.195012921808793,8.64526495917329,-3.7547695901172804,36 days 17:51:13.170731707,16 days 05:24:00,171.7488157773754,0.7295994227328243,0.3667093631397322,1.1576116267051406,0.7988876633786273,11.996976541524637,1.1764302086534402,0.3792496036639069,-0.02013908787231602,None,None,0.0005222526302560513,0.13160766282452493,27.82330815593452,0.11424388932574514,0.21709151870477394,2.2114234634193424,0.5112191085523067,11339.623015873016,1.5765141373919946,3.2465014942789803,26 days 14:39:59.999999999
Least Max Drawdown [%],MLM,true,17,30,false,143,50.349650349650354,2.4214304951145182,0.018265423425724868,2.7750250524929396,2.290517067287535,0.3835738919402223,0.7671477838804446,1.0644271596163366,1.0661411563725485,0,0,7829,7830 days 00:00:00,1000.0,24788.961625328488,2378.896162532849,1841.116751269015,100.0,1627.9489341376145,39.02668920403886,1554 days 00:00:00,143,0,0.0,53.14254544081841,-21.035169781911698,9.689080391275215,-4.236411347398946,43 days 17:20:00,16 days 17:54:55.774647887,166.35637500229723,0.6992785864816248,0.41364770058100575,1.1499920764698965,0.7012368996660809,11.599132962821203,1.151051001033867,0.383881230116649,-0.02092739678972502,None,None,0.0005045632520924172,0.12714993952728915,23.788961625328533,0.10884969677619583,0.21883263532844033,2.4214304951145182,0.2920941384587165,11339.623015873016,1.4811818480060541,3.1561796941710862,30 days 07:53:17.202797202
Most Calmar Ratio,MLM,true,17,30,false,143,50.349650349650354,2.4214304951145182,0.018265423425724868,2.7750250524929396,2.290517067287535,0.3835738919402223,0.7671477838804446,1.0644271596163366,1.0661411563725485,0,0,7829,7830 days 00:00:00,1000.0,24788.961625328488,2378.896162532849,1841.116751269015,100.0,1627.9489341376145,39.02668920403886,1554 days 00:00:00,143,0,0.0,53.14254544081841,-21.035169781911698,9.689080391275215,-4.236411347398946,43 days 17:20:00,16 days 17:54:55.774647887,166.35637500229723,0.6992785864816248,0.41364770058100575,1.1499920764698965,0.7012368996660809,11.599132962821203,1.151051001033867,0.383881230116649,-0.02092739678972502,None,None,0.0005045632520924172,0.12714993952728915,23.788961625328533,0.10884969677619583,0.21883263532844033,2.4214304951145182,0.2920941384587165,11339.623015873016,1.4811818480060541,3.1561796941710862,30 days 07:53:17.202797202
Most Expectancy,MLM,true,69,78,false,71,53.52112676056338,2.9136546975281616,0.00906884659598927,6.572804989678576,4.600600287489149,0.19044577851577468,0.38089155703154937,1.2517629632917049,1.1369716585017546,0,0,7829,7830 days 00:00:00,1000.0,33307.670496168816,3230.7670496168816,1841.116751269015,100.0,1273.8098766187127,45.48088527295267,2044 days 00:00:00,71,0,0.0,89.77848275908772,-22.24529616724738,17.411392004636348,-5.907992179060672,94 days 10:06:18.947368421,34 days 10:54:32.727272727,455.03761262209593,0.7468389354808181,0.39035354838987957,1.1522643959596857,0.6269787460242888,10.335997739463558,1.1214656446039548,0.43065960168097933,-0.021027322622184322,None,None,0.0005442418447587433,0.13714894487920332,32.30767049616891,0.11944155513295374,0.2210098762540399,2.9136546975281616,0.7547866246885382,11339.623015873016,1.0436852282058762,3.0335605657615003,66 days 13:10:59.154929576
Most Profit Factor,MLM,true,67,79,false,63,58.730158730158735,2.955637728717698,0.008047004726018648,7.121799793555262,4.853685620953117,0.16898709924639163,0.33797419849278326,1.2034922885264545,1.0439172608047316,0,0,7829,7830 days 00:00:00,1000.0,23784.30122247038,2278.430122247038,1841.116751269015,100.0,867.41619369958,49.00312678023235,2047 days 00:00:00,63,0,0.0,113.51595744680853,-21.66874022042052,16.921198109693332,-6.823497810179685,99 days 23:21:04.864864864,39 days 17:32:18.461538462,361.65557495984746,0.6904113725704017,0.32486744623642533,1.1395843470001814,0.5819627562814667,10.288324240633687,1.110513317739975,0.4293537787513691,-0.02119100750107838,None,None,0.0005001086655955967,0.12602738373009037,22.78430122247015,0.10737420667741993,0.21968638673025861,2.955637728717698,0.2375261485598884,11339.623015873016,0.9831292945877176,2.920513761208095,75 days 02:39:59.999999999
Most Avg Winning Trade Duration,MLM,true,67,79,false,63,58.730158730158735,2.955637728717698,0.008047004726018648,7.121799793555262,4.853685620953117,0.16898709924639163,0.33797419849278326,1.2034922885264545,1.0439172608047316,0,0,7829,7830 days 00:00:00,1000.0,23784.30122247038,2278.430122247038,1841.116751269015,100.0,867.41619369958,49.00312678023235,2047 days 00:00:00,63,0,0.0,113.51595744680853,-21.66874022042052,16.921198109693332,-6.823497810179685,99 days 23:21:04.864864864,39 days 17:32:18.461538462,361.65557495984746,0.6904113725704017,0.32486744623642533,1.1395843470001814,0.5819627562814667,10.288324240633687,1.110513317739975,0.4293537787513691,-0.02119100750107838,None,None,0.0005001086655955967,0.12602738373009037,22.78430122247015,0.10737420667741993,0.21968638673025861,2.955637728717698,0.2375261485598884,11339.623015873016,0.9831292945877176,2.920513761208095,75 days 02:39:59.999999999
Most Win Rate [%],MLM,true,72,79,false,79,60.75949367088608,2.245700647578821,0.010090688465959893,5.563941843276378,4.9193075792460155,0.21190445778515776,0.4238089155703155,1.179024079447632,1.0774881045715214,0,0,7829,7830 days 00:00:00,1000.0,27573.132902471578,2657.313290247158,1841.116751269015,100.0,1321.64397982702,53.841637063304844,2032 days 00:00:00,79,0,0.0,82.53145056914781,-30.543769958730206,13.94242448120214,-7.4091925638344796,75 days 12:00:00,35 days 03:05:48.387096774,336.368770917362,0.7125236381900548,0.3105593948852248,1.1450657276724816,0.5528373923225318,10.535873461730075,1.1250453887238379,0.42752962625341834,-0.02113303146045272,None,None,0.0005207249568580387,0.13122268912822577,26.57313290247152,0.11265486871311281,0.22164391796621752,2.245700647578821,0.4433160137267604,11339.623015873016,1.1009153015894366,2.653399039407389,59 days 15:47:50.886075948
Most Total Fees Paid,MLM,true,20,23,false,269,50.92936802973978,1.571563475435704,0.034359432877762164,1.3467931086815346,1.1244478998681835,0.7215480904330055,1.443096180866011,0.9717759957774925,0.994295707852554,0,0,7829,7830 days 00:00:00,1000.0,18255.616248631093,1725.5616248631093,1841.116751269015,100.0,2940.9076777900336,45.637658390371236,1689 days 00:00:00,269,0,0.0,34.24525147507697,-14.859239130434759,6.31660200433891,-3.811266123932559,21 days 15:03:56.496350365,9 days 21:27:16.363636363,64.14727229974375,0.6452458825458588,0.3176925950119373,1.139203911640866,1.011340819586156,14.842469473473729,1.2150440220267122,0.3744075829383886,-0.020686013785671885,None,None,0.0004650052761733327,0.11718132959567984,17.255616248630915,0.09798566190410996,0.21856435788833087,1.571563475435704,-0.062763606015891,11339.623015873016,2.0314984830453886,2.6503452169860022,15 days 20:52:38.364312267
Most Total Trades,MLM,true,20,23,false,269,50.92936802973978,1.571563475435704,0.034359432877762164,1.3467931086815346,1.1244478998681835,0.7215480904330055,1.443096180866011,0.9717759957774925,0.994295707852554,0,0,7829,7830 days 00:00:00,1000.0,18255.616248631093,1725.5616248631093,1841.116751269015,100.0,2940.9076777900336,45.637658390371236,1689 days 00:00:00,269,0,0.0,34.24525147507697,-14.859239130434759,6.31660200433891,-3.811266123932559,21 days 15:03:56.496350365,9 days 21:27:16.363636363,64.14727229974375,0.6452458825458588,0.3176925950119373,1.139203911640866,1.011340819586156,14.842469473473729,1.2150440220267122,0.3744075829383886,-0.020686013785671885,None,None,0.0004650052761733327,0.11718132959567984,17.255616248630915,0.09798566190410996,0.21856435788833087,1.571563475435704,-0.062763606015891,11339.623015873016,2.0314984830453886,2.6503452169860022,15 days 20:52:38.364312267
Most Avg Losing Trade Duration,MLM,true,20,23,false,269,50.92936802973978,1.571563475435704,0.034359432877762164,1.3467931086815346,1.1244478998681835,0.7215480904330055,1.443096180866011,0.9717759957774925,0.994295707852554,0,0,7829,7830 days 00:00:00,1000.0,18255.616248631093,1725.5616248631093,1841.116751269015,100.0,2940.9076777900336,45.637658390371236,1689 days 00:00:00,269,0,0.0,34.24525147507697,-14.859239130434759,6.31660200433891,-3.811266123932559,21 days 15:03:56.496350365,9 days 21:27:16.363636363,64.14727229974375,0.6452458825458588,0.3176925950119373,1.139203911640866,1.011340819586156,14.842469473473729,1.2150440220267122,0.3744075829383886,-0.020686013785671885,None,None,0.0004650052761733327,0.11718132959567984,17.255616248630915,0.09798566190410996,0.21856435788833087,1.571563475435704,-0.062763606015891,11339.623015873016,2.0314984830453886,2.6503452169860022,15 days 20:52:38.364312267
Mean Avg Losing Trade [%],MLM,true,69,79,false,66,57.57575757575758,2.5083040548830953,0.008430195427257632,6.827103231905911,4.778595004833757,0.1770341039724103,0.3540682079448206,1.2086301033876092,1.0896764770212493,0,0,7829,7830 days 00:00:00,1000.0,28150.901934541795,2715.09019345418,1841.116751269015,100.0,1192.883894718852,47.76401999508386,2047 days 00:00:00,66,0,0.0,86.36710045470454,-24.294933257724345,17.013636204052222,-6.997477230292658,95 days 20:50:31.578947368,38 days 18:00:00,411.3773020385122,0.717919273763989,0.35243922366924013,1.1459496312046165,0.6113530036424595,10.367530183055528,1.1167410594661829,0.42987582176771366,-0.021095109609483773,None,None,0.0005225330305116844,0.13167832368894447,27.150901934541906,0.11339771926642306,0.22074193141495926,2.5083040548830953,0.4746974582588349,11339.623015873016,1.0062649139334638,2.5959714523417974,71 days 15:16:21.818181818
Median Avg Losing Trade [%],MLM,true,69,79,false,66,57.57575757575758,2.5083040548830953,0.008430195427257632,6.827103231905911,4.778595004833757,0.1770341039724103,0.3540682079448206,1.2086301033876092,1.0896764770212493,0,0,7829,7830 days 00:00:00,1000.0,28150.901934541795,2715.09019345418,1841.116751269015,100.0,1192.883894718852,47.76401999508386,2047 days 00:00:00,66,0,0.0,86.36710045470454,-24.294933257724345,17.013636204052222,-6.997477230292658,95 days 20:50:31.578947368,38 days 18:00:00,411.3773020385122,0.717919273763989,0.35243922366924013,1.1459496312046165,0.6113530036424595,10.367530183055528,1.1167410594661829,0.42987582176771366,-0.021095109609483773,None,None,0.0005225330305116844,0.13167832368894447,27.150901934541906,0.11339771926642306,0.22074193141495926,2.5083040548830953,0.4746974582588349,11339.623015873016,1.0062649139334638,2.5959714523417974,71 days 15:16:21.818181818
Least Win Rate [%],MLM,true,19,31,false,138,50.0,2.0354726280720694,0.01762677225699323,2.4870387539759777,2.0385563557180144,0.37016221739685784,0.7403244347937157,0.9206077799236663,0.9242337692650548,0,0,7829,7830 days 00:00:00,1000.0,15051.593327698776,1405.1593327698777,1841.116751269015,100.0,1119.5479012427265,44.195987449852204,1685 days 00:00:00,138,0,0.0,53.916339420148475,-18.95245791917302,9.31944945913316,-4.345371951181205,45 days 17:02:36.521739130,17 days 09:23:28.695652173,101.8231400557883,0.606577487216872,0.3048535043199519,1.1293464169083804,0.8185791006236736,13.12069395430259,1.146560473147633,0.382171226831421,-0.020958263129538326,None,None,0.00044307352053021685,0.11165452717361464,14.051593327698761,0.09118705728333443,0.22153186869942965,2.0354726280720694,-0.23678966485892197,11339.623015873016,1.4550566615431166,2.2437123273136566,31 days 13:13:02.608695651
Least Avg Losing Trade Duration,MLM,true,19,23,false,253,50.19762845849802,1.527809433284449,0.03231574913782092,1.2608152239164025,1.037539904343829,0.6786307318942394,1.3572614637884788,0.8556279581897875,0.8672475019530258,0,0,7829,7830 days 00:00:00,1000.0,11807.932521278988,1080.793252127899,1841.116751269015,100.0,1970.3545173776806,51.19508391668492,1718 days 00:00:00,253,0,0.0,35.51493416330207,-14.214027627580961,6.4821517532815465,-4.001960484253226,22 days 21:32:35.905511811,10 days 22:05:42.857142857,42.71910087462048,0.566515357532375,0.23823928989065238,1.1209756169021807,0.9776084555281662,14.666718287603194,1.1956372199041096,0.3741663741663742,-0.020968705609211956,None,None,0.0004103186428908605,0.10340029800849684,10.80793252127895,0.0826965302978393,0.219662673326738,1.527809433284449,-0.41296864993328236,11339.623015873016,1.970156033216278,2.1481580560007654,16 days 22:23:14.466403161
Least Avg Winning Trade [%],MLM,true,76,77,false,233,56.22317596566524,1.4712704538026924,0.02976114446289437,1.3663356579491175,1.259339838115348,0.6249840337207817,1.2499680674415634,0.8539379709215777,0.8030751612580402,0,0,7829,7830 days 00:00:00,1000.0,10086.027336817582,908.6027336817582,1841.116751269015,100.0,1931.636590855378,54.346771781108316,2283 days 00:00:00,233,0,0.0,61.385562304422926,-28.209775700282552,5.887338390210406,-4.440050204072734,24 days 01:27:56.335877862,14 days 20:00:00,38.995825479903814,0.5377141586077259,0.20931010314018558,1.108295007997353,0.46989701549681956,11.5236264837666,1.1778934385558744,0.4182213367143634,-0.021279847182273985,None,None,0.00039171834847440145,0.09871302381554917,9.086027336817523,0.07721808677510289,0.22093735240185083,1.4712704538026924,-0.5064936902803739,11339.623015873016,1.890681274295585,2.058982093151761,20 days 00:30:54.077253218
Least Best Trade [%],MLM,true,19,24,false,227,50.66079295154186,1.5102288158255006,0.0289947630604164,1.41252978544922,1.173112770467685,0.6088900242687444,1.2177800485374888,0.8600752953424999,0.8749133287727808,0,0,7829,7830 days 00:00:00,1000.0,12413.120927001633,1141.3120927001635,1841.116751269015,100.0,2045.047596325856,43.76325583515196,1685 days 00:00:00,227,0,0.0,33.88638575677484,-13.085852981969476,6.877877710305665,-4.199211387394452,24 days 23:47:28.695652174,12 days 12:51:25.714285714,50.278065757716476,0.5727839460664026,0.28467715945220035,1.1228965954082797,0.9389226880241165,14.426001542947523,1.1771199190496575,0.3744075829383886,-0.02116120195271278,None,None,0.0004183254380132163,0.1054180103793305,11.413120927001634,0.08443959235341225,0.22149816872781972,1.5102288158255006,-0.38009792593897235,11339.623015873016,1.8661789696323399,2.0478739634710306,18 days 20:17:58.414096916
Most Worst Trade [%],MLM,true,19,24,false,227,50.66079295154186,1.5102288158255006,0.0289947630604164,1.41252978544922,1.173112770467685,0.6088900242687444,1.2177800485374888,0.8600752953424999,0.8749133287727808,0,0,7829,7830 days 00:00:00,1000.0,12413.120927001633,1141.3120927001635,1841.116751269015,100.0,2045.047596325856,43.76325583515196,1685 days 00:00:00,227,0,0.0,33.88638575677484,-13.085852981969476,6.877877710305665,-4.199211387394452,24 days 23:47:28.695652174,12 days 12:51:25.714285714,50.278065757716476,0.5727839460664026,0.28467715945220035,1.1228965954082797,0.9389226880241165,14.426001542947523,1.1771199190496575,0.3744075829383886,-0.02116120195271278,None,None,0.0004183254380132163,0.1054180103793305,11.413120927001634,0.08443959235341225,0.22149816872781972,1.5102288158255006,-0.38009792593897235,11339.623015873016,1.8661789696323399,2.0478739634710306,18 days 20:17:58.414096916
Most Avg Winning Trade [%],MLM,true,68,81,false,57,52.63157894736842,2.4287289457464385,0.007280623323540682,7.882520294432679,4.355785758573961,0.15289308979435434,0.3057861795887087,1.205182883182516,1.0165926294870584,0,0,7829,7830 days 00:00:00,1000.0,21641.037434198366,2064.1037434198365,1841.116751269015,100.0,838.146010860605,51.19707531419736,2044 days 00:00:00,57,0,0.0,114.84441489361703,-24.294933257724345,21.68772161829246,-7.456592287633744,120 days 18:24:00,40 days 20:26:40,362.12346375786615,0.6729100407034555,0.3010006202378848,1.1359999991965553,0.5867459870744043,10.361602095864301,1.1065123396429426,0.4288321167883212,-0.02127659574468091,None,None,0.0004884317260498519,0.12308479496456266,20.641037434198378,0.10401371047301167,0.22013726160944658,2.4287289457464385,0.12111507431406768,11339.623015873016,0.9351424894648872,1.9921423117308155,82 days 21:53:41.052631578
Mean Calmar Ratio,MLM,true,72,74,false,166,51.204819277108435,1.651746516972901,0.021203218801890408,2.1204606489943814,1.779964005179957,0.4452675948396986,0.8905351896793972,0.9441724131299545,0.8606271818498257,0,0,7829,7830 days 00:00:00,1000.0,12570.30857566507,1157.030857566507,1841.116751269015,100.0,1435.7960390916999,71.00507032170029,3994 days 00:00:00,166,0,0.0,71.6836070297221,-29.468704738589537,8.764934425945809,-4.852135289781808,37 days 01:24:42.352941177,18 days 23:06:40,69.70065407027153,0.5787882369375881,0.17638719889269497,1.1158188299614415,0.3575986549915241,9.078206278199296,1.1450814905924196,0.4226017441860465,-0.021274200081452466,None,None,0.00041848448967479263,0.10545809139804774,11.57030857566507,0.0848788650176242,0.21928371128519414,1.651746516972901,-0.3715603006876084,11339.623015873016,1.595858592810193,1.9042934225563768,28 days 05:29:38.313253012
Mean Expectancy,MLM,true,74,78,false,120,55.833333333333336,1.7112416382818816,0.01532762804955933,2.9451176810599713,2.6956678228281157,0.32188018904074595,0.6437603780814919,0.9479750359268269,0.8873678588231456,0,0,7829,7830 days 00:00:00,1000.0,13909.853631131587,1290.9853631131589,1841.116751269015,100.0,1311.5846009529562,53.70963285863978,2276 days 00:00:00,120,0,0.0,64.69720910027753,-33.908095062362996,9.864178701125576,-5.80161983487202,50 days 21:51:02.686567164,23 days 23:05:39.622641509,107.58211359276316,0.5920952288468927,0.24309957115191866,1.1198676622225896,0.47308502507728434,11.306877254109438,1.140722711800578,0.4182213367143634,-0.021276595744680854,None,None,0.00043394730391877075,0.10935472058753024,12.909853631131666,0.08842018717535671,0.2222757762390134,1.7112416382818816,-0.2988030975095254,11339.623015873016,1.3568473331510549,1.8858612645934325,39 days 00:11:59.999999999
Least Max Drawdown Duration,MLM,true,80,81,false,219,52.054794520547944,1.4280830946728027,0.02797292119044578,1.502514482540617,1.2821816828327743,0.5874313449993613,1.1748626899987227,0.882624103359854,0.8081615270611445,0,0,7829,7830 days 00:00:00,1000.0,10283.540259129606,928.3540259129605,1841.116751269015,100.0,2068.3475537205063,49.66964483266305,1418 days 00:00:00,219,0,0.0,63.47790035887749,-25.972970578705002,6.780237131262728,-4.227584393214818,28 days 03:09:28.421052631,13 days 23:46:17.142857142,42.39059479054612,0.5376139763441413,0.2310477939222776,1.1087648413399587,0.6090844478149304,12.68002045950372,1.178933747640629,0.4177077675176535,-0.02139037433155077,None,None,0.0003964618825765807,0.09990839440929833,9.283540259129493,0.07789065333316647,0.22365447435295854,1.4280830946728027,-0.4957658034054169,11339.623015873016,1.8329998093287985,1.8052816642540799,21 days 08:26:18.082191779
Most Best Trade [%],MLM,true,70,82,false,60,51.66666666666667,2.2065385191205467,0.007663814024779665,7.357325644160526,4.201088505599121,0.16094009452037297,0.32188018904074595,1.1840886845883591,0.9800196466883562,0,0,7829,7830 days 00:00:00,1000.0,19439.113262367235,1843.9113262367237,1841.116751269015,100.0,836.3726905600463,52.509429930398646,2031 days 00:00:00,60,0,0.0,117.42419354838711,-29.336706399228436,21.221150605213076,-7.462625176274962,115 days 20:54:11.612903226,39 days 04:57:55.862068965,307.31855437278716,0.6512693402764533,0.2825112503413579,1.1315280012732114,0.5371330519112573,10.50848115695935,1.1074221640070596,0.42805033740652926,-0.021287568601859198,None,None,0.000476166952091155,0.11999407192697105,18.439113262367123,0.10020760946493579,0.2217406516590059,2.2065385191205467,0.001517869502725746,11339.623015873016,0.9594359503059936,1.7572877898111052,78 days 19:36:00
Median Total Fees Paid,MLM,true,68,74,false,95,53.68421052631579,1.8330685109802771,0.012134372205901137,3.486951255964204,3.068757792134157,0.25482181632392387,0.5096436326478477,0.888551252477786,0.8124258072595942,0,0,7829,7830 days 00:00:00,1000.0,10415.690753135206,941.5690753135206,1841.116751269015,100.0,715.8614683148385,63.78164913137113,3493 days 00:00:00,95,0,0.0,74.46787658288997,-25.90331392523946,12.213737971287205,-6.6281878913420025,67 days 04:14:07.058823529,28 days 12:00:00,99.11253424352854,0.5474590841811376,0.18096796138818086,1.1092982667506084,0.3714881819755946,8.98166897286569,1.1040363948514031,0.4207947740881873,-0.021307834306711362,None,None,0.00039318565273402904,0.09908278448897531,9.415690753135246,0.07833370380187943,0.21781746442201702,1.8330685109802771,-0.48858806772328195,11339.623015873016,1.207263762676151,1.5822726033688514,49 days 06:18:56.842105263
Median Max Drawdown [%],MLM,true,65,76,false,69,52.17391304347826,2.0524540970619225,0.008813386128496616,5.264260899666148,3.490760589205771,0.18508110869842892,0.37016221739685784,0.9743152437879995,0.8695026929297921,0,0,7829,7830 days 00:00:00,1000.0,12976.67306933401,1197.667306933401,1841.116751269015,100.0,655.9803129895434,63.60597362138578,3490 days 00:00:00,69,0,0.0,76.20052067666595,-25.008688443989758,16.300358043556955,-6.775117802760187,94 days 18:39:59.999999999,40 days 00:00:00,173.5749720193334,0.5858761352680815,0.19953150307291978,1.1168448156396218,0.35452794221471623,8.90840014864726,1.0944984102181397,0.4285714285714286,-0.02130783430671148,None,None,0.00042169017113899117,0.10626592312702578,11.976673069333982,0.08599030286550557,0.21829026748408845,2.0524540970619225,-0.3494886697935411,11339.623015873016,1.028880432387797,1.5704816527463885,68 days 13:54:46.956521738
Median Profit Factor,MLM,true,75,79,false,120,53.333333333333336,1.5960886707720718,0.01532762804955933,2.706808542933785,2.3666085621278996,0.32188018904074595,0.6437603780814919,0.8712680454966328,0.8168064180826726,0,0,7829,7830 days 00:00:00,1000.0,10738.516871856355,973.8516871856355,1841.116751269015,100.0,1178.9769579819867,56.292878174659975,2277 days 00:00:00,120,0,0.0,61.87878764712719,-33.75676600331213,9.932046648364565,-5.5506064347013915,52 days 10:07:30,23 days 21:25:42.857142857,81.15430726546958,0.546386598708783,0.20786393046299206,1.110002304032276,0.4701072400929744,11.24150438557902,1.1330573064526797,0.4187352781300961,-0.021402684791254213,None,None,0.0004013209335474677,0.10113287525396186,9.738516871856369,0.07939354527287823,0.22276065060225364,1.5960886707720718,-0.4710538120331615,11339.623015873016,1.3568473331510549,1.5465929808678103,39 days 02:36:00
Median Worst Trade [%],MLM,true,78,81,false,135,53.333333333333336,1.5251494267104757,0.017243581555754246,2.322406990921186,2.0305197734830043,0.3621152126708392,0.7242304253416784,0.8409789014256689,0.7733975235145402,0,0,7829,7830 days 00:00:00,1000.0,9141.31934390822,814.131934390822,1841.116751269015,100.0,1177.0692507163008,57.6825636619762,1978 days 00:00:00,135,0,0.0,63.778273853381684,-28.49936189765655,9.16667246444909,-5.499610693110702,46 days 12:40:00,21 days 06:51:25.714285714,60.30606921413495,0.5167242663122534,0.18837408464939573,1.104065602834983,0.5699894040825059,12.413408840844474,1.1302734613399164,0.42027933974242704,-0.02148299776615833,None,None,0.0003818856016151545,0.09623517160701893,8.1413193439082,0.07381390014662625,0.2241409093940503,1.5251494267104757,-0.5578053733802212,11339.623015873016,1.4391539254589905,1.4841961901868308,34 days 17:57:19.999999999
Mean Total Return [%],MLM,true,70,74,false,116,50.86206896551724,1.6473133662841675,0.014816707114574019,2.765101451995357,2.305553782754749,0.3111508494060544,0.6223016988121088,0.8603636654822698,0.808846639053275,0,0,7829,7830 days 00:00:00,1000.0,10230.840296449805,923.0840296449805,1841.116751269015,100.0,946.0885693926302,71.58223524062647,4195 days 00:00:00,116,0,0.0,77.8813415712576,-20.980734606968696,11.086058168166156,-5.847818657725292,54 days 22:22:22.372881356,25 days 06:44:12.631578947,79.57620945215353,0.5443538733624661,0.15994703136346955,1.1086382502003984,0.3854707440503118,8.96284405296507,1.1129371490594275,0.4213105826828825,-0.0211910075010784,None,None,0.00039082198440420384,0.09848714006985937,9.230840296449802,0.07771243169571895,0.21774308445646076,1.6473133662841675,-0.4986281945407687,11339.623015873016,1.334041552062688,1.4820946921304317,40 days 08:41:22.758620688
Median Total Trades,MLM,true,63,71,false,88,51.13636363636363,1.8234855223527664,0.011240260569676842,3.375572692047993,2.797951209102223,0.2360454719632137,0.4720909439264274,0.7967886492406044,0.7739359900755902,0,0,7829,7830 days 00:00:00,1000.0,9066.158999732657,806.6158999732658,1841.116751269015,100.0,643.0892501645029,66.7711240334661,3411 days 00:00:00,88,0,0.0,72.45498404488117,-25.057483444336242,12.254650117928533,-5.916485079222338,74 days 00:32:00,31 days 05:34:53.023255814,91.66089772423472,0.5231290152144181,0.16209462804049932,1.1039948441574823,0.3788806472765285,8.752723616290616,1.0789470159295937,0.42519111758281763,-0.02144800006496504,None,None,0.0003751921057536291,0.09454841064991454,8.066158999732643,0.0735286134478399,0.21751618916502682,1.8234855223527664,-0.5618876970092773,11339.623015873016,1.161934637871122,1.3746402864704228,53 days 02:43:38.181818181
Mean Best Trade [%],MLM,true,63,71,false,88,51.13636363636363,1.8234855223527664,0.011240260569676842,3.375572692047993,2.797951209102223,0.2360454719632137,0.4720909439264274,0.7967886492406044,0.7739359900755902,0,0,7829,7830 days 00:00:00,1000.0,9066.158999732657,806.6158999732658,1841.116751269015,100.0,643.0892501645029,66.7711240334661,3411 days 00:00:00,88,0,0.0,72.45498404488117,-25.057483444336242,12.254650117928533,-5.916485079222338,74 days 00:32:00,31 days 05:34:53.023255814,91.66089772423472,0.5231290152144181,0.16209462804049932,1.1039948441574823,0.3788806472765285,8.752723616290616,1.0789470159295937,0.42519111758281763,-0.02144800006496504,None,None,0.0003751921057536291,0.09454841064991454,8.066158999732643,0.0735286134478399,0.21751618916502682,1.8234855223527664,-0.5618876970092773,11339.623015873016,1.161934637871122,1.3746402864704228,53 days 02:43:38.181818181
Mean Sortino Ratio,MLM,true,80,82,false,155,50.967741935483865,1.4229181655885121,0.019798186230680803,1.9187085045183152,1.603151473896847,0.41576191084429687,0.8315238216885937,0.7977259141917379,0.7414098860437952,0,0,7829,7830 days 00:00:00,1000.0,7971.694522679951,697.1694522679951,1841.116751269015,100.0,1298.7718133385401,53.37443960589372,1514 days 00:00:00,155,0,0.0,65.47053551307091,-25.972970578705002,8.478873015579294,-4.900409868821385,39 days 12:27:20.506329114,20 days 12:56:50.526315789,44.97867433987055,0.49488086833149936,0.19036459765809624,1.0994794469959148,0.6081359365071277,12.594099587967333,1.1409422609918627,0.4177077675176535,-0.02147156450464309,None,None,0.00036274800202196704,0.0914124965095357,6.971694522679928,0.06909284538177629,0.2223059399120828,1.4229181655885121,-0.6213333826942472,11339.623015873016,1.542077538715399,1.3592835653625337,30 days 05:06:34.838709676
Mean Profit Factor,MLM,true,77,88,false,63,58.730158730158735,1.6854854647699349,0.008047004726018648,5.918767399436564,4.033788796816225,0.16898709924639163,0.33797419849278326,1.000195333944894,0.8508915275515996,0,0,7829,7830 days 00:00:00,1000.0,12209.498012685974,1120.9498012685974,1841.116751269015,100.0,777.3407772500013,50.17190119318408,1528 days 00:00:00,63,0,0.0,99.10719418368494,-33.641135093014874,16.670432416758494,-9.381678971367725,98 days 22:03:14.594594595,42 days 00:55:23.076923077,177.92853988390442,0.566749042816804,0.24658673989244764,1.1137726042995522,0.5961765458538371,12.152897370592138,1.0976858292162128,0.42987582176771366,-0.021540240370298547,None,None,0.00041880131777979077,0.10553793208050727,11.209498012685986,0.08386247935150881,0.22411139909267042,1.6854854647699349,-0.3911576761788912,11339.623015873016,0.9831292945877176,1.3575042179081984,75 days 10:40:00
Median Expectancy,MLM,true,66,72,false,100,52.0,1.6417139074275602,0.012773023374632776,2.9651273910501272,2.527649579255846,0.2682334908672883,0.5364669817345766,0.7953464709675907,0.7597087723583891,0,0,7829,7830 days 00:00:00,1000.0,8632.191593356114,763.2191593356114,1841.116751269015,100.0,744.3468048179967,58.1352110078865,3409 days 00:00:00,100,0,0.0,67.83368391933566,-31.272665463596073,11.147482989570792,-5.899091174013926,61 days 12:55:23.076923077,30 days 13:30:00,76.32191593356119,0.5149090800809101,0.18181979090830366,1.1025176475672036,0.32670353428222615,9.114254164298824,1.093017280074165,0.4213105826828825,-0.02130783430671131,None,None,0.0003686444592390992,0.092898403728253,7.632191593356064,0.07183524669458974,0.21713201518200526,1.6417139074275602,-0.5854585762638072,11339.623015873016,1.2386264857626,1.3169172591822753,46 days 16:04:48
Mean Omega Ratio,MLM,true,67,71,false,122,51.63934426229508,1.5176469401714887,0.015583088517051986,2.32811160908194,1.9708550305316075,0.32724485885809174,0.6544897177161835,0.7618625549199043,0.7471863154925997,0,0,7829,7830 days 00:00:00,1000.0,8097.606811454739,709.7606811454739,1841.116751269015,100.0,915.399612805167,63.166482588957166,3413 days 00:00:00,122,0,0.0,63.90564250288099,-31.272665463596063,9.415288553078497,-5.23955190738896,51 days 09:08:34.285714285,24 days 01:13:13.220338983,58.17710501192411,0.5042588802081537,0.16212885212868342,1.1001982593254378,0.3975632263707577,8.819137093031287,1.1063871720780283,0.4187352781300961,-0.02127984718227402,None,None,0.00035977207533664785,0.09066256298483526,7.097606811454687,0.06963219917379826,0.21638173510640796,1.5176469401714887,-0.6144944742606564,11339.623015873016,1.3681076700697874,1.3133207965717295,38 days 03:56:03.934426228
Mean Worst Trade [%],MLM,true,78,80,false,158,51.26582278481012,1.4183683759904775,0.020181376931919785,1.8308375618468102,1.5386785900559412,0.4238089155703155,0.847617831140631,0.7759252816716972,0.7075411339639451,0,0,7829,7830 days 00:00:00,1000.0,7064.103677102857,606.4103677102856,1841.116751269015,100.0,1176.6929744311574,58.779172865930164,2043 days 00:00:00,158,0,0.0,67.3826931200105,-28.499361897656534,8.230206299196032,-4.900965915104968,38 days 22:31:06.666666666,19 days 19:38:10.909090909,38.380403019638266,0.47311271373861374,0.16233050059913806,1.0949448219578242,0.5817060327040166,12.59426988601872,1.1367112477628931,0.4177077675176535,-0.021390374331550787,None,None,0.0003480305936095469,0.08770370958960583,6.0641036771028745,0.06494204678653981,0.22309996701587687,1.4183683759904775,-0.6706290531046936,11339.623015873016,1.5569293505318478,1.3131300371393317,29 days 14:53:09.873417720
Median Avg Winning Trade [%],MLM,true,65,72,false,90,51.11111111111111,1.7176923975318346,0.011495721037169499,3.3050150547880595,2.769229371953565,0.24141014178055947,0.48282028356111895,0.797864152963269,0.751200289691403,0,0,7829,7830 days 00:00:00,1000.0,8294.213611516998,729.4213611516998,1841.116751269015,100.0,631.0034864565228,63.14507858034006,3409 days 00:00:00,90,0,0.0,69.82580448912034,-31.272665463596066,12.349961189857222,-6.1510649955115175,71 days 19:18:15.652173913,31 days 04:21:49.090909091,81.04681790574445,0.5085798115685828,0.16413724876260394,1.1009916400758617,0.37081752415667724,8.797636632450452,1.0849118652637595,0.4231188658669574,-0.021390374331550797,None,None,0.00036286286770498266,0.09144144266165563,7.294213611517014,0.0704583571158035,0.21638647617370216,1.7176923975318346,-0.6038158032895328,11339.623015873016,1.175064259565981,1.2704226981841489,51 days 22:39:59.999999999
Median Best Trade [%],MLM,true,63,74,false,74,52.702702702702695,1.7964832320568456,0.009452037297228254,4.1759010039055715,2.9998183671452803,0.19849278324179334,0.3969855664835867,0.8288862128074158,0.764155788830801,0,0,7829,7830 days 00:00:00,1000.0,8830.393450358653,783.0393450358654,1841.116751269015,100.0,523.1939058753726,72.73061918861706,3619 days 00:00:00,74,0,0.0,71.55074365083043,-39.06362474935873,14.116761571121863,-6.901057913849723,88 days 05:32:18.461538461,35 days 21:56:34.285714285,105.81612770754941,0.5180240823989751,0.14694226841850955,1.102950493319665,0.3348504574161676,8.929588040503637,1.0798248732201097,0.4254505734571272,-0.02142459336954039,None,None,0.0003722065512368384,0.09379605091168328,7.830393450358649,0.0726186281818122,0.2179118087004814,1.7964832320568456,-0.5746932699970576,11339.623015873016,1.0655067914903829,1.2637592573213214,63 days 11:40:32.432432431
Median Sortino Ratio,MLM,true,62,74,false,74,51.35135135135135,1.8402499088401814,0.009452037297228254,4.155508909491573,2.9086266082276624,0.19849278324179334,0.3969855664835867,0.8248385292310518,0.7555203660708792,0,0,7829,7830 days 00:00:00,1000.0,8616.065233901323,761.6065233901323,1841.116751269015,100.0,522.1974370789204,74.23833572618223,3484 days 00:00:00,74,0,0.0,73.26451748075678,-42.38852428859713,14.401485794481347,-6.659688913553189,90 days 10:06:18.947368421,35 days 09:19:59.999999999,102.91980045812602,0.512912554750934,0.14225122578991733,1.1017695531753806,0.3221473997592325,8.84662804861145,1.0777976047061224,0.4272694130514036,-0.02150455018184021,None,None,0.00036964600464321453,0.09315079317009006,7.616065233901301,0.07177074442545073,0.21856941479662154,1.8402499088401814,-0.5863344772322643,11339.623015873016,1.0655067914903829,1.247099901211901,63 days 15:34:03.243243242
Mean Total Fees Paid,MLM,true,77,86,false,72,55.55555555555556,1.5832153008995031,0.009196576829735598,4.8917602831037375,3.60417040567599,0.19312811342444758,0.38625622684889516,0.9447364348004664,0.802056336616128,0,0,7829,7830 days 00:00:00,1000.0,10261.652349956506,926.1652349956506,1841.116751269015,100.0,785.9952951856258,51.28470579011424,2034 days 00:00:00,72,0,0.0,89.88564567146723,-33.64113509301487,15.505950151358622,-8.37597705221487,90 days 11:24:00,35 days 10:30:00,128.63406041606277,0.5356556573846701,0.2235557357644621,1.1072793256545188,0.5771310097650197,12.129450530480673,1.0983306624527187,0.42909290016426355,-0.02165801884317256,None,None,0.00039741547743646724,0.10014870031398974,9.261652349956545,0.07781673999534289,0.2250120535897951,1.5832153008995031,-0.49695464214462304,11339.623015873016,1.0510094249279964,1.215483655218818,66 days 00:20:00
Median Total Return [%],MLM,true,62,75,false,67,52.23880597014925,1.791047304865546,0.008557925661003959,4.8290931928487435,3.1132485126120097,0.17971643888108316,0.3594328777621663,0.867867431643656,0.7552119706330208,0,0,7829,7830 days 00:00:00,1000.0,8570.634694478824,757.0634694478824,1841.116751269015,100.0,502.92472407483757,74.93764518091496,3617 days 00:00:00,67,0,0.0,73.50672087878934,-42.38852428859712,15.6943582338428,-7.0547904457385044,99 days 08:54:51.428571428,38 days 18:45:00,112.99454767878845,0.5125569075637719,0.1405602039585999,1.1016276857372083,0.32613547774247936,8.88636495441457,1.075331372693185,0.4277899343544858,-0.02149176665208098,None,None,0.00036852627730474773,0.09286862188079643,7.5706346944787555,0.07158840098845332,0.2180585259610719,1.791047304865546,-0.5888020306555432,11339.623015873016,1.013859473855153,1.174402838057936,70 days 10:23:17.014925372
Median Omega Ratio,MLM,true,62,75,false,67,52.23880597014925,1.791047304865546,0.008557925661003959,4.8290931928487435,3.1132485126120097,0.17971643888108316,0.3594328777621663,0.867867431643656,0.7552119706330208,0,0,7829,7830 days 00:00:00,1000.0,8570.634694478824,757.0634694478824,1841.116751269015,100.0,502.92472407483757,74.93764518091496,3617 days 00:00:00,67,0,0.0,73.50672087878934,-42.38852428859712,15.6943582338428,-7.0547904457385044,99 days 08:54:51.428571428,38 days 18:45:00,112.99454767878845,0.5125569075637719,0.1405602039585999,1.1016276857372083,0.32613547774247936,8.88636495441457,1.075331372693185,0.4277899343544858,-0.02149176665208098,None,None,0.00036852627730474773,0.09286862188079643,7.5706346944787555,0.07158840098845332,0.2180585259610719,1.791047304865546,-0.5888020306555432,11339.623015873016,1.013859473855153,1.174402838057936,70 days 10:23:17.014925372
Median Sharpe Ratio,MLM,true,60,75,false,62,53.2258064516129,1.8016140473472797,0.00791927449227232,5.100915409759969,3.100574848444998,0.16630476433771874,0.33260952867543747,0.8483065351267696,0.7550949336279456,0,0,7829,7830 days 00:00:00,1000.0,8473.828408245077,747.3828408245078,1841.116751269015,100.0,462.5020537824852,73.23940075387432,3439 days 00:00:00,62,0,0.0,90.1857142857143,-33.349577852383625,16.429576279356862,-7.790319372884769,107 days 17:27:16.363636364,40 days 00:49:39.310344827,120.54561948782381,0.5118660402163108,0.14302050563143628,1.1013281891372433,0.3450343818508277,8.767533619933904,1.0750053643008435,0.42700929469655546,-0.02140268479125417,None,None,0.0003660476814737297,0.09224401573137989,7.47382840824506,0.07119671115604453,0.21688426540355246,1.8016140473472797,-0.5940600506136486,11339.623015873016,0.975295470185429,1.15768908387566,76 days 01:32:54.193548386
Most Max Drawdown Duration,MLM,true,84,85,false,212,51.886792452830186,1.2192289352394845,0.027078809554221484,1.1822367176034603,1.0056142819082943,0.5686550006386512,1.1373100012773023,0.6722848214038325,0.6034982764849889,0,0,7829,7830 days 00:00:00,1000.0,4849.552999190776,384.9552999190776,1841.116751269015,100.0,1493.8044593987995,71.52507376195307,4471 days 00:00:00,212,0,0.0,57.75245434825958,-40.883308677786516,6.502926793625181,-4.555762383988592,27 days 05:53:27.272727273,16 days 13:10:35.294117647,18.15826886410747,0.4103545706232736,0.10678344350793816,1.0807983799785035,0.24273621384323713,10.431305128492129,1.15157052021127,0.41745112237509047,-0.021482997766158293,None,None,0.00029736449921475416,0.07493585380211805,3.849552999190781,0.05212795702961004,0.21977411845093353,1.2192289352394845,-0.7909120648357896,11339.623015873016,1.8034673856250159,1.1287469171354223,22 days 02:22:38.490566037
Mean Win Rate [%],MLM,true,61,66,false,118,52.54237288135594,1.4715521904970725,0.015072167582066675,2.239698155332982,1.9291648462162394,0.3165155192234002,0.6330310384468004,0.7088992245389105,0.6605733289485719,0,0,7829,7830 days 00:00:00,1000.0,5946.21218141775,494.62121814177505,1841.116751269015,100.0,641.9447141093856,78.5663815334065,3619 days 00:00:00,118,0,0.0,75.29105042826075,-31.296323529411758,9.82396954351401,-6.157173738724586,50 days 08:54:11.612903225,26 days 16:17:08.571428571,41.91705238489622,0.44772859932588976,0.11029521443853911,1.0890617284362423,0.40366210962986576,8.91970185895519,1.0928646502291253,0.4136125654450261,-0.02149176665208103,None,None,0.0003215459369513016,0.08102957611172801,4.946212181417746,0.05905394401478303,0.2178085342162995,1.4715521904970725,-0.7313471740448559,11339.623015873016,1.3454927625425852,1.1265693139363642,39 days 03:03:03.050847456
Median Calmar Ratio,MLM,true,81,85,false,107,52.336448598130836,1.4068918894699889,0.013667135010857069,2.8190678105446505,2.4186884846100876,0.2870098352279985,0.574019670455997,0.8091001878009746,0.7217747255298339,0,0,7829,7830 days 00:00:00,1000.0,7383.314932170928,638.3314932170928,1841.116751269015,100.0,882.2742353946195,58.222850811131046,1909 days 00:00:00,107,0,0.0,86.82371406165676,-27.289806626243635,11.561936568367074,-6.780944943142714,58 days 13:17:08.571428572,28 days 04:14:07.058823529,59.65714889879354,0.4804522264855191,0.16776176616654093,1.0960092179319618,0.6590834873394011,12.30419963208977,1.1139301948172557,0.42208499818379946,-0.021569459097127874,None,None,0.0003538154351810452,0.0891614896656234,6.383314932170906,0.06645791792604427,0.22334347414284714,1.4068918894699889,-0.6532911382305798,11339.623015873016,1.2812451994910619,1.1162695081146599,44 days 01:47:39.813084111
Least Total Trades,MLM,true,61,79,false,54,53.70370370370371,1.8481651834553943,0.006897432622301699,5.805173290232739,3.10093986768741,0.14484608506833568,0.28969217013667137,0.8408566242334815,0.742753086275748,0,0,7829,7830 days 00:00:00,1000.0,8216.841705339335,721.6841705339334,1841.116751269015,100.0,415.52212305124226,70.89659219407699,4198 days 00:00:00,54,0,0.0,75.31643515413862,-38.32767952766351,17.706295060693233,-8.000127963501436,124 days 03:18:37.241379310,44 days 02:52:48,133.64521676554327,0.5049798602217094,0.1455112648392994,1.1003828011574546,0.28017180114203083,9.169431112835516,1.0786398420280547,0.4231188658669574,-0.02139037433155079,None,None,0.00036329778047770195,0.09155104068038089,7.216841705339313,0.07013551907939597,0.21819027488736897,1.8481651834553943,-0.6080182476008092,11339.623015873016,0.9102008616045189,1.1000106627999504,87 days 02:13:19.999999999
Mean Sharpe Ratio,MLM,true,77,83,false,90,50.0,1.528565426373236,0.011495721037169499,3.5670025575408064,2.923772588148202,0.24141014178055947,0.48282028356111895,0.8611105931475443,0.7418756281351555,0,0,7829,7830 days 00:00:00,1000.0,8107.562495212752,710.7562495212752,1841.116751269015,100.0,747.6024664682718,57.86964525605454,1983 days 00:00:00,90,0,0.0,83.12797085826354,-34.12997466549599,13.774144007618197,-6.6401388925365845,75 days 13:20:00,29 days 08:00:00,78.97291661347492,0.4963339346974545,0.1770777012291321,1.0994020326056104,0.5723003000703879,12.320517668059699,1.1079098729267227,0.4226017441860465,-0.02154024037029852,None,None,0.0003662445255420552,0.0922936204365979,7.107562495212866,0.06967449810599735,0.22379164837282067,1.528565426373236,-0.613953732683505,11339.623015873016,1.175064259565981,1.09223709656132,52 days 10:40:00
Least Worst Trade [%],MLM,true,57,77,false,56,50.0,1.8204485649099496,0.007152893089794355,5.25113686799632,2.7082673108104065,0.15021075488568145,0.3004215097713629,0.7887772329497602,0.6928590148694145,0,0,7829,7830 days 00:00:00,1000.0,6778.982131272806,577.8982131272807,1841.116751269015,100.0,318.2150938124556,76.02293032158616,3621 days 00:00:00,56,0,0.0,72.94123119087304,-43.361359461631345,18.54462294659314,-8.0423492106005,127 days 17:08:34.285714286,40 days 00:51:25.714285714,103.19610948701443,0.4719849472274553,0.12274555947725783,1.0935221332164706,0.30848813956003085,8.882953041378844,1.0686266550977108,0.4231188658669574,-0.02135916816453719,None,None,0.0003376331958595927,0.08508356535661736,5.778982131272764,0.0635309220528848,0.2169520179803665,1.8204485649099496,-0.6861153901679748,11339.623015873016,0.9269031879814961,0.958291928181276,83 days 21:00:00
Mean Max Drawdown [%],MLM,true,81,88,false,81,55.55555555555556,1.3828508039835652,0.010346148933452547,3.690142332869147,3.0586923002230915,0.21726912760250353,0.43453825520500705,0.8017540053915467,0.6772689943334715,0,0,7829,7830 days 00:00:00,1000.0,6487.4693329077845,548.7469332907784,1841.116751269015,100.0,719.71224850265,64.03498481142104,4471 days 00:00:00,81,0,0.0,77.27218592778553,-40.88330867778653,13.312061477900544,-8.3372565984201,75 days 02:08:00,37 days 05:20:00,67.74653497417023,0.4611902167136461,0.14222991484556663,1.0911530240444827,0.21035687182854132,10.321559294946686,1.0869454931034408,0.4246724890829694,-0.02154024037029859,None,None,0.00033504022362933374,0.08443013635459211,5.487469332907781,0.06202748753452725,0.2203248923096209,1.3828508039835652,-0.7019488672228161,11339.623015873016,1.11476383718634,0.9508610374763387,58 days 06:13:20
Mean Total Trades,MLM,true,58,66,false,98,52.04081632653062,1.3309614634025608,0.01251756290714012,2.507097440883504,2.1388753677661207,0.2628688210499425,0.525737642099885,0.6590377485423746,0.601706150762126,0,0,7829,7830 days 00:00:00,1000.0,4777.005486334644,377.7005486334644,1841.116751269015,100.0,535.4187659183657,78.22327156117747,4471 days 00:00:00,98,0,0.0,64.23240746628444,-27.28073678858139,11.82360100780961,-7.60230004663206,62 days 00:28:14.117647059,31 days 04:05:06.382978723,38.54087230953719,0.4094821131446545,0.09667317205107041,1.0808500428198409,0.3784356165891527,8.880177798067578,1.0756672396502618,0.4143786127167631,-0.021471564504643097,None,None,0.0002927686427963167,0.07377769798467182,3.7770054863346383,0.05161769682554951,0.21683846600063053,1.3309614634025608,-0.7948524728955243,11339.623015873016,1.226177662415996,0.8377560978982027,47 days 05:23:15.918367346
Median Win Rate [%],MLM,true,58,66,false,98,52.04081632653062,1.3309614634025608,0.01251756290714012,2.507097440883504,2.1388753677661207,0.2628688210499425,0.525737642099885,0.6590377485423746,0.601706150762126,0,0,7829,7830 days 00:00:00,1000.0,4777.005486334644,377.7005486334644,1841.116751269015,100.0,535.4187659183657,78.22327156117747,4471 days 00:00:00,98,0,0.0,64.23240746628444,-27.28073678858139,11.82360100780961,-7.60230004663206,62 days 00:28:14.117647059,31 days 04:05:06.382978723,38.54087230953719,0.4094821131446545,0.09667317205107041,1.0808500428198409,0.3784356165891527,8.880177798067578,1.0756672396502618,0.4143786127167631,-0.021471564504643097,None,None,0.0002927686427963167,0.07377769798467182,3.7770054863346383,0.05161769682554951,0.21683846600063053,1.3309614634025608,-0.7948524728955243,11339.623015873016,1.226177662415996,0.8377560978982027,47 days 05:23:15.918367346
Most Max Drawdown [%],MLM,true,61,65,false,132,50.0,1.2496367827351584,0.016860390854515264,1.5780070367047254,1.2934483907415781,0.3540682079448206,0.7081364158896412,0.5587221236103589,0.524717623858681,0,0,7829,7830 days 00:00:00,1000.0,3599.86700198122,259.986700198122,1841.116751269015,100.0,600.149691316458,83.53060027906008,4471 days 00:00:00,132,0,0.0,49.7668987868772,-31.29632352941177,9.056616639024853,-5.900602565615402,45 days 21:27:16.363636363,23 days 22:32:43.636363636,19.695962136221326,0.3588977812812904,0.07365970862627072,1.0707755181011536,0.3369430784213977,8.95447375358104,1.0876750878739057,0.411065056766985,-0.021504550181840325,None,None,0.00025684535333635075,0.06472502904076038,2.5998670019812256,0.04208578591362322,0.2170439288602511,1.2496367827351584,-0.8587885857760391,11339.623015873016,1.4230734886249,0.7648511932899756,34 days 21:59:59.999999999
Mean Avg Winning Trade [%],MLM,true,55,66,false,86,50.0,1.3138633999969487,0.010984800102184188,2.544146120312747,2.0150724474755597,0.23068080214586795,0.4613616042917359,0.5868856678100424,0.5201273349543264,0,0,7829,7830 days 00:00:00,1000.0,3560.0808739179975,256.0080873917998,1841.116751269015,100.0,352.41042732180665,80.88526334752497,4471 days 00:00:00,86,0,0.0,73.84485915508718,-31.99833780723681,13.097618993263902,-8.009326752638408,72 days 02:13:57.209302325,35 days 04:27:54.418604651,29.76838225486044,0.3567611523168495,0.07538900414257342,1.0703471314673605,0.3064559792939143,9.059198458381678,1.056780668699637,0.41284734752796826,-0.021471564504643166,None,None,0.0002558241081952016,0.0644676752651908,2.5600808739179777,0.04171311897554264,0.21747563793820843,1.3138633999969487,-0.8609495637822302,11339.623015873016,1.1486549487378892,0.6434127319113538,53 days 15:20:55.813953487
Least Avg Losing Trade [%],MLM,true,40,74,false,54,50.0,1.278049410273438,0.006897432622301699,3.556943030704347,1.768971483312164,0.14484608506833568,0.28969217013667137,0.5152092728086256,0.44430718437460454,0,0,7829,7830 days 00:00:00,1000.0,2678.4913897410966,167.84913897410965,1841.116751269015,100.0,195.5163835701064,77.09570054030239,4471 days 00:00:00,54,0,0.0,67.50733993763048,-26.87917437833897,18.290329365801814,-11.17644330439312,128 days 20:26:40,43 days 00:53:20,31.08317388409435,0.30719637178229914,0.06096216386469873,1.0599815771918053,0.1910639029403126,8.258666643945926,1.0460466747747355,0.41131939437635184,-0.02127984718227404,None,None,0.00021580266650896273,0.05438227196025861,1.6784913897410982,0.032217411761266135,0.2130528887942522,1.278049410273438,-0.9088329738684865,11339.623015873016,0.9102008616045189,0.42365115195822156,85 days 22:40:00
Least Avg Winning Trade Duration,MLM,true,46,66,false,65,50.76923076923077,1.1638692187211743,0.008302465193511304,2.1619703843672626,1.3141466694440902,0.1743517690637374,0.3487035381274748,0.37694336117784055,0.3486896608991081,0,0,7829,7830 days 00:00:00,1000.0,1848.1450475622194,84.81450475622194,1841.116751269015,100.0,183.78600843051362,80.27145857731361,4471 days 00:00:00,65,0,0.0,51.862883121950254,-29.359372606470206,14.229787449303844,-10.282965963848586,100 days 03:38:10.909090909,40 days 11:15:00,13.048385347111036,0.24018492680511028,0.036182553913002895,1.047287523838591,0.3377359569825566,9.828550239960757,1.0449622851089329,0.4037289351021871,-0.021569459097127906,None,None,0.00017394570269414262,0.04383431707892394,0.8481450475622279,0.019963448435034836,0.2196416297739449,1.1638692187211743,-0.9539331198318833,11339.623015873016,0.9986125982087324,0.33729588394100557,70 days 18:27:41.538461538
Least Total Return [%],MLM,true,47,64,false,71,52.112676056338024,1.073511627171747,0.00906884659598927,1.5085669940075181,1.0281263359417605,0.19044577851577468,0.38089155703154937,0.2873002156169638,0.2642725632894989,0,0,7829,7830 days 00:00:00,1000.0,1334.2835896721658,33.428358967216596,1841.116751269015,100.0,164.70639872970753,79.48421757534001,4471 days 00:00:00,71,0,0.0,51.86288312195024,-28.807682250760465,12.33963350654419,-10.278181857870623,89 days 20:45:24.324324325,36 days 22:35:17.647058823,4.70821957284744,0.18274277936112207,0.017027846122928264,1.035864492977107,0.3233667735364434,9.88117112362882,1.0428134944952898,0.39971397926349655,-0.021611696046780562,None,None,0.0001323280521003232,0.03334666912928145,0.33428358967216343,0.009324870625019077,0.21961317787615692,1.073511627171747,-0.9818434333704391,11339.623015873016,1.0436852282058762,0.2529542070351291,64 days 12:30:25.352112675
Least Profit Factor,MLM,true,47,64,false,71,52.112676056338024,1.073511627171747,0.00906884659598927,1.5085669940075181,1.0281263359417605,0.19044577851577468,0.38089155703154937,0.2873002156169638,0.2642725632894989,0,0,7829,7830 days 00:00:00,1000.0,1334.2835896721658,33.428358967216596,1841.116751269015,100.0,164.70639872970753,79.48421757534001,4471 days 00:00:00,71,0,0.0,51.86288312195024,-28.807682250760465,12.33963350654419,-10.278181857870623,89 days 20:45:24.324324325,36 days 22:35:17.647058823,4.70821957284744,0.18274277936112207,0.017027846122928264,1.035864492977107,0.3233667735364434,9.88117112362882,1.0428134944952898,0.39971397926349655,-0.021611696046780562,None,None,0.0001323280521003232,0.03334666912928145,0.33428358967216343,0.009324870625019077,0.21961317787615692,1.073511627171747,-0.9818434333704391,11339.623015873016,1.0436852282058762,0.2529542070351291,64 days 12:30:25.352112675
Least Expectancy,MLM,true,47,64,false,71,52.112676056338024,1.073511627171747,0.00906884659598927,1.5085669940075181,1.0281263359417605,0.19044577851577468,0.38089155703154937,0.2873002156169638,0.2642725632894989,0,0,7829,7830 days 00:00:00,1000.0,1334.2835896721658,33.428358967216596,1841.116751269015,100.0,164.70639872970753,79.48421757534001,4471 days 00:00:00,71,0,0.0,51.86288312195024,-28.807682250760465,12.33963350654419,-10.278181857870623,89 days 20:45:24.324324325,36 days 22:35:17.647058823,4.70821957284744,0.18274277936112207,0.017027846122928264,1.035864492977107,0.3233667735364434,9.88117112362882,1.0428134944952898,0.39971397926349655,-0.021611696046780562,None,None,0.0001323280521003232,0.03334666912928145,0.33428358967216343,0.009324870625019077,0.21961317787615692,1.073511627171747,-0.9818434333704391,11339.623015873016,1.0436852282058762,0.2529542070351291,64 days 12:30:25.352112675
Least Sharpe Ratio,MLM,true,47,64,false,71,52.112676056338024,1.073511627171747,0.00906884659598927,1.5085669940075181,1.0281263359417605,0.19044577851577468,0.38089155703154937,0.2873002156169638,0.2642725632894989,0,0,7829,7830 days 00:00:00,1000.0,1334.2835896721658,33.428358967216596,1841.116751269015,100.0,164.70639872970753,79.48421757534001,4471 days 00:00:00,71,0,0.0,51.86288312195024,-28.807682250760465,12.33963350654419,-10.278181857870623,89 days 20:45:24.324324325,36 days 22:35:17.647058823,4.70821957284744,0.18274277936112207,0.017027846122928264,1.035864492977107,0.3233667735364434,9.88117112362882,1.0428134944952898,0.39971397926349655,-0.021611696046780562,None,None,0.0001323280521003232,0.03334666912928145,0.33428358967216343,0.009324870625019077,0.21961317787615692,1.073511627171747,-0.9818434333704391,11339.623015873016,1.0436852282058762,0.2529542070351291,64 days 12:30:25.352112675
Least Calmar Ratio,MLM,true,47,64,false,71,52.112676056338024,1.073511627171747,0.00906884659598927,1.5085669940075181,1.0281263359417605,0.19044577851577468,0.38089155703154937,0.2873002156169638,0.2642725632894989,0,0,7829,7830 days 00:00:00,1000.0,1334.2835896721658,33.428358967216596,1841.116751269015,100.0,164.70639872970753,79.48421757534001,4471 days 00:00:00,71,0,0.0,51.86288312195024,-28.807682250760465,12.33963350654419,-10.278181857870623,89 days 20:45:24.324324325,36 days 22:35:17.647058823,4.70821957284744,0.18274277936112207,0.017027846122928264,1.035864492977107,0.3233667735364434,9.88117112362882,1.0428134944952898,0.39971397926349655,-0.021611696046780562,None,None,0.0001323280521003232,0.03334666912928145,0.33428358967216343,0.009324870625019077,0.21961317787615692,1.073511627171747,-0.9818434333704391,11339.623015873016,1.0436852282058762,0.2529542070351291,64 days 12:30:25.352112675
Least Omega Ratio,MLM,true,47,64,false,71,52.112676056338024,1.073511627171747,0.00906884659598927,1.5085669940075181,1.0281263359417605,0.19044577851577468,0.38089155703154937,0.2873002156169638,0.2642725632894989,0,0,7829,7830 days 00:00:00,1000.0,1334.2835896721658,33.428358967216596,1841.116751269015,100.0,164.70639872970753,79.48421757534001,4471 days 00:00:00,71,0,0.0,51.86288312195024,-28.807682250760465,12.33963350654419,-10.278181857870623,89 days 20:45:24.324324325,36 days 22:35:17.647058823,4.70821957284744,0.18274277936112207,0.017027846122928264,1.035864492977107,0.3233667735364434,9.88117112362882,1.0428134944952898,0.39971397926349655,-0.021611696046780562,None,None,0.0001323280521003232,0.03334666912928145,0.33428358967216343,0.009324870625019077,0.21961317787615692,1.073511627171747,-0.9818434333704391,11339.623015873016,1.0436852282058762,0.2529542070351291,64 days 12:30:25.352112675
Least Sortino Ratio,MLM,true,47,64,false,71,52.112676056338024,1.073511627171747,0.00906884659598927,1.5085669940075181,1.0281263359417605,0.19044577851577468,0.38089155703154937,0.2873002156169638,0.2642725632894989,0,0,7829,7830 days 00:00:00,1000.0,1334.2835896721658,33.428358967216596,1841.116751269015,100.0,164.70639872970753,79.48421757534001,4471 days 00:00:00,71,0,0.0,51.86288312195024,-28.807682250760465,12.33963350654419,-10.278181857870623,89 days 20:45:24.324324325,36 days 22:35:17.647058823,4.70821957284744,0.18274277936112207,0.017027846122928264,1.035864492977107,0.3233667735364434,9.88117112362882,1.0428134944952898,0.39971397926349655,-0.021611696046780562,None,None,0.0001323280521003232,0.03334666912928145,0.33428358967216343,0.009324870625019077,0.21961317787615692,1.073511627171747,-0.9818434333704391,11339.623015873016,1.0436852282058762,0.2529542070351291,64 days 12:30:25.352112675
Least Total Fees Paid,MLM,true,47,65,false,66,51.515151515151516,1.0768941077652086,0.008430195427257632,1.694911939166083,1.0614663092953918,0.1770341039724103,0.3540682079448206,0.30005721646240785,0.27021781243166454,0,0,7829,7830 days 00:00:00,1000.0,1364.5431190239015,36.45431190239016,1841.116751269015,100.0,156.786084335799,81.17327491990503,4471 days 00:00:00,66,0,0.0,48.66054537816215,-28.556446742036893,13.731054222078567,-11.09348923642843,99 days 09:52:56.470588235,37 days 19:30:00,5.523380591271234,0.18685071091808764,0.017979456986505556,1.0366154787779933,0.3215429939431078,9.794345973714245,1.0389262578211913,0.4014676928584213,-0.0216580188431726,None,None,0.00013556936966999252,0.034163481156838114,0.36454311902391057,0.010053592571306114,0.2200460235592725,1.0768941077652086,-0.9801998912468405,11339.623015873016,1.0062649139334638,0.24728880230384995,69 days 13:05:27.272727272
