Metric Type,Ticker,Use SMA,Short Window,Long Window,Signal Entry,Total Trades,Win Rate [%],Profit Factor,Trades Per Day,Expectancy per Trade,Expectancy Adjusted,Trades per Month,Signals per Month,Expectancy per Month,Sortino Ratio,Signal Window,Start,End,Period,Start Value,End Value,Total Return [%],Benchmark Return [%],Max Gross Exposure [%],Total Fees Paid,Max Drawdown [%],Max Drawdown Duration,Total Closed Trades,Total Open Trades,Open Trade PnL,Best Trade [%],Worst Trade [%],Avg Winning Trade [%],Avg Losing Trade [%],Avg Winning Trade Duration,Avg Losing Trade Duration,Expectancy,Sharpe Ratio,Calmar Ratio,Omega Ratio,Skew,Kurtosis,Tail Ratio,Common Sense Ratio,Value at Risk,Alpha,Beta,Daily Returns,Annual Returns,Cumulative Returns,Annualized Return,Annualized Volatility,Beats BNH [%],Total Period,Score,Avg Trade Duration
Most Total Return [%],XLU,true,80,118,false,34,64.70588235294117,4.966154734590054,0.005143721633888048,4.314312097495859,1.6481641720770694,0.10801815431164902,0.21603630862329803,0.4660240298959218,0.7455275267385308,0,0,6610,6611 days 00:00:00,1000.0,3764.1440315953955,276.4144031595396,164.58249779007096,100.0,116.18063624255346,36.700481571917464,1308 days 00:00:00,34,0,0.0,27.732441076901903,-9.97309258947212,8.915217133826946,-4.120680469111131,155 days 02:10:54.545454546,63 days 08:00:00,81.2983538704528,0.5272350264325912,0.20688493079126474,1.1050684008645129,0.034171275483649455,26.48840914782673,0.9502401065625483,0.5103952478866802,-0.013248401017451946,None,None,0.00023760532899392515,0.059876542906469134,2.7641440315953734,0.051824811296274254,0.1366780030345059,0.6794884442215294,9574.007936507936,0.4791345169203487,122 days 16:56:28.235294117
Least Total Trades,XLU,true,80,118,false,34,64.70588235294117,4.966154734590054,0.005143721633888048,4.314312097495859,1.6481641720770694,0.10801815431164902,0.21603630862329803,0.4660240298959218,0.7455275267385308,0,0,6610,6611 days 00:00:00,1000.0,3764.1440315953955,276.4144031595396,164.58249779007096,100.0,116.18063624255346,36.700481571917464,1308 days 00:00:00,34,0,0.0,27.732441076901903,-9.97309258947212,8.915217133826946,-4.120680469111131,155 days 02:10:54.545454546,63 days 08:00:00,81.2983538704528,0.5272350264325912,0.20688493079126474,1.1050684008645129,0.034171275483649455,26.48840914782673,0.9502401065625483,0.5103952478866802,-0.013248401017451946,None,None,0.00023760532899392515,0.059876542906469134,2.7641440315953734,0.051824811296274254,0.1366780030345059,0.6794884442215294,9574.007936507936,0.4791345169203487,122 days 16:56:28.235294117
Most Profit Factor,XLU,true,80,118,false,34,64.70588235294117,4.966154734590054,0.005143721633888048,4.314312097495859,1.6481641720770694,0.10801815431164902,0.21603630862329803,0.4660240298959218,0.7455275267385308,0,0,6610,6611 days 00:00:00,1000.0,3764.1440315953955,276.4144031595396,164.58249779007096,100.0,116.18063624255346,36.700481571917464,1308 days 00:00:00,34,0,0.0,27.732441076901903,-9.97309258947212,8.915217133826946,-4.120680469111131,155 days 02:10:54.545454546,63 days 08:00:00,81.2983538704528,0.5272350264325912,0.20688493079126474,1.1050684008645129,0.034171275483649455,26.48840914782673,0.9502401065625483,0.5103952478866802,-0.013248401017451946,None,None,0.00023760532899392515,0.059876542906469134,2.7641440315953734,0.051824811296274254,0.1366780030345059,0.6794884442215294,9574.007936507936,0.4791345169203487,122 days 16:56:28.235294117
Most Expectancy,XLU,true,80,118,false,34,64.70588235294117,4.966154734590054,0.005143721633888048,4.314312097495859,1.6481641720770694,0.10801815431164902,0.21603630862329803,0.4660240298959218,0.7455275267385308,0,0,6610,6611 days 00:00:00,1000.0,3764.1440315953955,276.4144031595396,164.58249779007096,100.0,116.18063624255346,36.700481571917464,1308 days 00:00:00,34,0,0.0,27.732441076901903,-9.97309258947212,8.915217133826946,-4.120680469111131,155 days 02:10:54.545454546,63 days 08:00:00,81.2983538704528,0.5272350264325912,0.20688493079126474,1.1050684008645129,0.034171275483649455,26.48840914782673,0.9502401065625483,0.5103952478866802,-0.013248401017451946,None,None,0.00023760532899392515,0.059876542906469134,2.7641440315953734,0.051824811296274254,0.1366780030345059,0.6794884442215294,9574.007936507936,0.4791345169203487,122 days 16:56:28.235294117
Most Sharpe Ratio,XLU,true,80,118,false,34,64.70588235294117,4.966154734590054,0.005143721633888048,4.314312097495859,1.6481641720770694,0.10801815431164902,0.21603630862329803,0.4660240298959218,0.7455275267385308,0,0,6610,6611 days 00:00:00,1000.0,3764.1440315953955,276.4144031595396,164.58249779007096,100.0,116.18063624255346,36.700481571917464,1308 days 00:00:00,34,0,0.0,27.732441076901903,-9.97309258947212,8.915217133826946,-4.120680469111131,155 days 02:10:54.545454546,63 days 08:00:00,81.2983538704528,0.5272350264325912,0.20688493079126474,1.1050684008645129,0.034171275483649455,26.48840914782673,0.9502401065625483,0.5103952478866802,-0.013248401017451946,None,None,0.00023760532899392515,0.059876542906469134,2.7641440315953734,0.051824811296274254,0.1366780030345059,0.6794884442215294,9574.007936507936,0.4791345169203487,122 days 16:56:28.235294117
Most Calmar Ratio,XLU,true,80,118,false,34,64.70588235294117,4.966154734590054,0.005143721633888048,4.314312097495859,1.6481641720770694,0.10801815431164902,0.21603630862329803,0.4660240298959218,0.7455275267385308,0,0,6610,6611 days 00:00:00,1000.0,3764.1440315953955,276.4144031595396,164.58249779007096,100.0,116.18063624255346,36.700481571917464,1308 days 00:00:00,34,0,0.0,27.732441076901903,-9.97309258947212,8.915217133826946,-4.120680469111131,155 days 02:10:54.545454546,63 days 08:00:00,81.2983538704528,0.5272350264325912,0.20688493079126474,1.1050684008645129,0.034171275483649455,26.48840914782673,0.9502401065625483,0.5103952478866802,-0.013248401017451946,None,None,0.00023760532899392515,0.059876542906469134,2.7641440315953734,0.051824811296274254,0.1366780030345059,0.6794884442215294,9574.007936507936,0.4791345169203487,122 days 16:56:28.235294117
Most Omega Ratio,XLU,true,80,118,false,34,64.70588235294117,4.966154734590054,0.005143721633888048,4.314312097495859,1.6481641720770694,0.10801815431164902,0.21603630862329803,0.4660240298959218,0.7455275267385308,0,0,6610,6611 days 00:00:00,1000.0,3764.1440315953955,276.4144031595396,164.58249779007096,100.0,116.18063624255346,36.700481571917464,1308 days 00:00:00,34,0,0.0,27.732441076901903,-9.97309258947212,8.915217133826946,-4.120680469111131,155 days 02:10:54.545454546,63 days 08:00:00,81.2983538704528,0.5272350264325912,0.20688493079126474,1.1050684008645129,0.034171275483649455,26.48840914782673,0.9502401065625483,0.5103952478866802,-0.013248401017451946,None,None,0.00023760532899392515,0.059876542906469134,2.7641440315953734,0.051824811296274254,0.1366780030345059,0.6794884442215294,9574.007936507936,0.4791345169203487,122 days 16:56:28.235294117
Most Sortino Ratio,XLU,true,80,118,false,34,64.70588235294117,4.966154734590054,0.005143721633888048,4.314312097495859,1.6481641720770694,0.10801815431164902,0.21603630862329803,0.4660240298959218,0.7455275267385308,0,0,6610,6611 days 00:00:00,1000.0,3764.1440315953955,276.4144031595396,164.58249779007096,100.0,116.18063624255346,36.700481571917464,1308 days 00:00:00,34,0,0.0,27.732441076901903,-9.97309258947212,8.915217133826946,-4.120680469111131,155 days 02:10:54.545454546,63 days 08:00:00,81.2983538704528,0.5272350264325912,0.20688493079126474,1.1050684008645129,0.034171275483649455,26.48840914782673,0.9502401065625483,0.5103952478866802,-0.013248401017451946,None,None,0.00023760532899392515,0.059876542906469134,2.7641440315953734,0.051824811296274254,0.1366780030345059,0.6794884442215294,9574.007936507936,0.4791345169203487,122 days 16:56:28.235294117
Median Max Drawdown [%],XLU,true,81,116,false,36,63.888888888888886,4.336022768951301,0.005446293494704993,3.9567937134556246,1.6005008279146347,0.11437216338880485,0.2287443267776097,0.45254705709114257,0.7234829970856205,0,0,6610,6611 days 00:00:00,1000.0,3599.6847551019614,259.96847551019613,164.58249779007096,100.0,121.39248517737258,36.70048157191747,1300 days 00:00:00,36,0,0.0,24.369461724309648,-12.657258616251315,8.638519178970974,-4.326259033225376,142 days 10:26:05.217391304,68 days 00:00:00,72.21346541949897,0.5121998465147667,0.19966291415867313,1.1021585785866717,0.03191172280360024,26.501569643956962,0.9501537791140268,0.5076396807297604,-0.01325833242760614,None,None,0.00023085555978644343,0.058175601066183746,2.5996847551019817,0.05003517830889481,0.13669341605117452,0.5795633132375494,9574.007936507936,0.38800012017271474,115 days 13:19:59.999999999
Mean Best Trade [%],XLU,true,78,112,false,34,58.82352941176471,3.597952917525648,0.005143721633888048,3.7381756056241624,1.3771138720295313,0.10801815431164902,0.21603630862329803,0.4037908294123528,0.6545614218323538,0,0,6610,6611 days 00:00:00,1000.0,3140.7769687650316,214.07769687650315,164.58249779007096,100.0,115.52456229941407,36.700481571917464,1272 days 00:00:00,34,0,0.0,26.563232840767864,-9.902685314979612,9.124150473103636,-3.9560742050608013,153 days 16:48:00,76 days 06:51:25.714285715,62.96402849308917,0.4650260258372153,0.1777262776755156,1.0924216815844878,0.010816029621501836,26.059694581709323,0.9471607252815306,0.5025,-0.013287145884964359,None,None,0.00021057702908496354,0.05306541132941081,2.1407769687650613,0.04459081567919276,0.13733474875045962,0.30073185029409716,9574.007936507936,0.23403247877777755,121 days 19:45:52.941176471
Most Avg Winning Trade [%],XLU,true,84,117,false,35,51.42857142857142,3.6416069282637613,0.00529500756429652,3.804907448972102,1.261527612479238,0.11119515885022693,0.22239031770045387,0.42308728819886465,0.6671964395479731,0,0,6610,6611 days 00:00:00,1000.0,3221.7887630291452,222.17887630291452,164.58249779007096,100.0,103.84489135454334,36.700481571917464,1274 days 00:00:00,35,0,0.0,31.011494732812668,-11.112811986886953,10.853180349621747,-3.657969739951049,167 days 05:20:00,68 days 11:17:38.823529412,63.47967894368982,0.47373436095154076,0.18181013586110853,1.0939636107418074,0.017856267011296632,26.145038358486588,0.9403390249757413,0.5110857142857141,-0.013271658213210722,None,None,0.00021437885078274096,0.05402347039725072,2.2217887630291586,0.0456053338560809,0.13724412254330232,0.3499544561919893,9574.007936507936,0.2121564633585447,119 days 06:10:17.142857142
Most Best Trade [%],XLU,true,86,118,false,34,55.88235294117647,3.394407876791501,0.005143721633888048,3.649812628389678,1.2773335778118233,0.10801815431164902,0.21603630862329803,0.3942460237020015,0.626869036064586,0,0,6610,6611 days 00:00:00,1000.0,2966.791818290859,196.67918182908588,164.58249779007096,100.0,96.18717247274951,36.70048157191748,2283 days 00:00:00,34,0,0.0,33.62205363301571,-11.506211401366466,9.792210816371409,-4.130558409720515,166 days 13:53:41.052631578,67 days 14:24:00,57.846818185025235,0.4461412570859648,0.16860818216174145,1.088075626856514,0.008517751893660639,26.108480595320792,0.9354144352421508,0.5117768122570316,-0.013301912702765475,None,None,0.0002019152253842875,0.05088263679684045,1.9667918182908526,0.042324088315737196,0.13725980704894075,0.19501881712814342,9574.007936507936,0.19320218659294455,122 days 21:52:56.470588234
Most Worst Trade [%],XLU,true,77,112,false,35,60.0,3.246860452271759,0.00529500756429652,3.4136493301588198,1.3204390483207813,0.11119515885022693,0.22239031770045387,0.37958127952598075,0.618542835105121,0,0,6610,6611 days 00:00:00,1000.0,2916.290344933661,191.62903449336608,164.58249779007096,100.0,114.44795800722676,36.700481571917464,1158 days 00:00:00,35,0,0.0,26.563232840767853,-7.791921511293763,8.421670647923413,-4.098382646488069,146 days 01:08:34.285714284,76 days 10:17:08.571428572,54.751152712390294,0.4399362596260411,0.1658668392092172,1.0872693827706057,0.006024608144399362,25.955598329007287,0.9499404920799068,0.4990929705215419,-0.013301912702765593,None,None,0.0001994457581193609,0.05026033104607895,1.916290344933675,0.041642167648036965,0.13749336739971058,0.1643342218429182,9574.007936507936,0.19242491826680488,118 days 04:47:59.999999999
Median Win Rate [%],XLU,true,82,109,false,38,57.89473684210527,2.756584245091543,0.005748865355521936,3.285014313451027,1.3311901804369608,0.12072617246596067,0.24145234493192133,0.396587204558838,0.6399861862930951,0,0,6610,6611 days 00:00:00,1000.0,3049.726927083788,204.97269270837876,164.58249779007096,100.0,130.7971854003929,36.70048157191746,1163 days 00:00:00,38,0,0.0,26.511864531594988,-11.505862053900689,8.838604928352018,-4.351172782037835,139 days 19:38:10.909090908,66 days 16:30:00,53.940182291678624,0.4545463819933292,0.17301586796122612,1.0902709305362206,0.014269818191371856,25.8730330797899,0.9459196505330071,0.5031832651205093,-0.013287145884964446,None,None,0.0002062942618797357,0.0519861539936934,2.0497269270837766,0.04342009963622839,0.13764348038986654,0.2454100251281062,9574.007936507936,0.1686946313341015,109 days 00:37:53.684210526
Mean Total Trades,XLU,true,100,111,false,50,62.0,2.283390801694652,0.007564296520423601,2.6159453494299783,1.4696322187808868,0.1588502269288956,0.3177004538577912,0.41554351239054116,0.660704324134166,0,0,6610,6611 days 00:00:00,1000.0,3159.054841927492,215.90548419274919,164.58249779007096,100.0,171.2410027158995,36.700481571917464,3093 days 00:00:00,50,0,0.0,24.320185275585846,-14.811225655006972,7.260067493999559,-4.961306570657232,90 days 06:11:36.774193549,70 days 17:41:03.157894737,43.181096838549855,0.4669276206891753,0.1786562999570213,1.0924892844899374,0.08140540069155143,25.686373819994806,0.955125186304408,0.5025,-0.013403060042249764,None,None,0.00021143965665559677,0.053282793477210384,2.159054841927456,0.044821892049098366,0.1373357433460559,0.3118374498614182,9574.007936507936,0.16497770057094016,82 days 20:09:36
Least Max Drawdown Duration,XLU,true,100,109,false,56,58.92857142857143,2.039246225356616,0.008472012102874432,2.24790735628393,1.3663831784374598,0.17791225416036308,0.35582450832072615,0.3999302649001364,0.6308440207772575,0,0,6610,6611 days 00:00:00,1000.0,2990.5375972676807,199.05375972676808,164.58249779007096,100.0,194.6741989528138,36.700481571917464,1001 days 00:00:00,56,0,0.0,24.676124118106106,-13.783646494323992,7.019819365191099,-4.598749004322009,85 days 13:49:05.454545455,57 days 11:28:41.739130435,35.54531423692289,0.4492527505207421,0.1698819552587912,1.0883757867404487,-0.06912922559645104,24.70654329944621,0.9523288133978922,0.5042093287827075,-0.013415917778609832,None,None,0.0002030269167304171,0.05116278301606511,1.9905375972676689,0.04264087669911554,0.13705963696348036,0.20944670544899655,9574.007936507936,0.12690657684809684,74 days 00:51:25.714285714
Median Total Trades,XLU,true,85,109,false,42,59.523809523809526,2.5411054526230803,0.006354009077155824,2.549785237745433,1.174150505500752,0.1334341906202723,0.2668683812405446,0.3402285294540805,0.5668276078845669,0,0,6610,6611 days 00:00:00,1000.0,2612.7254286818516,161.27254286818516,164.58249779007096,100.0,128.50219390733588,36.700481571917464,1301 days 00:00:00,42,0,0.0,24.132077698660396,-9.334404933466422,7.161915448507649,-4.23275918984606,125 days 00:00:00,58 days 21:10:35.294117647,38.39822449242503,0.40322139848763733,0.14837758521811836,1.0799545835686344,0.018139147536260485,26.02033652595651,0.9471127896900333,0.4970561594202898,-0.013287145884964397,None,None,0.00018282423533446318,0.04607170730428472,1.6127254286818413,0.037286917250963336,0.13751082787672783,-0.02011122061173074,9574.007936507936,0.12244609613609969,98 days 05:42:51.428571429
Median Avg Losing Trade [%],XLU,true,95,117,false,39,58.97435897435898,2.331773864606396,0.005900151285930409,2.6866812712937893,1.1382145743186067,0.12390317700453858,0.24780635400907716,0.33288834511189314,0.5377613564839784,0,0,6610,6611 days 00:00:00,1000.0,2467.322098294938,146.7322098294938,164.58249779007096,100.0,115.11994557146875,36.70048157191747,3082 days 00:00:00,39,0,0.0,29.321768610902225,-13.337670709101948,7.617237732145857,-4.400993641181057,135 days 03:07:49.565217390,66 days 07:30:00,37.62364354602407,0.3844377283153722,0.13930876031495387,1.075469821694719,-0.02647554464363336,25.984405011310287,0.9366214911385402,0.5066089334548769,-0.013453137408153055,None,None,0.0001740685287492075,0.04386526924480029,1.4673220982949373,0.03502532856470397,0.13732226527127198,-0.10845799644714134,9574.007936507936,0.10306603218948521,106 days 21:32:18.461538461
Most Max Drawdown Duration,XLU,true,100,108,false,60,60.0,1.957818976682389,0.009077155824508321,1.875600152705747,1.2437208601474838,0.19062027231467474,0.3812405446293495,0.35752741186221504,0.5718546286037203,0,0,6610,6611 days 00:00:00,1000.0,2651.395755666763,165.13957556667629,164.58249779007096,100.0,181.9972251196648,36.700481571917464,996 days 00:00:00,60,0,0.0,25.002859343436253,-12.660390558730269,6.101352331631977,-4.463028115683598,77 days 20:00:00,55 days 19:00:00,27.523262594446035,0.4087141376459855,0.15070915299198714,1.0802675493948775,-0.10808344181476068,24.88540277883559,0.9452341057205176,0.5042093287827075,-0.013453137408153088,None,None,0.00018490767691675878,0.046596734583023214,1.6513957556667678,0.037868007617623656,0.13720880582798042,0.003384793547828469,9574.007936507936,0.10103937259022742,69 days 00:24:00
Mean Avg Winning Trade [%],XLU,true,83,107,false,42,61.904761904761905,2.226022183549457,0.006354009077155824,2.3949079466300907,1.1301812781849865,0.1334341906202723,0.2668683812405446,0.31956260346864446,0.5283516525199752,0,0,6610,6611 days 00:00:00,1000.0,2414.060922285919,141.4060922285919,164.58249779007096,100.0,121.08069722981003,36.700481571917464,1309 days 00:00:00,42,0,0.0,25.78991506523475,-10.235310662211292,7.048419300454414,-5.167048003334437,124 days 17:32:18.461538462,55 days 07:30:00,33.66811719728378,0.3762148930737195,0.13586000312910665,1.0742038728658714,0.017762556828031285,25.681409807629848,0.9458090668937649,0.49603982801538804,-0.013415917778609787,None,None,0.00017108208161242556,0.04311268456633124,1.4140609222859317,0.03416469389959076,0.13791618796202168,-0.14081938160302532,9574.007936507936,0.09871540260143437,98 days 06:51:25.714285714
Median Total Fees Paid,XLU,true,96,113,false,41,56.09756097560976,2.1760316670405797,0.006202723146747352,2.5675234810083625,1.0877332853783819,0.1302571860816944,0.2605143721633888,0.33443838383482605,0.5449031319886002,0,0,6610,6611 days 00:00:00,1000.0,2503.236145782028,150.32361457820284,164.58249779007096,100.0,121.32063838984564,36.70048157191747,2294 days 00:00:00,41,0,0.0,23.72695638582357,-12.342810048300704,8.265636583000312,-4.713398815981352,131 days 12:31:18.260869566,63 days 06:40:00,36.66429623858605,0.3880823803334259,0.14159477561138514,1.0762962178761148,0.013612670098631641,25.561378880261756,0.9422448838807146,0.5042093287827075,-0.013497881964577452,None,None,0.00017663890688139993,0.044513004534112784,1.5032361457820271,0.035595625083166826,0.13804133339766417,-0.08663669225664372,9574.007936507936,0.09178645307119267,101 days 13:27:48.292682927
Mean Worst Trade [%],XLU,true,99,116,false,41,56.09756097560976,2.0060186272046074,0.006202723146747352,2.627676755375653,1.1132172660460495,0.1302571860816944,0.2605143721633888,0.34227378008750936,0.5432940714233951,0,0,6610,6611 days 00:00:00,1000.0,2479.5510290050797,147.955102900508,164.58249779007096,100.0,129.21262337809137,36.996352488343206,3744 days 00:00:00,41,0,0.0,27.78422821818988,-12.890004631061124,8.507590293460593,-4.885546098843994,116 days 05:13:02.608695652,83 days 00:00:00,36.08661046353855,0.3882394588654601,0.13897032366082948,1.075745183801747,-0.05602843310671111,25.648477492741016,0.9409740431542105,0.5052367941712204,-0.013453137408153067,None,None,0.00017410854667714612,0.043875353762640824,1.479551029005068,0.0352204090729038,0.13600883480884401,-0.10102772234488516,9574.007936507936,0.08634188280003341,101 days 15:13:10.243902439
Mean Profit Factor,XLU,true,84,105,false,45,57.77777777777777,2.139745682213769,0.00680786686838124,2.217692899045772,1.0620743299906072,0.14296520423600606,0.2859304084720121,0.3170529182448192,0.5222027552295708,0,0,6610,6611 days 00:00:00,1000.0,2377.741063496616,137.7741063496616,164.58249779007096,100.0,126.00790670765771,36.70048157191746,1783 days 00:00:00,45,0,0.0,26.267527959944776,-10.354469908628376,7.304164598972865,-4.742742058749196,122 days 06:27:41.538461538,49 days 00:00:00,30.616468077702564,0.3717628431118156,0.13346675499391805,1.0735315329764759,0.02267713397211894,25.98414200735182,0.9503070686770638,0.4913151364764267,-0.013403060042249764,None,None,0.00016857082182423632,0.04247984709970755,1.3777410634966052,0.033567271890023065,0.13751913308591449,-0.16288725593777373,9574.007936507936,0.08519632716681715,91 days 07:59:59.999999999
Mean Expectancy,XLU,true,84,105,false,45,57.77777777777777,2.139745682213769,0.00680786686838124,2.217692899045772,1.0620743299906072,0.14296520423600606,0.2859304084720121,0.3170529182448192,0.5222027552295708,0,0,6610,6611 days 00:00:00,1000.0,2377.741063496616,137.7741063496616,164.58249779007096,100.0,126.00790670765771,36.70048157191746,1783 days 00:00:00,45,0,0.0,26.267527959944776,-10.354469908628376,7.304164598972865,-4.742742058749196,122 days 06:27:41.538461538,49 days 00:00:00,30.616468077702564,0.3717628431118156,0.13346675499391805,1.0735315329764759,0.02267713397211894,25.98414200735182,0.9503070686770638,0.4913151364764267,-0.013403060042249764,None,None,0.00016857082182423632,0.04247984709970755,1.3777410634966052,0.033567271890023065,0.13751913308591449,-0.16288725593777373,9574.007936507936,0.08519632716681715,91 days 07:59:59.999999999
Mean Sortino Ratio,XLU,true,88,111,false,40,60.0,2.1298286662946326,0.006051437216338881,2.403980112404163,1.062728360613371,0.12708018154311648,0.25416036308623297,0.3054982291103626,0.5039246267405467,0,0,6610,6611 days 00:00:00,1000.0,2296.8171290262826,129.68171290262828,164.58249779007096,100.0,108.97163890262993,36.70048157191747,2283 days 00:00:00,40,0,0.0,24.361047771179596,-11.24336553613782,7.532045234611143,-5.288117570906305,137 days 01:00:00,53 days 07:30:00,32.42042822565707,0.35996348716936083,0.1280077045673929,1.0710373158876212,-0.002153916828166194,25.91108819220306,0.9360040397802485,0.5004539264639127,-0.013415917778609725,None,None,0.00016343821933428025,0.04118643127223862,1.296817129026294,0.032203959583718245,0.13770251560446375,-0.21205647839881187,9574.007936507936,0.08276411383309726,103 days 13:12:00
Mean Total Fees Paid,XLU,true,100,113,false,49,57.14285714285714,1.9217262922017617,0.007413010590015128,2.1076541436275096,1.0870200040812352,0.1556732223903177,0.3113464447806354,0.32810531222279987,0.5340741618913791,0,0,6610,6611 days 00:00:00,1000.0,2429.56150783836,142.956150783836,164.58249779007096,100.0,150.14381529624418,36.700481571917464,3110 days 00:00:00,49,0,0.0,24.715204042544087,-15.100338889213699,7.111642469308883,-4.564330290614321,98 days 18:51:25.714285715,65 days 17:08:34.285714285,29.174724649762453,0.38146064048563144,0.1368710514185506,1.0745736391451635,-0.04688203898726822,25.719971200716422,0.9432314559993084,0.5018173557473875,-0.013403060042249802,None,None,0.0001709933720378382,0.04309032975353523,1.4295615078383572,0.03441703347669489,0.1359490714949865,-0.13140125649216908,9574.007936507936,0.07983476742028037,84 days 14:41:37.959183673
Mean Sharpe Ratio,XLU,true,88,110,false,41,58.536585365853654,2.116326081713751,0.006202723146747352,2.3279300546761283,1.0291088839975517,0.1302571860816944,0.2605143721633888,0.3032296183171175,0.5047534743824502,0,0,6610,6611 days 00:00:00,1000.0,2300.0159873297494,130.00159873297494,164.58249779007096,100.0,114.81271797762894,36.70048157191746,1914 days 00:00:00,41,0,0.0,25.052943753076896,-10.50648488039977,7.431204941821476,-4.87669331541142,130 days 17:00:00,58 days 16:56:28.235294117,31.707707008042657,0.360337007244451,0.12822692201486788,1.0711505743189276,0.0015026644755099187,25.866571541922163,0.9377436391537531,0.49875311720698245,-0.01341591777860978,None,None,0.00016368216815978515,0.04124790637626586,1.3000159873297443,0.03225872126279694,0.13776509770046336,-0.21011285842316482,9574.007936507936,0.07921715574091778,100 days 20:29:16.097560975
Most Win Rate [%],XLU,true,54,111,true,35,70.58823529411765,2.1119769278503937,0.005143721633888048,2.4133931028218973,0.9219703988308372,0.11119515885022693,0.21921331316187595,0.2683576294363229,0.44596318864243206,0,0,6610,6611 days 00:00:00,1000.0,2022.7524267617814,102.27524267617814,164.58249779007096,100.0,112.31888214102756,44.38479120044581,1484 days 00:00:00,34,1,-2.022752426761599,28.38397939498183,-15.054728338810444,5.709297507977401,-5.496777469551314,153 days 19:00:00,40 days 19:12:00,30.14044644672184,0.3219119257292555,0.08935532343830456,1.0632683723984362,-0.16976593057219444,27.257654205604318,0.9380052783653038,0.4896349707075258,-0.013331138246230442,None,None,0.00014227355107278742,0.035852934870342426,1.0227524267617776,0.027216562108371534,0.13403981134883447,-0.3785776492064622,9574.007936507936,0.07817378898445686,120 days 13:24:42.352941177
Mean Omega Ratio,XLU,true,80,108,false,38,55.26315789473685,2.207532490038891,0.005748865355521936,2.5156897997867382,0.973097914818963,0.12072617246596067,0.24145234493192133,0.3037096006399118,0.504293241378318,0,0,6610,6611 days 00:00:00,1000.0,2299.107083400011,129.9107083400011,164.58249779007096,100.0,114.18866945957197,36.70048157191746,1309 days 00:00:00,38,0,0.0,26.267527959944797,-11.074914802888127,8.00491050700222,-4.265112250302977,145 days 06:51:25.714285714,64 days 04:14:07.058823529,34.18702851052661,0.3600409655406145,0.1281646642272749,1.070802047502594,-0.0019460241758510442,25.703619094453586,0.9430469762613917,0.49739524348810865,-0.013505568204747641,None,None,0.00016368735295682396,0.041249212945119636,1.2991070834000191,0.032243169070267585,0.13788274173035206,-0.21066510665243754,9574.007936507936,0.07674250662276699,109 days 00:00:00
Mean Win Rate [%],XLU,true,107,113,false,66,57.57575757575758,1.768793618006377,0.009984871406959153,1.5842509124252113,1.1088880949006823,0.2096822995461422,0.4193645990922844,0.33218937437539225,0.5429467443186728,0,0,6610,6611 days 00:00:00,1000.0,2470.6759497480084,147.06759497480084,164.58249779007096,100.0,222.83175453936926,36.700481571917464,3196 days 00:00:00,66,0,0.0,27.32993277465614,-11.565417843777142,5.54188007683721,-3.7868172392767887,72 days 04:25:15.789473685,50 days 10:17:08.571428571,22.282968935575887,0.3878991019223765,0.13952356729414006,1.0756091641734533,-0.07531450483658893,25.87158507197912,0.9559348745367867,0.5025,-0.013281727969190416,None,None,0.00017328883664751997,0.043668786835175034,1.4706759497480113,0.03507892286148229,0.13548727705468738,-0.10642020294047798,9574.007936507936,0.07637375239651135,62 days 22:54:32.727272727
Mean Total Return [%],XLU,true,94,110,false,46,58.69565217391305,1.9695118068808046,0.006959152798789713,2.1052682452968052,1.0470112842699162,0.14614220877458398,0.29228441754916795,0.3076685514306678,0.5070622386384441,0,0,6610,6611 days 00:00:00,1000.0,2316.2918153046585,131.62918153046584,164.58249779007096,100.0,132.62606486614393,36.70048157191746,1914 days 00:00:00,46,0,0.0,25.35211146909993,-12.359835621394813,7.045865413037722,-4.915580361492919,104 days 08:00:00,69 days 08:50:31.578947368,28.615039463144765,0.36247605514108566,0.12933786082969212,1.0713836033017101,-0.009937660252258552,25.686736466028528,0.932186186304159,0.5018173557473875,-0.013585306154199655,None,None,0.00016483352227417313,0.04153804761309163,1.3162918153046625,0.03253621963525832,0.13791544939772266,-0.20022369755037916,9574.007936507936,0.0754055146447856,89 days 21:23:28.695652174
Mean Calmar Ratio,XLU,true,102,111,false,55,60.0,1.7859703618579332,0.00832072617246596,1.7411099073437333,1.058327996727633,0.1747352496217852,0.3494704992435704,0.30423327427867053,0.49554126312611013,0,0,6610,6611 days 00:00:00,1000.0,2248.3110056374735,124.83110056374733,164.58249779007096,100.0,161.8748807085613,36.70048157191747,3186 days 00:00:00,55,0,0.0,25.31316741886177,-13.371572236791074,6.006352808392108,-4.656754444228827,84 days 18:10:54.545454545,61 days 18:32:43.636363636,22.69656373886316,0.35594348156356814,0.12464775204363154,1.0689039386950347,-0.1739031564751474,24.718336880842827,0.9455130358578986,0.5018173557473875,-0.013483742493049622,None,None,0.00015906382137665883,0.040084082986918027,1.248311005637487,0.03136446256585734,0.13553050931096808,-0.24152870299141724,9574.007936507936,0.06796477819238421,75 days 13:31:38.181818181
Median Total Return [%],XLU,true,77,107,false,38,52.63157894736842,2.3482903653051026,0.005748865355521936,2.3486913931265354,0.8652390470165907,0.12072617246596067,0.24145234493192133,0.28354852219591153,0.4793594856633368,0,0,6610,6611 days 00:00:00,1000.0,2178.8950017468915,117.88950017468913,164.58249779007096,100.0,104.70149963812676,36.70048157191747,1910 days 00:00:00,38,0,0.0,25.741777142917783,-11.378445028775554,7.90215572762073,-3.8218245340892354,145 days 21:36:00,66 days 22:40:00,31.02355267754977,0.3425281025302398,0.11971828663784888,1.0674236577249767,0.0009516639103724478,25.889284116857773,0.9400356491898991,0.4943490054249547,-0.01350032319961426,None,None,0.00015541022505036984,0.039163376712693196,1.1788950017469104,0.03013226186344453,0.13760369097164993,-0.28370572960279106,9574.007936507936,0.06793712258923608,108 days 11:59:59.999999999
Least Avg Winning Trade Duration,XLU,true,91,105,false,48,62.5,1.8509589335023582,0.007261724659606656,1.8652340933476141,1.0059689492211852,0.15249621785173978,0.30499243570347956,0.2844411446436301,0.4763962652052504,0,0,6610,6611 days 00:00:00,1000.0,2165.335209210038,116.53352092100381,164.58249779007096,100.0,138.60500928070283,36.70048157191746,1309 days 00:00:00,48,0,0.0,26.192440381634412,-13.872524766612521,6.049875478033772,-5.109168214462649,100 days 04:48:00,61 days 22:40:00,24.27781685854245,0.34014389400765344,0.11873806317994398,1.0669602306191899,0.005824148204624376,25.783206490504774,0.9443940897105323,0.4936737460460912,-0.013497881964577435,None,None,0.00015459452596331089,0.038957820542754346,1.1653352092100517,0.029887160165191773,0.13784091117568778,-0.29194463271759796,9574.007936507936,0.06667883624966772,85 days 20:30:00
Median Profit Factor,XLU,true,56,107,true,36,62.857142857142854,1.9580825159384383,0.00529500756429652,2.4302288349123216,0.9557079687857445,0.11437216338880485,0.22556732223903178,0.2779505293787769,0.44926283879071166,0,0,6610,6611 days 00:00:00,1000.0,2044.8519473558438,104.48519473558437,164.58249779007096,100.0,113.89918132524191,41.57150257800109,1303 days 00:00:00,35,1,-2.04485194735571,28.383979394981836,-13.884930022634775,6.818343096456797,-4.995810684624483,135 days 07:38:10.909090908,84 days 14:46:09.230769231,29.91133712294855,0.324841417903071,0.09690313505414906,1.0640603759116387,-0.1965347925303588,26.860127983694284,0.9389926593537705,0.48561797752808983,-0.013374816298897524,None,None,0.00014427544899134383,0.03635741314581865,1.0448519473558382,0.027642125007005136,0.13470004464536206,-0.3651500242215438,9574.007936507936,0.06547140222004162,116 days 11:39:25.714285713
Median Worst Trade [%],XLU,true,93,106,false,48,56.25,1.9004527202269177,0.007261724659606656,1.959409566076186,0.9744715101134098,0.15249621785173978,0.30499243570347956,0.298802548049137,0.4957128330401516,0,0,6610,6611 days 00:00:00,1000.0,2253.300587676422,125.33005876764216,164.58249779007096,100.0,137.5617402929515,36.70048157191748,1308 days 00:00:00,48,0,0.0,25.358570635200756,-12.526395280749353,7.031023843762338,-4.561237362377438,97 days 16:53:20.000000001,70 days 10:17:08.571428572,26.11042890992547,0.3540007596422124,0.12499651727987551,1.069835112924879,-0.0045417970907232754,26.042392670349173,0.943569120640058,0.4940112994350282,-0.01340306004224981,None,None,0.00016038166898060225,0.04041618058311176,1.253300587676439,0.031451617146266875,0.13740332340043018,-0.23849704281737333,9574.007936507936,0.06538571897603597,85 days 18:30:00.000000001
Mean Avg Losing Trade [%],XLU,true,106,119,false,46,54.347826086956516,1.829511295976489,0.006959152798789713,2.125156732000786,0.9786133413155211,0.14614220877458398,0.29228441754916795,0.3105750988067714,0.4975185043553701,0,0,6610,6611 days 00:00:00,1000.0,2247.5852520796507,124.75852520796506,164.58249779007096,100.0,143.35149745925378,37.63162338252049,4276 days 00:00:00,46,0,0.0,27.93527387590507,-14.301784575416551,7.597078880327556,-4.389036301721559,103 days 06:43:12,75 days 21:42:51.428571428,27.12141852347066,0.3564206499768845,0.12151398461336636,1.0690102630657445,-0.08859200609084975,25.989476378176654,0.9427909350246327,0.5052367941712204,-0.01340306004224983,None,None,0.00015876380028228304,0.04000847767113533,1.2475852520796544,0.031351770106955223,0.1350937728600285,-0.24196966941711115,9574.007936507936,0.0627753163451254,90 days 18:46:57.391304347
Median Calmar Ratio,XLU,true,89,104,false,49,57.14285714285714,1.8933721724885264,0.007413010590015128,1.8411501274039777,0.9495708890644938,0.1556732223903177,0.3113464447806354,0.2866177732373212,0.47736986508316887,0,0,6610,6611 days 00:00:00,1000.0,2170.4266322606804,117.04266322606804,164.58249779007096,100.0,136.3662230135492,36.700481571917464,1783 days 00:00:00,49,0,0.0,25.78991506523476,-11.512962008776277,6.600637093815628,-4.504832494478221,97 days 14:34:17.142857143,65 days 14:51:25.714285714,23.886257801238383,0.34089503703487156,0.11910679510837383,1.0672660186004361,0.0030200767947358756,25.78721555646215,0.9457965497555941,0.4916516245487364,-0.013483742493049617,None,None,0.0001549642236639888,0.03905098436332518,1.1704266322606953,0.02997936345737795,0.1378660932264218,-0.2888510941463603,9574.007936507936,0.06141575712531596,83 days 21:33:03.673469388
Least Max Drawdown [%],XLU,true,18,33,false,102,54.90196078431373,1.462072941127566,0.015431164901664145,0.9731802518066452,0.875893508537,0.32405446293494705,0.6481089258698941,0.31536340383809897,0.5479218843273955,0,0,6610,6611 days 00:00:00,1000.0,2329.755173719047,132.97551737190471,164.58249779007096,100.0,373.21300031858084,29.246658730149388,1162 days 00:00:00,102,0,0.0,19.681952017448193,-12.373136634303012,4.512331088530446,-3.335351201596243,52 days 15:00:00,21 days 08:52:10.434782608,13.036815428618123,0.38979323807967325,0.1634471942398962,1.0747573015283127,-0.02464813670611785,10.480638167496997,0.9906458605391403,0.45584672979519925,-0.012641113923978466,None,None,0.0001578906853836474,0.03978845271667914,1.3297551737190338,0.032764352404600405,0.12284823229061512,-0.19204338761756873,9574.007936507936,0.05685368125448895,38 days 12:42:21.176470587
Most Avg Winning Trade Duration,XLU,true,92,104,false,49,61.224489795918366,1.7916931248392844,0.007413010590015128,1.728742270762608,0.9517794524423348,0.1556732223903177,0.3113464447806354,0.26911887997197026,0.45178799995951174,0,0,6610,6611 days 00:00:00,1000.0,2055.93335646502,105.59333564650201,164.58249779007096,100.0,134.80426385594035,36.70048157191746,1910 days 00:00:00,49,0,0.0,26.671580414411533,-15.126361924801806,5.9756783235445265,-4.976946233629896,99 days 23:12:00,59 days 01:15:47.368421053,21.54966033602081,0.32292979614671913,0.11061039135520483,1.0634168606658825,-0.004914788980451379,25.73417395111032,0.9454219591156109,0.4923250564334085,-0.013553132971852636,None,None,0.0001467361095571349,0.03697749960839799,1.0559333564650069,0.027853853363719816,0.13780836639558552,-0.35841698197344823,9574.007936507936,0.05642029989221509,84 days 02:26:56.326530612
Median Best Trade [%],XLU,true,107,111,false,89,59.55056179775281,1.5655086593155665,0.013464447806354009,1.032269234414759,1.007741194031723,0.2827534039334342,0.5655068078668684,0.2918776398065332,0.48178990234890023,0,0,6610,6611 days 00:00:00,1000.0,2171.7237270767127,117.17237270767129,164.58249779007096,100.0,266.01234091233056,36.700481571917464,3189 days 00:00:00,89,0,0.0,26.219509962796444,-12.430296289246742,4.172546597520007,-3.5909168834901903,50 days 06:20:22.641509434,41 days 00:00:00,13.16543513569341,0.3447531753411008,0.11920060291406896,1.0669304073879537,-0.07703614357948906,26.03649250151598,0.9626147922954519,0.49841341795104255,-0.013281727969190454,None,None,0.0001535680814185447,0.038699156517473264,1.1717237270767056,0.030002819985236684,0.13509503438849127,-0.2880629819026836,9574.007936507936,0.05503819512604848,46 days 12:24:16.179775280
Most Avg Losing Trade Duration,XLU,true,102,120,false,40,50.0,1.911514836905153,0.006051437216338881,2.3327225797282067,0.8593562644053073,0.12708018154311648,0.25416036308623297,0.29644280892158753,0.4836714498690243,0,0,6610,6611 days 00:00:00,1000.0,2189.4234326451733,118.94234326451733,164.58249779007096,100.0,120.74643887437774,43.049865577921175,4359 days 00:00:00,40,0,0.0,26.18120550638407,-12.119035797566074,8.699655874921614,-4.034210715465201,112 days 21:36:00,96 days 00:00:00,29.735585816129344,0.3489826347094265,0.10270660507826884,1.0671332234969124,-0.2376689741012637,25.36401179683253,0.9369833119003048,0.5062656641604009,-0.013403060042249794,None,None,0.00015428412617521335,0.03887959979615376,1.1894234326451558,0.03032156005753084,0.13408003993297649,-0.2773086758214641,9574.007936507936,0.054462306905970426,104 days 10:48:00
Median Sortino Ratio,XLU,true,102,118,false,42,52.38095238095239,1.7850059605550879,0.006354009077155824,2.2272814399174337,0.9025638548201057,0.1334341906202723,0.2668683812405446,0.2971954962189374,0.48187135719369323,0,0,6610,6611 days 00:00:00,1000.0,2181.8835047652897,118.18835047652895,164.58249779007096,100.0,132.00583963229172,38.841555306320906,4352 days 00:00:00,42,0,0.0,27.329932774656147,-11.398438409927564,8.288793766203387,-4.440382118997115,120 days 14:10:54.545454546,75 days 18:00:00,28.1400834467926,0.34754488884064255,0.11332241730083147,1.0669527627331408,-0.23255532447025004,25.256756527384795,0.9347851907729546,0.5055795946253699,-0.013415917778609697,None,None,0.00015385947849745363,0.03877258858135831,1.1818835047652816,0.03018608356843422,0.1342641456661162,-0.28188992108212435,9574.007936507936,0.05406603047917981,99 days 05:42:51.428571429
Median Omega Ratio,XLU,true,103,116,false,46,52.17391304347826,1.741946534502327,0.006959152798789713,2.059987998113963,0.910659641826029,0.14614220877458398,0.29228441754916795,0.3010511960935081,0.4848316503249482,0,0,6610,6611 days 00:00:00,1000.0,2193.5851579277396,119.35851579277397,164.58249779007096,100.0,145.57705155827665,38.61561788386283,4343 days 00:00:00,46,0,0.0,26.1993636402743,-11.39843840992758,7.93393756391071,-4.347956982755216,110 days 19:00:00,68 days 14:10:54.545454546,25.947503433211722,0.3494613421271697,0.11478398285551261,1.0673384949371032,-0.22916597038550893,25.304977009477895,0.9401826453597597,0.5042093287827075,-0.01337481629889747,None,None,0.00015463345909465584,0.03896763169185327,1.1935851579277257,0.030396145333922098,0.1341995418296211,-0.2747800197745285,9574.007936507936,0.05349194135424937,90 days 14:36:31.304347826
Median Sharpe Ratio,XLU,true,106,110,false,87,56.32183908045977,1.6313564592052812,0.013161875945537065,1.0547776499695396,0.9520004576995291,0.27639939485627835,0.5527987897125567,0.29153990415950815,0.48217238154719155,0,0,6610,6611 days 00:00:00,1000.0,2177.727083848985,117.77270838489848,164.58249779007096,100.0,244.41351397005184,36.70048157191747,3189 days 00:00:00,87,0,0.0,27.66978183499743,-12.353640004300305,4.416972470205186,-3.280684091913267,47 days 16:09:47.755102041,47 days 05:41:03.157894737,13.537092917804422,0.34554024788565096,0.11963408620653988,1.0671652393707016,-0.0937169049868148,25.95360685491324,0.9574884116773055,0.49841341795104255,-0.013331138246230508,None,None,0.00015405183760726688,0.03882106307703125,1.1777270838489877,0.03011120884525975,0.13521190926750823,-0.2844153542066151,9574.007936507936,0.053355765172645606,47 days 11:35:10.344827586
Least Worst Trade [%],XLU,true,97,99,false,136,55.14705882352941,1.389155466755018,0.020574886535552193,0.7038437507337505,0.6363100446604544,0.43207261724659607,0.8641452344931921,0.30411161151219235,0.4564914626124344,0,0,6610,6611 days 00:00:00,1000.0,2085.2155752191175,108.52155752191177,164.58249779007096,100.0,383.5048027594691,36.23332261002392,1495 days 00:00:00,136,0,0.0,26.267527959944786,-29.297779559285907,3.6503228138027857,-2.918876408777359,35 days 12:09:36,23 days 12:59:00.983606557,7.979526288375869,0.32670944472385516,0.1142798080637601,1.0642624111743018,-0.02650720694826553,25.166244627860806,0.9760207728680484,0.49299909665763314,-0.013715047504892702,None,None,0.0001493228761724885,0.0376293647954671,1.085215575219121,0.028408098871962828,0.13861536075210534,-0.3406251637988038,9574.007936507936,0.0436524930034212,30 days 03:21:10.588235293
Most Total Fees Paid,XLU,true,21,25,false,206,53.883495145631066,1.309388505057775,0.031164901664145234,0.45114017782689175,0.39850835380220423,0.6544629349470499,1.3089258698940998,0.2952545248531216,0.5136294261701919,0,0,6610,6611 days 00:00:00,1000.0,2167.6575695700926,116.76575695700926,164.58249779007096,100.0,662.133359341842,34.04599906052571,1289 days 00:00:00,206,0,0.0,22.836689571179903,-11.817527775941496,2.922587480541357,-2.43655088113422,24 days 00:00:00,11 days 17:56:12.631578947,5.668240628981032,0.36435260518630774,0.12817719006800476,1.0711422778537676,0.060807719406311335,11.688716994301442,1.0410600473824456,0.43188217457223305,-0.01262382903519592,None,None,0.00014655040367815382,0.03693070172689476,1.1676575695701108,0.029929242863839134,0.12198652013371522,-0.2905335711580531,9574.007936507936,0.04360017806435082,18 days 08:23:18.058252426
Most Total Trades,XLU,true,21,25,false,206,53.883495145631066,1.309388505057775,0.031164901664145234,0.45114017782689175,0.39850835380220423,0.6544629349470499,1.3089258698940998,0.2952545248531216,0.5136294261701919,0,0,6610,6611 days 00:00:00,1000.0,2167.6575695700926,116.76575695700926,164.58249779007096,100.0,662.133359341842,34.04599906052571,1289 days 00:00:00,206,0,0.0,22.836689571179903,-11.817527775941496,2.922587480541357,-2.43655088113422,24 days 00:00:00,11 days 17:56:12.631578947,5.668240628981032,0.36435260518630774,0.12817719006800476,1.0711422778537676,0.060807719406311335,11.688716994301442,1.0410600473824456,0.43188217457223305,-0.01262382903519592,None,None,0.00014655040367815382,0.03693070172689476,1.1676575695701108,0.029929242863839134,0.12198652013371522,-0.2905335711580531,9574.007936507936,0.04360017806435082,18 days 08:23:18.058252426
Least Avg Losing Trade Duration,XLU,true,21,25,false,206,53.883495145631066,1.309388505057775,0.031164901664145234,0.45114017782689175,0.39850835380220423,0.6544629349470499,1.3089258698940998,0.2952545248531216,0.5136294261701919,0,0,6610,6611 days 00:00:00,1000.0,2167.6575695700926,116.76575695700926,164.58249779007096,100.0,662.133359341842,34.04599906052571,1289 days 00:00:00,206,0,0.0,22.836689571179903,-11.817527775941496,2.922587480541357,-2.43655088113422,24 days 00:00:00,11 days 17:56:12.631578947,5.668240628981032,0.36435260518630774,0.12817719006800476,1.0711422778537676,0.060807719406311335,11.688716994301442,1.0410600473824456,0.43188217457223305,-0.01262382903519592,None,None,0.00014655040367815382,0.03693070172689476,1.1676575695701108,0.029929242863839134,0.12198652013371522,-0.2905335711580531,9574.007936507936,0.04360017806435082,18 days 08:23:18.058252426
Mean Max Drawdown [%],XLU,true,118,120,false,126,51.587301587301596,1.493365499967125,0.019062027231467472,0.7023051333912662,0.5939348643043496,0.40030257186081697,0.8006051437216339,0.281134551127578,0.470387190302705,0,0,6610,6611 days 00:00:00,1000.0,2087.853371746247,108.78533717462469,164.58249779007096,100.0,361.0272405438679,37.72731417778669,4343 days 00:00:00,126,0,0.0,26.892882743835443,-14.095946340796727,3.6694422325362073,-2.459398332910721,36 days 19:34:09.230769231,28 days 15:20:39.344262295,8.63375691862101,0.3339650996262119,0.10994703142193947,1.0643223546332683,0.07900082085411816,25.27266711052669,0.9955147196019561,0.4923250564334085,-0.013281727969190424,None,None,0.0001464670343173627,0.0369096926479754,1.087853371746267,0.02845765816715562,0.1330103715258153,-0.33902244384829383,9574.007936507936,0.04092658393265421,32 days 20:34:17.142857143
Most Avg Losing Trade [%],XLU,true,111,112,false,167,51.49700598802395,1.4256783589965252,0.025264750378214827,0.5280124579359043,0.4457550935750248,0.5305597579425113,1.0611195158850226,0.28014216187310387,0.46945551106328715,0,0,6610,6611 days 00:00:00,1000.0,2102.2952787909326,110.22952787909325,164.58249779007096,100.0,510.6122099370555,44.02307201907108,4352 days 00:00:00,167,0,0.0,27.414959669504498,-11.406802891613875,2.9459649952529077,-2.039196408845111,28 days 13:23:43.255813953,20 days 10:39:59.999999999,6.600570531682218,0.33416403035275094,0.09512400651096031,1.0650030140075504,-0.007136844792968003,26.466076283328427,0.9996893280226464,0.4936737460460912,-0.013266174558248047,None,None,0.00014843798904110324,0.037406373238358014,1.1022952787909261,0.028727931806328044,0.1347199969831319,-0.33024756970395636,9574.007936507936,0.03876561630495103,24 days 14:56:45.988023950
Least Total Fees Paid,XLU,true,73,108,false,34,58.82352941176471,2.2297047921584014,0.005143721633888048,2.3800575830902457,0.8767940994990775,0.10801815431164902,0.21603630862329803,0.25708942728085254,0.43650323165170235,0,0,6610,6611 days 00:00:00,1000.0,1992.7543303154766,99.27543303154765,164.58249779007096,100.0,88.45058154391043,36.70048157191746,2906 days 00:00:00,34,0,0.0,27.776852822150527,-11.23190228182438,7.2259683876409655,-4.542672137696498,155 days 18:00:00,73 days 05:08:34.285714285,29.198656773984602,0.3127346541354061,0.10572853220665175,1.0612618535310177,-0.017682382965996828,25.85571974512527,0.9363505587267289,0.49603982801538804,-0.013614943550517396,None,None,0.00014192005753868166,0.035763854499747776,0.9927543303154713,0.02663168699895846,0.13763043200977124,-0.3968044332503939,9574.007936507936,0.037563208607711104,121 days 18:21:10.588235294
Median Avg Winning Trade [%],XLU,true,60,110,false,34,61.76470588235294,1.8434369497479914,0.005143721633888048,2.321558813843636,0.8868876367492542,0.10801815431164902,0.21603630862329803,0.2507704981973307,0.42492165821575,0,0,6610,6611 days 00:00:00,1000.0,1941.3429110415907,94.13429110415908,164.58249779007096,100.0,104.44317735943069,42.37245114514733,1738 days 00:00:00,34,0,0.0,28.557857690199214,-13.205508579833946,7.099255912669536,-5.3962595765674335,161 days 21:42:51.428571428,54 days 01:50:46.153846154,27.68655620710561,0.30617312896971116,0.08804038790561723,1.0602496921120868,-0.09421226162963173,27.005408942053805,0.929907069412069,0.4919882645001128,-0.013553132971852604,None,None,0.00013686700810992288,0.034490486043700565,0.9413429110415823,0.025609333849971216,0.13557462249769575,-0.4280419098741004,9574.007936507936,0.03138154390806905,120 days 16:14:07.058823529
Median Expectancy,XLU,true,60,110,false,34,61.76470588235294,1.8434369497479914,0.005143721633888048,2.321558813843636,0.8868876367492542,0.10801815431164902,0.21603630862329803,0.2507704981973307,0.42492165821575,0,0,6610,6611 days 00:00:00,1000.0,1941.3429110415907,94.13429110415908,164.58249779007096,100.0,104.44317735943069,42.37245114514733,1738 days 00:00:00,34,0,0.0,28.557857690199214,-13.205508579833946,7.099255912669536,-5.3962595765674335,161 days 21:42:51.428571428,54 days 01:50:46.153846154,27.68655620710561,0.30617312896971116,0.08804038790561723,1.0602496921120868,-0.09421226162963173,27.005408942053805,0.929907069412069,0.4919882645001128,-0.013553132971852604,None,None,0.00013686700810992288,0.034490486043700565,0.9413429110415823,0.025609333849971216,0.13557462249769575,-0.4280419098741004,9574.007936507936,0.03138154390806905,120 days 16:14:07.058823529
Least Avg Losing Trade [%],XLU,true,45,104,false,38,64.86486486486487,1.611077287593405,0.0055975794251134645,2.151184845607417,0.8943128009828588,0.12072617246596067,0.23827534039334342,0.25970431267696203,0.41469323631189164,0,0,6610,6611 days 00:00:00,1000.0,1884.5169119245684,88.45169119245683,164.58249779007096,100.0,112.56291469412702,39.0901397083858,1289 days 00:00:00,37,1,2.17889915799924,27.925355472416474,-18.32776158655233,7.058557388337242,-6.908579848663029,138 days 19:00:00,54 days 07:23:04.615384615,23.846973318015372,0.29865635964387627,0.09108394867183141,1.0587890598938978,-0.11427259491464496,27.68882628180061,0.9489334813790841,0.47534032582012936,-0.013414919592030115,None,None,0.00013103797027591433,0.03302156850953041,0.8845169119245713,0.024448555153766538,0.13306752918427436,-0.46256927449673807,9574.007936507936,0.02948158563942039,109 days 02:35:40.540540541
Least Calmar Ratio,XLU,true,39,112,false,37,58.333333333333336,1.5984876593934982,0.005446293494704993,2.2377409622576137,0.8655840892873436,0.11754916792738275,0.23192133131618758,0.26304458815040327,0.40826781691888675,0,0,6610,6611 days 00:00:00,1000.0,1865.0806865068248,86.50806865068247,164.58249779007096,100.0,113.21564642908392,47.58403805386128,1289 days 00:00:00,36,1,-4.94049973506867,31.98055189416764,-19.08766699006644,8.095531445837894,-5.96316571475478,150 days 21:42:51.428571428,61 days 06:24:00,24.16725517338594,0.2967898863726422,0.07357982013592215,1.0577348730580756,-0.3052257668417971,27.32523079661454,0.9374377030292788,0.48628597122302153,-0.013299938932534821,None,None,0.00012867515661012124,0.032426139465750556,0.8650806865068241,0.02404379394993117,0.13148987441865936,-0.4743786866023527,9574.007936507936,0.02549509047722675,113 days 13:19:59.999999999
Least Sortino Ratio,XLU,true,67,105,false,34,55.88235294117647,1.7942200399934138,0.005143721633888048,2.149079570774462,0.7521184719969567,0.10801815431164902,0.21603630862329803,0.23213960870392825,0.40000630773662965,0,0,6610,6611 days 00:00:00,1000.0,1843.8474322947352,84.38474322947353,164.58249779007096,100.0,96.82761669386322,38.419733454930835,1782 days 00:00:00,34,0,0.0,26.74431944827726,-9.317181762200729,7.730603771911329,-4.920851083998904,151 days 20:12:37.894736842,83 days 01:36:00,24.81904212631575,0.28786554576686973,0.08942842016207424,1.0562529988146314,-0.07055481768795488,26.389398598923997,0.9348612851230225,0.49333634515473224,-0.013585306154199634,None,None,0.00012957597475721396,0.03265314563881792,0.8438474322947458,0.023596945736575003,0.1365153539120305,-0.4872799698476544,9574.007936507936,0.023405908144912942,121 days 12:00:00
Most Max Drawdown [%],XLU,true,107,117,false,51,52.94117647058824,1.5355186384322819,0.0077155824508320725,1.634787995125356,0.8130277374909672,0.16202723146747353,0.32405446293494705,0.26488017288642307,0.4226061067869206,0,0,6610,6611 days 00:00:00,1000.0,1920.97720631873,92.09772063187299,164.58249779007096,100.0,145.74466944629913,47.854579668311075,4498 days 00:00:00,51,0,0.0,29.526921324720984,-15.184997664900335,7.249802011072946,-4.682102772815683,93 days 15:06:40,68 days 04:00:00,18.058376594484912,0.30299038933091865,0.07669291776821174,1.0584622996729982,-0.07611903722318049,26.010863434225314,0.9482859966615819,0.49875311720698245,-0.013415917778609733,None,None,0.00013505899916057285,0.03403486778846436,0.9209772063187227,0.025197128848718053,0.13518900653714774,-0.4404160717663557,9574.007936507936,0.022491388295159398,81 days 15:31:45.882352941
Least Sharpe Ratio,XLU,true,80,98,false,49,57.14285714285714,1.6665219213845215,0.007413010590015128,1.4952126745544954,0.7711540778693289,0.1556732223903177,0.3113464447806354,0.23276457520674368,0.4006127027649513,0,0,6610,6611 days 00:00:00,1000.0,1843.26323644156,84.32632364415599,164.58249779007096,100.0,124.67935302853022,36.70048157191747,1597 days 00:00:00,49,0,0.0,25.91712355296997,-10.854964645126223,6.188723879424777,-4.762802265272546,112 days 17:08:34.285714286,44 days 21:42:51.428571428,17.20945380492979,0.28641826778117835,0.09356842925481443,1.0562004740063318,0.010610600695289022,25.60870737762938,0.9457928388881854,0.48595189930321414,-0.013689681941265837,None,None,0.00013031028865668817,0.03283819274148542,0.8432632364415542,0.023584581649981562,0.13798271803029905,-0.48763492609210307,9574.007936507936,0.02247336832066905,83 days 15:40:24.489795918
Least Avg Winning Trade [%],XLU,true,108,109,false,169,53.84615384615385,1.372023190538635,0.02556732223903177,0.47488411119856444,0.41919152312609725,0.5369137670196672,1.0738275340393344,0.25497181704140776,0.4266406577679527,0,0,6610,6611 days 00:00:00,1000.0,1939.9511506395945,93.99511506395946,164.58249779007096,100.0,470.68180738277323,42.46417904787649,4360 days 00:00:00,169,0,0.0,25.263141076849333,-12.048601106155738,2.7793821251286763,-2.213696905053233,26 days 05:32:18.461538461,22 days 02:27:41.538461538,5.561841128044932,0.3056338749634278,0.0877534891838229,1.0593986897136907,-0.040710968623017395,26.432896401611174,0.9939438507611266,0.4936737460460912,-0.013331138246230553,None,None,0.00013688580356954885,0.03449522249952631,0.9399511506396001,0.025581297120283564,0.1358324783515713,-0.42888754074049507,9574.007936507936,0.01997202672275419,24 days 07:48:38.343195264
Least Best Trade [%],XLU,true,19,28,true,140,49.64028776978417,1.2777799585287475,0.02102874432677761,0.5978351571363709,0.486503430149895,0.44478063540090773,0.8863842662632375,0.2659055010561166,0.4545268029173282,0,0,6610,6611 days 00:00:00,1000.0,1949.7766090142993,94.97766090142993,164.58249779007096,100.0,444.7333171603302,35.36956880554629,1156 days 00:00:00,139,1,-1.9497766090141795,16.222666938063686,-11.8175277759415,4.288687860795206,-3.0402910793273388,38 days 00:20:52.173913043,17 days 05:29:08.571428571,6.846952414556199,0.32358722078991903,0.10617364321617621,1.0627834797314981,0.046273191572646415,11.784314591277884,1.0062355770307168,0.43717391304347825,-0.012619305112541867,None,None,0.00013084001277334834,0.03297168321888378,0.9497766090142941,0.025778816551670136,0.12262977134735448,-0.42291761167353115,9574.007936507936,0.018537743416984557,27 days 13:07:20.287769783
Least Omega Ratio,XLU,true,16,36,false,93,50.53763440860215,1.297849580409145,0.014069591527987898,0.7757704564801415,0.6427148149932426,0.29546142208774584,0.5909228441754917,0.22921024228528236,0.4057919416134869,0,0,6610,6611 days 00:00:00,1000.0,1780.9883490553607,78.09883490553607,164.58249779007096,100.0,297.84814222183076,37.118012312752576,1352 days 00:00:00,93,0,0.0,20.399272530812773,-13.322907767792195,4.949534821369577,-3.4887279163416727,59 days 19:54:53.617021277,24 days 17:13:02.608695652,8.397724183390974,0.289381309505668,0.08723315680930177,1.054664012095966,0.024281935159108595,10.022923141695312,0.9757678142799049,0.4564882132628332,-0.013021271347950055,None,None,0.00011728615173101369,0.02955611023621545,0.78098834905535,0.022244472957760664,0.12292011614783513,-0.5254730244454483,9574.007936507936,0.014845122932942678,42 days 11:05:48.387096773
Least Total Return [%],XLU,true,24,30,false,148,52.02702702702703,1.2412781562344741,0.022390317700453858,0.4864635285057539,0.41490575647920974,0.470196671709531,0.940393343419062,0.22873353201148006,0.40640493923955995,0,0,6610,6611 days 00:00:00,1000.0,1773.1431587591023,77.31431587591024,164.58249779007096,100.0,461.1341187739326,37.50981751314661,2181 days 00:00:00,148,0,0.0,18.802113459399344,-13.189251517633844,3.6575332063311214,-2.9525838685724617,32 days 16:49:52.207792208,18 days 08:47:19.436619718,5.223940261885829,0.2905535675841345,0.0856512102875934,1.055909256445736,-0.045854451356809746,11.33805054393527,1.0116053715598994,0.43436754176610975,-0.012563016620337014,None,None,0.0001154782863015858,0.02910052814799962,0.7731431587591018,0.022072463509110074,0.1205371227708886,-0.5302397465462788,9574.007936507936,0.014752937215237447,25 days 19:47:01.621621620
Least Profit Factor,XLU,true,24,30,false,148,52.02702702702703,1.2412781562344741,0.022390317700453858,0.4864635285057539,0.41490575647920974,0.470196671709531,0.940393343419062,0.22873353201148006,0.40640493923955995,0,0,6610,6611 days 00:00:00,1000.0,1773.1431587591023,77.31431587591024,164.58249779007096,100.0,461.1341187739326,37.50981751314661,2181 days 00:00:00,148,0,0.0,18.802113459399344,-13.189251517633844,3.6575332063311214,-2.9525838685724617,32 days 16:49:52.207792208,18 days 08:47:19.436619718,5.223940261885829,0.2905535675841345,0.0856512102875934,1.055909256445736,-0.045854451356809746,11.33805054393527,1.0116053715598994,0.43436754176610975,-0.012563016620337014,None,None,0.0001154782863015858,0.02910052814799962,0.7731431587591018,0.022072463509110074,0.1205371227708886,-0.5302397465462788,9574.007936507936,0.014752937215237447,25 days 19:47:01.621621620
Least Expectancy,XLU,true,24,30,false,148,52.02702702702703,1.2412781562344741,0.022390317700453858,0.4864635285057539,0.41490575647920974,0.470196671709531,0.940393343419062,0.22873353201148006,0.40640493923955995,0,0,6610,6611 days 00:00:00,1000.0,1773.1431587591023,77.31431587591024,164.58249779007096,100.0,461.1341187739326,37.50981751314661,2181 days 00:00:00,148,0,0.0,18.802113459399344,-13.189251517633844,3.6575332063311214,-2.9525838685724617,32 days 16:49:52.207792208,18 days 08:47:19.436619718,5.223940261885829,0.2905535675841345,0.0856512102875934,1.055909256445736,-0.045854451356809746,11.33805054393527,1.0116053715598994,0.43436754176610975,-0.012563016620337014,None,None,0.0001154782863015858,0.02910052814799962,0.7731431587591018,0.022072463509110074,0.1205371227708886,-0.5302397465462788,9574.007936507936,0.014752937215237447,25 days 19:47:01.621621620
Least Win Rate [%],XLU,true,16,35,false,93,44.086021505376344,1.296462039069911,0.014069591527987898,0.7927528164813256,0.5729396346859571,0.29546142208774584,0.5909228441754917,0.23422787452163824,0.4069199153253044,0,0,6610,6611 days 00:00:00,1000.0,1793.2007587018093,79.32007587018093,164.58249779007096,100.0,296.90465706295606,36.39682624374479,1289 days 00:00:00,93,0,0.0,20.141238208389563,-13.322907767792191,5.80226825536728,-3.1570574334095234,63 days 17:33:39.512195122,25 days 15:13:50.769230769,8.5290404161485,0.2914580910106969,0.09003202321072468,1.0552701395001032,-0.05704400926308428,10.418604059273878,0.9708891938560663,0.4577728776185226,-0.012874875674904963,None,None,0.00011854529478110454,0.029873414284838345,0.7932007587018097,0.022510790787321655,0.12335447450576144,-0.5180527885088022,9574.007936507936,0.012584256722731085,42 days 10:19:21.290322579
