Metric Type,Ticker,Strategy Type,Short Window,Long Window,Signal Window,Signal Entry,Signal Exit,Total Open Trades,Total Trades,Score,Win Rate [%],Profit Factor,Expectancy per Trade,Sortino Ratio,Beats BNH [%],Avg Trade Duration,Trades Per Day,Trades per Month,Signals per Month,Expectancy per Month,Start,End,Period,Start Value,End Value,Total Return [%],Benchmark Return [%],Max Gross Exposure [%],Total Fees Paid,Max Drawdown [%],Max Drawdown Duration,Total Closed Trades,Open Trade PnL,Best Trade [%],Worst Trade [%],Avg Winning Trade [%],Avg Losing Trade [%],Avg Winning Trade Duration,Avg Losing Trade Duration,Expectancy,Sharpe Ratio,Calmar Ratio,Omega Ratio,Skew,Kurtosis,Tail Ratio,Common Sense Ratio,Value at Risk,Alpha,Beta,Daily Returns,Annual Returns,Cumulative Returns,Annualized Return,Annualized Volatility,Signal Count,Position Count,Total Period,Allocation [%],Stop Loss [%]
Most Total Return [%],WELL,SMA,64,74,0,true,false,1,113,1.5936878214863668,56.25,4.5600976541488505,4.020895895463843,0.9819238401884356,0.8538212226565204,60 days 00:38:34.285714286,0.006780011170299017,0.20806663743971943,0.41429197720298117,0.8366142884643314,0,11405,11406 days 00:00:00,1000.0,42833.61282484183,4183.361282484183,2256.615271935143,100.0,1336.8756554630913,35.64266194746387,1216 days 00:00:00,112,-42.833612824833835,56.558538485490736,-15.855970149253704,10.623842110303878,-4.468606380759059,80 days 10:17:08.571428572,33 days 19:06:07.346938775,373.8968431934523,0.6751431192173125,0.3584582793967012,1.1429617431623893,0.44042819320418053,19.293565035416712,1.0051116563802236,1.1371490280777536,-0.0170264418988322,,,0.0003903163955786643,0.0983597316858234,41.83361282484152,0.0865558530412569,0.1753346098603072,6724,224,16519.146825396823,0.8264462809917356,
Most Sharpe Ratio,WELL,SMA,64,74,0,true,false,1,113,1.5936878214863668,56.25,4.5600976541488505,4.020895895463843,0.9819238401884356,0.8538212226565204,60 days 00:38:34.285714286,0.006780011170299017,0.20806663743971943,0.41429197720298117,0.8366142884643314,0,11405,11406 days 00:00:00,1000.0,42833.61282484183,4183.361282484183,2256.615271935143,100.0,1336.8756554630913,35.64266194746387,1216 days 00:00:00,112,-42.833612824833835,56.558538485490736,-15.855970149253704,10.623842110303878,-4.468606380759059,80 days 10:17:08.571428572,33 days 19:06:07.346938775,373.8968431934523,0.6751431192173125,0.3584582793967012,1.1429617431623893,0.44042819320418053,19.293565035416712,1.0051116563802236,1.1371490280777536,-0.0170264418988322,,,0.0003903163955786643,0.0983597316858234,41.83361282484152,0.0865558530412569,0.1753346098603072,6724,224,16519.146825396823,0.8264462809917356,
Most Omega Ratio,WELL,SMA,64,74,0,true,false,1,113,1.5936878214863668,56.25,4.5600976541488505,4.020895895463843,0.9819238401884356,0.8538212226565204,60 days 00:38:34.285714286,0.006780011170299017,0.20806663743971943,0.41429197720298117,0.8366142884643314,0,11405,11406 days 00:00:00,1000.0,42833.61282484183,4183.361282484183,2256.615271935143,100.0,1336.8756554630913,35.64266194746387,1216 days 00:00:00,112,-42.833612824833835,56.558538485490736,-15.855970149253704,10.623842110303878,-4.468606380759059,80 days 10:17:08.571428572,33 days 19:06:07.346938775,373.8968431934523,0.6751431192173125,0.3584582793967012,1.1429617431623893,0.44042819320418053,19.293565035416712,1.0051116563802236,1.1371490280777536,-0.0170264418988322,,,0.0003903163955786643,0.0983597316858234,41.83361282484152,0.0865558530412569,0.1753346098603072,6724,224,16519.146825396823,0.8264462809917356,
Most Sortino Ratio,WELL,SMA,64,74,0,true,false,1,113,1.5936878214863668,56.25,4.5600976541488505,4.020895895463843,0.9819238401884356,0.8538212226565204,60 days 00:38:34.285714286,0.006780011170299017,0.20806663743971943,0.41429197720298117,0.8366142884643314,0,11405,11406 days 00:00:00,1000.0,42833.61282484183,4183.361282484183,2256.615271935143,100.0,1336.8756554630913,35.64266194746387,1216 days 00:00:00,112,-42.833612824833835,56.558538485490736,-15.855970149253704,10.623842110303878,-4.468606380759059,80 days 10:17:08.571428572,33 days 19:06:07.346938775,373.8968431934523,0.6751431192173125,0.3584582793967012,1.1429617431623893,0.44042819320418053,19.293565035416712,1.0051116563802236,1.1371490280777536,-0.0170264418988322,,,0.0003903163955786643,0.0983597316858234,41.83361282484152,0.0865558530412569,0.1753346098603072,6724,224,16519.146825396823,0.8264462809917356,
Least Max Drawdown Duration,WELL,SMA,64,74,0,true,false,1,113,1.5936878214863668,56.25,4.5600976541488505,4.020895895463843,0.9819238401884356,0.8538212226565204,60 days 00:38:34.285714286,0.006780011170299017,0.20806663743971943,0.41429197720298117,0.8366142884643314,0,11405,11406 days 00:00:00,1000.0,42833.61282484183,4183.361282484183,2256.615271935143,100.0,1336.8756554630913,35.64266194746387,1216,112,-42.833612824833835,56.558538485490736,-15.855970149253704,10.623842110303878,-4.468606380759059,80 days 10:17:08.571428572,33 days 19:06:07.346938775,373.8968431934523,0.6751431192173125,0.3584582793967012,1.1429617431623893,0.44042819320418053,19.293565035416712,1.0051116563802236,1.1371490280777536,-0.0170264418988322,,,0.0003903163955786643,0.0983597316858234,41.83361282484152,0.0865558530412569,0.1753346098603072,6724,224,16519.146825396823,0.8264462809917356,
Most Profit Factor,WELL,SMA,62,75,0,true,false,1,98,1.5356177874878292,55.670103092783506,5.742558013952082,4.683069603792612,0.9810594857680235,0.8476151422155447,69 days 04:27:12.989690721,0.005871973959991113,0.180447172292854,0.35905304690925033,0.845046667654993,0,11405,11406 days 00:00:00,1000.0,42693.5654658222,4169.356546582219,2256.615271935143,100.0,1122.435022306157,35.65797503981637,1520 days 00:00:00,97,-42.69356546581548,61.52225458508869,-18.169285155723394,12.144704275198826,-4.687355332391936,94 days 14:13:20,37 days 06:41:51.627906977,430.2707116627631,0.6738748299135108,0.3579729059009953,1.1428183922603643,0.45402695112635594,19.2794733977815,1.0022811447850712,1.1402173913043476,-0.01701003681243759,,,0.00039022294105284716,0.09833618114531749,41.69356546582225,0.08647723817485287,0.17562254453567672,6712,194,16519.146825396823,0.8264462809917356,
Most Expectancy,WELL,SMA,62,75,0,true,false,1,98,1.5356177874878292,55.670103092783506,5.742558013952082,4.683069603792612,0.9810594857680235,0.8476151422155447,69 days 04:27:12.989690721,0.005871973959991113,0.180447172292854,0.35905304690925033,0.845046667654993,0,11405,11406 days 00:00:00,1000.0,42693.5654658222,4169.356546582219,2256.615271935143,100.0,1122.435022306157,35.65797503981637,1520 days 00:00:00,97,-42.69356546581548,61.52225458508869,-18.169285155723394,12.144704275198826,-4.687355332391936,94 days 14:13:20,37 days 06:41:51.627906977,430.2707116627631,0.6738748299135108,0.3579729059009953,1.1428183922603643,0.45402695112635594,19.2794733977815,1.0022811447850712,1.1402173913043476,-0.01701003681243759,,,0.00039022294105284716,0.09833618114531749,41.69356546582225,0.08647723817485287,0.17562254453567672,6712,194,16519.146825396823,0.8264462809917356,
Median Max Drawdown Duration,WELL,SMA,66,75,0,true,false,1,115,1.4758984718062929,50.877192982456144,4.198149811606122,3.927209354866368,0.9551945470533767,0.6567629413860261,58 days 22:18:56.842105263,0.0069010827983400705,0.21174923279263483,0.4216571679088119,0.8315835679090118,0,11405,11406 days 00:00:00,1000.0,38386.76555507894,3738.6765555078946,2256.615271935143,100.0,1265.7536612543909,36.16765848917664,2307,114,-38.38676555507118,60.26935094063472,-17.533719269604962,11.831071572104063,-4.258933655844104,84 days 10:20:41.379310345,32 days 12:25:42.857142857,328.290809830123,0.6569881890742216,0.342336915660006,1.1388346538438598,0.43969856308195143,19.111006401241845,1.0033451249125656,1.1350378105869643,-0.017046494008342933,,,0.0003811207809547985,0.09604243680060921,37.38676555507879,0.08392773307994217,0.17593480751101456,6719,228,16519.146825396823,0.8264462809917356,
Mean Total Fees Paid,WELL,SMA,59,75,0,true,false,1,92,1.4488786767856854,51.64835164835166,5.3523843721118025,4.786333764177178,0.940598915366876,0.5570569862347954,73 days 12:07:54.725274724,0.005508759075867951,0.16939938623410786,0.336957474791758,0.8108020019632012,0,11405,11406 days 00:00:00,1000.0,36136.785744107474,3513.678574410747,2256.615271935143,100.0,988.2305066977428,39.87432537674205,1438 days 00:00:00,91,-36.13678574410005,58.27804878048782,-19.528017533023018,13.717925416547319,-4.754230046309109,105 days 11:14:02.553191488,39 days 08:43:38.181818182,386.51563219617117,0.6493287191930402,0.30507133322924174,1.1372579910554526,0.3843743708386402,18.829118033793765,0.9913907184916916,1.1471339905074844,-0.01707121832762639,,,0.00037544889901405473,0.09461312255154179,35.136785744107485,0.0824822106405867,0.17536096471794468,6690,182,16519.146825396823,0.8264462809917356,
Median Avg Winning Trade [%],WELL,SMA,67,75,0,true,false,1,123,1.4269491750624481,50.0,3.6113920459783913,3.556830147109883,0.9304441670586432,0.479558671990987,55 days 03:08:51.147540983,0.007385369310504286,0.22647961420429638,0.451117930732135,0.8055495195076571,0,11405,11406 days 00:00:00,1000.0,34387.9469493894,3338.79469493894,2256.615271935143,100.0,1310.399137155773,36.60343193991184,1364 days 00:00:00,122,-34.38794694938406,60.49460117532247,-14.927272727272708,11.073753818945468,-3.9600935247257016,78 days 17:42:17.704918033,31 days 12:35:24.590163934,273.95356472408844,0.642653617455421,0.32747215393411294,1.135113835054173,0.3746149960143217,18.869254358381756,1.0045127820828097,1.1300143266475646,-0.017026441898832248,,,0.0003708667557028839,0.09345842243712675,33.3879469493895,0.0812965037427591,0.17501998862045284,6727,244,16519.146825396823,0.8264462809917356,
Most Win Rate [%],WELL,SMA,48,85,0,true,false,1,66,1.4211369491412587,56.92307692307692,2.9563022037315787,6.392100354235883,0.7934372266587231,-0.08754834171577203,103 days 18:49:50.769230768,0.00393482791133425,0.12152564664620781,0.24120999561595793,0.7768041289759697,0,11405,11406 days 00:00:00,1000.0,21590.523469867352,2059.0523469867353,2256.615271935143,100.0,579.7112623003495,48.68203433737768,2237 days 00:00:00,65,-21.59052346986573,87.7722382385613,-38.74735237983168,16.66635690323482,-7.1845957997984256,143 days 20:45:24.324324324,50 days 19:42:51.428571428,317.10944605134176,0.5629392692573789,0.2122127815078114,1.1190912099024712,-0.30682340538552133,25.805547063481637,0.9627837433592848,1.1623495074790224,-0.017280617684950133,,,0.00033379477919561243,0.08411628435729433,20.5905234698673,0.07023394965807195,0.1798310571369651,6747,130,16519.146825396823,0.8264462809917356,
Most Best Trade [%],WELL,SMA,48,85,0,true,false,1,66,1.4211369491412587,56.92307692307692,2.9563022037315787,6.392100354235883,0.7934372266587231,-0.08754834171577203,103 days 18:49:50.769230768,0.00393482791133425,0.12152564664620781,0.24120999561595793,0.7768041289759697,0,11405,11406 days 00:00:00,1000.0,21590.523469867352,2059.0523469867353,2256.615271935143,100.0,579.7112623003495,48.68203433737768,2237 days 00:00:00,65,-21.59052346986573,87.7722382385613,-38.74735237983168,16.66635690323482,-7.1845957997984256,143 days 20:45:24.324324324,50 days 19:42:51.428571428,317.10944605134176,0.5629392692573789,0.2122127815078114,1.1190912099024712,-0.30682340538552133,25.805547063481637,0.9627837433592848,1.1623495074790224,-0.017280617684950133,,,0.00033379477919561243,0.08411628435729433,20.5905234698673,0.07023394965807195,0.1798310571369651,6747,130,16519.146825396823,0.8264462809917356,
Least Avg Losing Trade [%],WELL,SMA,48,84,0,true,false,1,67,1.3950509731670953,56.060606060606055,2.7883437441307426,6.2844249757189,0.7882765136298602,-0.10924795206222473,102 days 01:05:27.272727271,0.003995363725354778,0.1233669443226655,0.2448925909688733,0.775290306079482,0,11405,11406 days 00:00:00,1000.0,21100.84674883888,2010.0846748838883,2256.615271935143,100.0,587.3923047904258,47.923521184844176,2243 days 00:00:00,66,-21.100846748835465,83.94047396185304,-38.747352379831675,16.994616389761617,-7.380302000818356,143 days 11:01:37.297297296,49 days 04:57:55.862068965,304.8779938725411,0.5607987754907436,0.21388206056781475,1.1184419613505097,-0.37363059609160504,25.57556858216475,0.9640406968747661,1.1601605253557097,-0.01724137931034481,,,0.0003313637579156317,0.0835036669947392,20.100846748838975,0.0696916313750775,0.17920274290285926,6736,132,16519.146825396823,0.8264462809917356,
Mean Win Rate [%],WELL,SMA,57,75,0,true,false,1,90,1.3734072924669507,50.56179775280899,3.464687496824839,4.306274183091072,0.8256071290901678,-0.059996954664043096,74 days 22:55:16.853932583,0.0053876874478268975,0.16571679088119246,0.3295922840859272,0.7136219382763811,0,11405,11406 days 00:00:00,1000.0,22212.25227770663,2121.225227770663,2256.615271935143,100.0,760.5449254603355,48.526371291342656,1561 days 00:00:00,89,-22.212252277702646,61.812587040809866,-17.36038178302939,13.328720343034767,-4.921227571396798,109 days 17:04:00,39 days 09:49:05.454545454,238.58948910094756,0.5743839545544326,0.2149600156692243,1.12071945528152,0.31085601898401694,18.68565834028414,0.9846243980717518,1.138220277169949,-0.017241379310344827,,,0.0003332042382383476,0.08396746803606359,21.212252277706753,0.07090544132386278,0.17593608356022505,6672,178,16519.146825396823,0.8264462809917356,
Least Max Drawdown [%],WELL,SMA,68,74,0,true,false,1,137,1.3680275058929223,47.794117647058826,3.48671761940675,3.0964421493816165,0.9197054461852616,0.41428780470125814,49 days 14:38:49.411764705,0.008232870706791663,0.2522577816747041,0.5026742656729505,0.7811016276870593,0,11405,11406 days 00:00:00,1000.0,32915.034590004856,3191.503459000486,2256.615271935143,100.0,1364.0155516425637,31.706459726253637,1438 days 00:00:00,136,-32.91503458999796,61.08026553390366,-14.294801980197999,10.2086071159968,-3.414694791885806,70 days 15:08:18.461538462,30 days 08:47:19.436619718,234.9113942984916,0.634256873300129,0.3731048706189637,1.1331740951219464,0.42419633068749846,19.096123161086364,1.008060236039084,1.124113475177305,-0.01706248091900032,,,0.0003674957866093082,0.09260893822554567,31.9150345900048,0.08025119660812896,0.17572513456122993,6748,272,16519.146825396823,0.8264462809917356,
Most Worst Trade [%],WELL,SMA,68,74,0,true,false,1,137,1.3680275058929223,47.794117647058826,3.48671761940675,3.0964421493816165,0.9197054461852616,0.41428780470125814,49 days 14:38:49.411764705,0.008232870706791663,0.2522577816747041,0.5026742656729505,0.7811016276870593,0,11405,11406 days 00:00:00,1000.0,32915.034590004856,3191.503459000486,2256.615271935143,100.0,1364.0155516425637,31.706459726253637,1438 days 00:00:00,136,-32.91503458999796,61.08026553390366,-14.294801980197999,10.2086071159968,-3.414694791885806,70 days 15:08:18.461538462,30 days 08:47:19.436619718,234.9113942984916,0.634256873300129,0.3731048706189637,1.1331740951219464,0.42419633068749846,19.096123161086364,1.008060236039084,1.124113475177305,-0.01706248091900032,,,0.0003674957866093082,0.09260893822554567,31.9150345900048,0.08025119660812896,0.17572513456122993,6748,272,16519.146825396823,0.8264462809917356,
Most Calmar Ratio,WELL,SMA,68,74,0,true,false,1,137,1.3680275058929223,47.794117647058826,3.48671761940675,3.0964421493816165,0.9197054461852616,0.41428780470125814,49 days 14:38:49.411764705,0.008232870706791663,0.2522577816747041,0.5026742656729505,0.7811016276870593,0,11405,11406 days 00:00:00,1000.0,32915.034590004856,3191.503459000486,2256.615271935143,100.0,1364.0155516425637,31.706459726253637,1438 days 00:00:00,136,-32.91503458999796,61.08026553390366,-14.294801980197999,10.2086071159968,-3.414694791885806,70 days 15:08:18.461538462,30 days 08:47:19.436619718,234.9113942984916,0.634256873300129,0.3731048706189637,1.1331740951219464,0.42419633068749846,19.096123161086364,1.008060236039084,1.124113475177305,-0.01706248091900032,,,0.0003674957866093082,0.09260893822554567,31.9150345900048,0.08025119660812896,0.17572513456122993,6748,272,16519.146825396823,0.8264462809917356,
Most Avg Winning Trade Duration,WELL,SMA,48,87,0,true,false,1,66,1.3452089940730227,50.76923076923077,3.4286588379151404,6.4782313524824335,0.8279458260234226,0.019380395524490848,103 days 19:12:00,0.00393482791133425,0.12152564664620781,0.24120999561595793,0.7872712542341651,0,11405,11406 days 00:00:00,1000.0,24003.49368451853,2300.3493684518526,2256.615271935143,100.0,592.1268739219181,39.2892808419813,1538 days 00:00:00,65,-24.00349368451498,84.47879254533261,-26.819244109411112,18.530522462460706,-5.950693854682659,155,50 days 12:00:00,354.2691873569699,0.5816526576853479,0.2724824871245823,1.1223331591345767,0.053055269304070105,20.380036443965402,0.9685502372669904,1.1587764020393299,-0.01724137931034488,,,0.00034170011119593756,0.08610842802137626,23.003493684518723,0.07274198890820194,0.17816734402575146,6748,130,16519.146825396823,0.8264462809917356,
Mean Total Return [%],WELL,SMA,49,76,0,true,false,1,76,1.3278556594884812,54.666666666666664,2.263652022239397,4.944844646052728,0.7252019316933106,-0.3360273703561419,89 days 14:43:12,0.00454018605153952,0.13993862341078475,0.2780359491451118,0.6919747527488079,0,11405,11406 days 00:00:00,1000.0,15983.30776201267,1498.3307762012669,2256.615271935143,100.0,674.3840180543956,51.384594114814675,1544 days 00:00:00,75,-15.983307762011464,79.34547753199357,-44.77391817908965,14.593637382879349,-6.690464242473489,127 days 04:40:58.536585366,44 days 07:03:31.764705882,199.99054759699567,0.5172425415758138,0.18048865551444682,1.1090253286876264,-0.3721363485970637,25.086390804585793,0.9624642830374783,1.1522768670309653,-0.017543859649122757,,,0.0003080068859043427,0.07761773524789436,14.983307762012611,0.06314713164835117,0.18059798126052465,6722,150,16519.146825396823,0.8264462809917356,
Mean Expectancy,WELL,SMA,69,73,0,true,false,1,165,1.3255396864018705,51.21951219512195,2.853645680213361,2.4183818404843267,0.8712638914809447,0.1558728703210477,41 days 03:13:10.243902439,0.009927873499366417,0.30381411661551955,0.6057869355545813,0.73473854250576,0,11405,11406 days 00:00:00,1000.0,27083.603715819856,2608.3603715819854,2256.615271935143,100.0,1668.9586063267031,41.50531705795915,1437 days 00:00:00,164,-27.083603715815116,52.300631811263735,-16.945420255339556,8.155584855827092,-3.6056813256255773,56 days 16:00:00,24 days 19:48:00,159.2115080459492,0.6014917007333844,0.268258889071629,1.1260375989951736,0.41485671091670034,18.80820616179558,1.017846881519028,1.1062937062937062,-0.01715125467590709,,,0.00035142457369379297,0.08855899257083583,26.0836037158197,0.07560718166892899,0.17719407254857705,6747,328,16519.146825396823,0.8264462809917356,
Least Total Fees Paid,WELL,SMA,48,83,0,true,false,1,68,1.3249174217037982,52.23880597014925,2.8448074709002236,6.082214089267559,0.7710158419196911,-0.18174855453681182,100 days 11:06:16.119402984,0.004055899539375305,0.1252082419991232,0.2485751863217887,0.7615433335794892,0,11405,11406 days 00:00:00,1000.0,19464.78708115236,1846.4787081152363,2256.615271935143,100.0,544.663818751802,47.34892065215962,2259 days 00:00:00,67,-19.464787081149552,85.46539649999207,-39.364289957564885,17.847980909498432,-6.786593370359954,144 days 19:12:00,51 days 23:15:00,275.8843562422911,0.5485772389023443,0.2104717760245845,1.1156580524656545,-0.3698853106169694,25.49983099385647,0.9649124447466771,1.1562272396212672,-0.01733829673947964,,,0.000324377742113135,0.08174319101251001,18.464787081152284,0.06778597257400576,0.1793328972393606,6732,134,16519.146825396823,0.8264462809917356,
Median Worst Trade [%],WELL,SMA,48,82,0,true,false,1,66,1.3205302823216651,50.76923076923077,3.006863875944877,6.55909970214365,0.8056858949251224,-0.02480800328760679,103 days 15:30:27.692307691,0.00393482791133425,0.12152564664620781,0.24120999561595793,0.7970988327199561,0,11405,11406 days 00:00:00,1000.0,23006.331528501123,2200.6331528501123,2256.615271935143,100.0,588.4896151928374,46.84562143057745,2234 days 00:00:00,65,-23.006331528496958,85.46539649999208,-39.36428995756489,19.25466212017359,-6.533199041449726,150 days 21:49:05.454545454,54 days 21:45:00,338.91289015430175,0.5726376565944634,0.22532368895163668,1.1209545262245653,-0.367930813264447,25.316004342455297,0.9665589028011842,1.159737417943107,-0.017338296739479602,,,0.0003392981647591806,0.08550313751931352,22.006331528501107,0.0717368381511907,0.1797000961223807,6738,130,16519.146825396823,0.8264462809917356,
Most Avg Winning Trade [%],WELL,SMA,48,82,0,true,false,1,66,1.3205302823216651,50.76923076923077,3.006863875944877,6.55909970214365,0.8056858949251224,-0.02480800328760679,103 days 15:30:27.692307691,0.00393482791133425,0.12152564664620781,0.24120999561595793,0.7970988327199561,0,11405,11406 days 00:00:00,1000.0,23006.331528501123,2200.6331528501123,2256.615271935143,100.0,588.4896151928374,46.84562143057745,2234 days 00:00:00,65,-23.006331528496958,85.46539649999208,-39.36428995756489,19.25466212017359,-6.533199041449726,150 days 21:49:05.454545454,54 days 21:45:00,338.91289015430175,0.5726376565944634,0.22532368895163668,1.1209545262245653,-0.367930813264447,25.316004342455297,0.9665589028011842,1.159737417943107,-0.017338296739479602,,,0.0003392981647591806,0.08550313751931352,22.006331528501107,0.0717368381511907,0.1797000961223807,6738,130,16519.146825396823,0.8264462809917356,
Most Avg Losing Trade Duration,WELL,SMA,48,82,0,true,false,1,66,1.3205302823216651,50.76923076923077,3.006863875944877,6.55909970214365,0.8056858949251224,-0.02480800328760679,103 days 15:30:27.692307691,0.00393482791133425,0.12152564664620781,0.24120999561595793,0.7970988327199561,0,11405,11406 days 00:00:00,1000.0,23006.331528501123,2200.6331528501123,2256.615271935143,100.0,588.4896151928374,46.84562143057745,2234 days 00:00:00,65,-23.006331528496958,85.46539649999208,-39.36428995756489,19.25466212017359,-6.533199041449726,150 days 21:49:05.454545454,54,338.91289015430175,0.5726376565944634,0.22532368895163668,1.1209545262245653,-0.367930813264447,25.316004342455297,0.9665589028011842,1.159737417943107,-0.017338296739479602,,,0.0003392981647591806,0.08550313751931352,22.006331528501107,0.0717368381511907,0.1797000961223807,6738,130,16519.146825396823,0.8264462809917356,
Least Total Trades,WELL,SMA,48,81,0,true,false,1,65,1.3129272342058327,53.125,2.6948046840693705,6.384166092335747,0.7707751928955309,-0.17419661049770174,105 days 02:37:30.000000001,0.0038742920973137236,0.11968434896975011,0.23752740026304253,0.7640847624759574,0,11405,11406 days 00:00:00,1000.0,19635.205403666914,1863.5205403666916,2256.615271935143,100.0,575.7795952394275,51.03666862445313,1544 days 00:00:00,64,-19.635205403665168,83.94047396185302,-43.23175165016843,18.010587440354318,-6.792444768751967,150 days 17:38:49.411764708,53 days 09:36:00,291.48188451672775,0.5491073924694743,0.19586488040557454,1.115905131110589,-0.38828898067524303,25.37160526660677,0.9638802125865392,1.157721796276013,-0.017280617684950116,,,0.000325452164415301,0.08201394543265585,18.635205403666912,0.06799164002442781,0.17975317753984862,6728,128,16519.146825396823,0.8264462809917356,
Median Calmar Ratio,WELL,SMA,48,77,0,true,false,1,76,1.278511914103379,53.333333333333336,2.1592203979633458,4.875756278882973,0.7122768654990034,-0.3766825163703875,89 days 15:21:35.999999999,0.00454018605153952,0.13993862341078475,0.2780359491451118,0.6823066217533735,0,11405,11406 days 00:00:00,1000.0,15065.87752822767,1406.587752822767,2256.615271935143,100.0,671.7070156028371,54.402691336980254,1548 days 00:00:00,75,-15.065877528226338,77.87084671063957,-47.111367635284815,14.777968493149643,-6.441057680278934,127 days 10:12:00,46 days 10:58:17.142857142,187.74591207674524,0.5087008939677435,0.16667969230433405,1.1069168417411104,-0.39249456719018494,24.99057866416066,0.9617302142687499,1.1509639869043287,-0.017543859649122848,,,0.0003027669035804612,0.07629725970227623,14.065877528227588,0.06175955733635874,0.18050639846394825,6724,150,16519.146825396823,0.8264462809917356,
Median Max Drawdown [%],WELL,SMA,49,77,0,true,false,1,76,1.2755060557765838,53.333333333333336,2.15778228467422,4.832175192257535,0.7006671471559205,-0.41018693058060873,89 days 16:19:11.999999999,0.00454018605153952,0.13993862341078475,0.2780359491451118,0.6762079444842636,0,11405,11406 days 00:00:00,1000.0,14309.811800387411,1330.981180038741,2256.615271935143,100.0,649.735164617338,51.62727210277603,1571 days 00:00:00,75,-14.309811800385432,79.34547753199358,-44.77391817908967,14.867613256002803,-6.6368968805941995,129 days 13:12:00,44 days 02:44:34.285714285,177.65495482917066,0.5009228411582598,0.1721622930026733,1.1052734625838183,-0.40282751125046184,24.988665616737844,0.9609554290564366,1.1501818181818182,-0.017568462874010312,,,0.0002983500588204805,0.0751842148227611,13.309811800387353,0.06055245589245417,0.18063503819556542,6727,150,16519.146825396823,0.8264462809917356,
Mean Calmar Ratio,WELL,SMA,49,77,0,true,false,1,76,1.2755060557765838,53.333333333333336,2.15778228467422,4.832175192257535,0.7006671471559205,-0.41018693058060873,89 days 16:19:11.999999999,0.00454018605153952,0.13993862341078475,0.2780359491451118,0.6762079444842636,0,11405,11406 days 00:00:00,1000.0,14309.811800387411,1330.981180038741,2256.615271935143,100.0,649.735164617338,51.62727210277603,1571 days 00:00:00,75,-14.309811800385432,79.34547753199358,-44.77391817908967,14.867613256002803,-6.6368968805941995,129 days 13:12:00,44 days 02:44:34.285714285,177.65495482917066,0.5009228411582598,0.1721622930026733,1.1052734625838183,-0.40282751125046184,24.988665616737844,0.9609554290564366,1.1501818181818182,-0.017568462874010312,,,0.0002983500588204805,0.0751842148227611,13.309811800387353,0.06055245589245417,0.18063503819556542,6727,150,16519.146825396823,0.8264462809917356,
Median Sortino Ratio,WELL,SMA,49,77,0,true,false,1,76,1.2755060557765838,53.333333333333336,2.15778228467422,4.832175192257535,0.7006671471559205,-0.41018693058060873,89 days 16:19:11.999999999,0.00454018605153952,0.13993862341078475,0.2780359491451118,0.6762079444842636,0,11405,11406 days 00:00:00,1000.0,14309.811800387411,1330.981180038741,2256.615271935143,100.0,649.735164617338,51.62727210277603,1571 days 00:00:00,75,-14.309811800385432,79.34547753199358,-44.77391817908967,14.867613256002803,-6.6368968805941995,129 days 13:12:00,44 days 02:44:34.285714285,177.65495482917066,0.5009228411582598,0.1721622930026733,1.1052734625838183,-0.40282751125046184,24.988665616737844,0.9609554290564366,1.1501818181818182,-0.017568462874010312,,,0.0002983500588204805,0.0751842148227611,13.309811800387353,0.06055245589245417,0.18063503819556542,6727,150,16519.146825396823,0.8264462809917356,
Median Profit Factor,WELL,SMA,50,72,0,true,false,1,87,1.2550182269343668,51.162790697674424,2.143580734688029,4.0271671536336004,0.7093635097323457,-0.38293023591321296,77 days 21:46:02.790697675,0.005206080005765316,0.1601928978518194,0.3185444980271811,0.6451235764742296,0,11405,11406 days 00:00:00,1000.0,14924.890534876597,1392.4890534876595,2256.615271935143,100.0,801.0410628812126,54.28514417772041,1903 days 00:00:00,86,-14.924890534874066,49.124190602080866,-40.96491930657845,12.83650042437778,-5.201658177622209,115 days 08:43:38.181818182,38 days 16:00:00,162.09087703966824,0.5039787263933951,0.16643620075961132,1.107036849516214,-0.267458250777996,25.34493399368375,0.9665445775833377,1.1453551912568303,-0.017575347934535582,,,0.0003033723036232677,0.07644982051306345,13.92489053487658,0.06153902468349837,0.18256201782193726,6701,172,16519.146825396823,0.8264462809917356,
Median Total Return [%],WELL,SMA,49,73,0,true,false,1,88,1.2499448075936292,51.724137931034484,2.0998757272881052,3.9230008795759055,0.694853728371858,-0.42685651368979377,77 days 01:06:12.413793103,0.005266615819785843,0.16203419552827708,0.3222270933800965,0.6356602915788052,0,11405,11406 days 00:00:00,1000.0,13933.643442177621,1293.364344217762,2256.615271935143,100.0,764.7207415960513,52.96315172862725,2325 days 00:00:00,87,-13.933643442176617,53.26397452248413,-40.96491930657845,12.631851140032346,-5.407910113770282,113 days 00:32:00,38 days 12:00:00,148.82272512206666,0.494534186298887,0.16606800619054343,1.1047337141100715,-0.28766127640715766,25.45119843224394,0.9651071602149295,1.1446746637586331,-0.01757534793453552,,,0.00029709001072009616,0.07486668270146424,12.933643442177559,0.059928445757451154,0.1821958300857771,6704,174,16519.146825396823,0.8264462809917356,
Mean Max Drawdown [%],WELL,SMA,49,73,0,true,false,1,88,1.2499448075936292,51.724137931034484,2.0998757272881052,3.9230008795759055,0.694853728371858,-0.42685651368979377,77 days 01:06:12.413793103,0.005266615819785843,0.16203419552827708,0.3222270933800965,0.6356602915788052,0,11405,11406 days 00:00:00,1000.0,13933.643442177621,1293.364344217762,2256.615271935143,100.0,764.7207415960513,52.96315172862725,2325 days 00:00:00,87,-13.933643442176617,53.26397452248413,-40.96491930657845,12.631851140032346,-5.407910113770282,113 days 00:32:00,38 days 12:00:00,148.82272512206666,0.494534186298887,0.16606800619054343,1.1047337141100715,-0.28766127640715766,25.45119843224394,0.9651071602149295,1.1446746637586331,-0.01757534793453552,,,0.00029709001072009616,0.07486668270146424,12.933643442177559,0.059928445757451154,0.1821958300857771,6704,174,16519.146825396823,0.8264462809917356,
Median Expectancy,WELL,SMA,49,73,0,true,false,1,88,1.2499448075936292,51.724137931034484,2.0998757272881052,3.9230008795759055,0.694853728371858,-0.42685651368979377,77 days 01:06:12.413793103,0.005266615819785843,0.16203419552827708,0.3222270933800965,0.6356602915788052,0,11405,11406 days 00:00:00,1000.0,13933.643442177621,1293.364344217762,2256.615271935143,100.0,764.7207415960513,52.96315172862725,2325 days 00:00:00,87,-13.933643442176617,53.26397452248413,-40.96491930657845,12.631851140032346,-5.407910113770282,113 days 00:32:00,38 days 12:00:00,148.82272512206666,0.494534186298887,0.16606800619054343,1.1047337141100715,-0.28766127640715766,25.45119843224394,0.9651071602149295,1.1446746637586331,-0.01757534793453552,,,0.00029709001072009616,0.07486668270146424,12.933643442177559,0.059928445757451154,0.1821958300857771,6704,174,16519.146825396823,0.8264462809917356,
Median Sharpe Ratio,WELL,SMA,49,73,0,true,false,1,88,1.2499448075936292,51.724137931034484,2.0998757272881052,3.9230008795759055,0.694853728371858,-0.42685651368979377,77 days 01:06:12.413793103,0.005266615819785843,0.16203419552827708,0.3222270933800965,0.6356602915788052,0,11405,11406 days 00:00:00,1000.0,13933.643442177621,1293.364344217762,2256.615271935143,100.0,764.7207415960513,52.96315172862725,2325 days 00:00:00,87,-13.933643442176617,53.26397452248413,-40.96491930657845,12.631851140032346,-5.407910113770282,113 days 00:32:00,38 days 12:00:00,148.82272512206666,0.494534186298887,0.16606800619054343,1.1047337141100715,-0.28766127640715766,25.45119843224394,0.9651071602149295,1.1446746637586331,-0.01757534793453552,,,0.00029709001072009616,0.07486668270146424,12.933643442177559,0.059928445757451154,0.1821958300857771,6704,174,16519.146825396823,0.8264462809917356,
Most Total Fees Paid,WELL,SMA,71,73,0,true,false,1,252,1.2466194943899684,52.191235059760956,2.3426577931944976,1.6289388324718614,0.9015488381151122,0.3297080718895575,26 days 19:30:21.513944222,0.01519448931915226,0.4640070144673389,0.9261727312582201,0.7558390444051811,0,11405,11406 days 00:00:00,1000.0,31006.395422414083,3000.6395422414084,2256.615271935143,100.0,3220.76235972186,48.01396212134431,2294 days 00:00:00,251,-31.006395422409696,52.70173508587968,-15.628801918949623,5.813423924901944,-2.9391240600976443,35 days 06:24:43.969465649,17 days 14:00:00,119.67092357703777,0.6177551100367838,0.24193515480831176,1.1304433692080873,0.5909650402271319,20.8152316928981,1.0545794900462953,1.0719375636240245,-0.017145148469649197,,,0.00036441724387108345,0.09183314545551303,30.00639542241407,0.07882643620710295,0.1789077999811384,6731,502,16519.146825396823,0.8264462809917356,
Mean Profit Factor,WELL,SMA,71,73,0,true,false,1,252,1.2466194943899684,52.191235059760956,2.3426577931944976,1.6289388324718614,0.9015488381151122,0.3297080718895575,26 days 19:30:21.513944222,0.01519448931915226,0.4640070144673389,0.9261727312582201,0.7558390444051811,0,11405,11406 days 00:00:00,1000.0,31006.395422414083,3000.6395422414084,2256.615271935143,100.0,3220.76235972186,48.01396212134431,2294 days 00:00:00,251,-31.006395422409696,52.70173508587968,-15.628801918949623,5.813423924901944,-2.9391240600976443,35 days 06:24:43.969465649,17 days 14:00:00,119.67092357703777,0.6177551100367838,0.24193515480831176,1.1304433692080873,0.5909650402271319,20.8152316928981,1.0545794900462953,1.0719375636240245,-0.017145148469649197,,,0.00036441724387108345,0.09183314545551303,30.00639542241407,0.07882643620710295,0.1789077999811384,6731,502,16519.146825396823,0.8264462809917356,
Median Win Rate [%],WELL,SMA,50,73,0,true,false,1,87,1.2358266746947266,50.0,2.139950714787689,3.9727026112113504,0.6935178926626178,-0.43125273644510864,78 days 00:33:29.302325581,0.005206080005765316,0.1601928978518194,0.3185444980271811,0.6363987435934361,0,11405,11406 days 00:00:00,1000.0,13834.437608092896,1283.4437608092896,2256.615271935143,100.0,726.2104939469507,52.96315172862725,1904 days 00:00:00,86,-13.83443760809132,54.53861057678957,-40.96491930657845,13.298239058043537,-5.352833835620836,118 days 01:40:27.906976744,37 days 23:26:30.697674418,149.39851215931375,0.4931695131617189,0.16559836077692944,1.1045128965986588,-0.2731638846212372,25.412697061195036,0.9642572906813716,1.1454545454545455,-0.017552177440624726,,,0.000296606563071391,0.07474485389399053,12.834437608093017,0.05976113162367436,0.18240268951200833,6711,172,16519.146825396823,0.8264462809917356,
Mean Best Trade [%],WELL,SMA,50,73,0,true,false,1,87,1.2358266746947266,50.0,2.139950714787689,3.9727026112113504,0.6935178926626178,-0.43125273644510864,78 days 00:33:29.302325581,0.005206080005765316,0.1601928978518194,0.3185444980271811,0.6363987435934361,0,11405,11406 days 00:00:00,1000.0,13834.437608092896,1283.4437608092896,2256.615271935143,100.0,726.2104939469507,52.96315172862725,1904 days 00:00:00,86,-13.83443760809132,54.53861057678957,-40.96491930657845,13.298239058043537,-5.352833835620836,118 days 01:40:27.906976744,37 days 23:26:30.697674418,149.39851215931375,0.4931695131617189,0.16559836077692944,1.1045128965986588,-0.2731638846212372,25.412697061195036,0.9642572906813716,1.1454545454545455,-0.017552177440624726,,,0.000296606563071391,0.07474485389399053,12.834437608093017,0.05976113162367436,0.18240268951200833,6711,172,16519.146825396823,0.8264462809917356,
Median Total Fees Paid,WELL,SMA,55,73,0,true,false,1,96,1.2315234954446501,49.473684210526315,2.1942226757735437,3.704240096523271,0.7057662239619369,-0.3974518985092493,70 days 07:34:44.210526315,0.005750902331950059,0.17676457693993863,0.3516878562034196,0.6547784335458935,0,11405,11406 days 00:00:00,1000.0,14597.192478995546,1359.7192478995546,2256.615271935143,100.0,774.2536109776643,49.9445603890251,2383 days 00:00:00,95,-14.597192478993747,59.86829125705254,-38.033948985386424,12.725065872190655,-5.1286518088177075,104 days 03:03:49.787234042,37 days 05:00:00,143.2819965418372,0.5028683015232169,0.17935039470166256,1.1069386883189523,-0.35873051322126476,25.425335637540513,0.9720670412932054,1.1387472687545521,-0.017280617684950126,,,0.0003005108524818046,0.07572873482541476,13.597192478995545,0.06101846403815303,0.1812393944780786,6681,190,16519.146825396823,0.8264462809917356,
Mean Worst Trade [%],WELL,SMA,55,73,0,true,false,1,96,1.2315234954446501,49.473684210526315,2.1942226757735437,3.704240096523271,0.7057662239619369,-0.3974518985092493,70 days 07:34:44.210526315,0.005750902331950059,0.17676457693993863,0.3516878562034196,0.6547784335458935,0,11405,11406 days 00:00:00,1000.0,14597.192478995546,1359.7192478995546,2256.615271935143,100.0,774.2536109776643,49.9445603890251,2383 days 00:00:00,95,-14.597192478993747,59.86829125705254,-38.033948985386424,12.725065872190655,-5.1286518088177075,104 days 03:03:49.787234042,37 days 05:00:00,143.2819965418372,0.5028683015232169,0.17935039470166256,1.1069386883189523,-0.35873051322126476,25.425335637540513,0.9720670412932054,1.1387472687545521,-0.017280617684950126,,,0.0003005108524818046,0.07572873482541476,13.597192478995545,0.06101846403815303,0.1812393944780786,6681,190,16519.146825396823,0.8264462809917356,
Median Omega Ratio,WELL,SMA,50,74,0,true,false,1,87,1.2268260571679337,48.837209302325576,2.1886913881252923,3.9536355868845234,0.6945198566680758,-0.4304608772729347,77 days 20:05:34.883720930,0.005206080005765316,0.1601928978518194,0.3185444980271811,0.6333443417131105,0,11405,11406 days 00:00:00,1000.0,13852.306823104394,1285.2306823104393,2256.615271935143,100.0,714.7433467564155,50.518524592673096,1903 days 00:00:00,86,-13.85230682310248,54.53861057678956,-38.35633599275552,13.537330491384322,-5.194436821956192,120 days 19:25:42.857142858,36 days 19:38:10.909090909,149.60650151078482,0.49382854987425123,0.1737007217383294,1.1047908412762288,-0.2732938668312151,25.574778374476338,0.9662083543412312,1.1434291954859845,-0.01754385964912281,,,0.0002964922646107496,0.0747160506819089,12.852306823104414,0.05979135514010214,0.18208906904597272,6695,172,16519.146825396823,0.8264462809917356,
Mean Sortino Ratio,WELL,SMA,49,69,0,true,false,1,93,1.2134618209696466,54.347826086956516,1.7256274996911496,3.7732497745914078,0.6537704926141862,-0.48668781020862156,72 days 19:49:33.913043478,0.005569294889888478,0.17124068391056554,0.3406400701446734,0.6461338719664199,0,11405,11406 days 00:00:00,1000.0,12583.481267536952,1158.3481267536952,2256.615271935143,100.0,888.8637538254719,64.1076267990303,2560 days 00:00:00,92,-12.583481267534808,51.147402411310196,-55.39120202554574,12.100191311300573,-6.139775864348075,102 days 05:16:48,37 days 20:00:00,126.04418205222265,0.4733629436319714,0.13167264175510826,1.1019952405709048,-1.0722029394469104,39.314550935990034,0.9652973576756616,1.14161220043573,-0.017751501761941277,,,0.00029252747909521364,0.07371692473199384,11.583481267537016,0.057544369928529626,0.18742137263081285,6701,184,16519.146825396823,0.8264462809917356,
Mean Avg Winning Trade [%],WELL,SMA,49,67,0,true,false,1,102,1.143005247757393,51.48514851485149,1.4950085829063549,2.860121960778395,0.5423400165680722,-0.7209587955934008,66 days 03:33:51.683168315,0.006114117216073221,0.18781236299868478,0.3737834283209119,0.537166263918222,0,11405,11406 days 00:00:00,1000.0,7296.886433631077,629.6886433631078,2256.615271935143,100.0,738.3699851661255,61.705122399526736,3272 days 00:00:00,101,-7.296886433629879,49.750004609938756,-53.418994953031905,10.967821919435892,-5.743967791266295,96 days 13:23:04.615384615,33 days 21:03:40.408163265,62.41765663430401,0.39771480473682624,0.10641863743977747,1.0845228087117205,-1.4977566262279236,33.685826394940406,0.9622055935029685,1.1271217045864932,-0.017830941226086045,,,0.0002438312958409561,0.06144548655192094,6.296886433631089,0.0448882530674628,0.18593638866717768,6682,202,16519.146825396823,0.8264462809917356,
Median Total Trades,WELL,SMA,49,65,0,true,false,1,110,1.0551663350947937,47.706422018348626,1.3737150635362594,2.492056506506982,0.4995517141599958,-0.7790073417651561,61 days 10:34:07.706422018,0.006598403728237436,0.20254274441034634,0.403244191144235,0.5047479640535842,0,11405,11406 days 00:00:00,1000.0,5986.954075582924,498.6954075582924,2256.615271935143,100.0,765.6671834304518,69.31957433525878,2565 days 00:00:00,109,-5.9869540755826165,49.74999542694108,-55.5526465536457,11.071555178218027,-5.334854562422394,92 days 09:13:50.769230769,33 days 05:03:09.473684210,45.80679843723402,0.3679925297126741,0.08502571932766674,1.0780461666375842,-1.5132231723277652,32.64352989226214,0.9550568334137953,1.1287769784172663,-0.01796407185628744,,,0.0002279450031341318,0.05744214078980121,4.986954075582975,0.04033043499267097,0.1878614959811804,6698,218,16519.146825396823,0.8264462809917356,
Median Avg Winning Trade Duration,WELL,SMA,49,65,0,true,false,1,110,1.0551663350947937,47.706422018348626,1.3737150635362594,2.492056506506982,0.4995517141599958,-0.7790073417651561,61 days 10:34:07.706422018,0.006598403728237436,0.20254274441034634,0.403244191144235,0.5047479640535842,0,11405,11406 days 00:00:00,1000.0,5986.954075582924,498.6954075582924,2256.615271935143,100.0,765.6671834304518,69.31957433525878,2565 days 00:00:00,109,-5.9869540755826165,49.74999542694108,-55.5526465536457,11.071555178218027,-5.334854562422394,92,33 days 05:03:09.473684210,45.80679843723402,0.3679925297126741,0.08502571932766674,1.0780461666375842,-1.5132231723277652,32.64352989226214,0.9550568334137953,1.1287769784172663,-0.01796407185628744,,,0.0002279450031341318,0.05744214078980121,4.986954075582975,0.04033043499267097,0.1878614959811804,6698,218,16519.146825396823,0.8264462809917356,
Median Avg Losing Trade Duration,WELL,SMA,49,65,0,true,false,1,110,1.0551663350947937,47.706422018348626,1.3737150635362594,2.492056506506982,0.4995517141599958,-0.7790073417651561,61 days 10:34:07.706422018,0.006598403728237436,0.20254274441034634,0.403244191144235,0.5047479640535842,0,11405,11406 days 00:00:00,1000.0,5986.954075582924,498.6954075582924,2256.615271935143,100.0,765.6671834304518,69.31957433525878,2565 days 00:00:00,109,-5.9869540755826165,49.74999542694108,-55.5526465536457,11.071555178218027,-5.334854562422394,92 days 09:13:50.769230769,33,45.80679843723402,0.3679925297126741,0.08502571932766674,1.0780461666375842,-1.5132231723277652,32.64352989226214,0.9550568334137953,1.1287769784172663,-0.01796407185628744,,,0.0002279450031341318,0.05744214078980121,4.986954075582975,0.04033043499267097,0.1878614959811804,6698,218,16519.146825396823,0.8264462809917356,
Mean Avg Losing Trade Duration,WELL,SMA,49,61,0,true,false,1,125,1.0191077379868934,49.193548387096776,1.3015278800911156,1.7104497318156002,0.4042367409596221,-0.8813744435990633,53 days 19:09:40.645161289,0.00750644093854534,0.23016220955721176,0.4584831214379658,0.39368088961121883,0,11405,11406 days 00:00:00,1000.0,3676.9224221615755,267.6922422161575,2256.615271935143,100.0,582.4345064150197,68.20932581423837,2900 days 00:00:00,124,-3.6769224221611694,33.80851607255799,-55.5526465536457,8.80065832215996,-5.154672871533701,76 days 03:08:51.147540983,32,21.61773664986889,0.29895898634161217,0.06237800419940104,1.0630635053470667,-1.5313662940985397,32.56428519819464,0.957030787632272,1.1107934238741959,-0.01819993936711351,,,0.00018530297857465212,0.046696350600812335,2.6769224221615544,0.02918537791494935,0.18798253009583932,6672,248,16519.146825396823,0.8264462809917356,
Mean Max Drawdown Duration,WELL,SMA,49,60,0,true,false,1,129,1.0120946789508616,48.4375,1.3273548577576368,1.7174322654751832,0.41701749144754235,-0.8700311118635649,52 days 03:45:00,0.007748584194627447,0.23752740026304253,0.4732135028496274,0.40793722114618775,0,11405,11406 days 00:00:00,1000.0,3932.897778451097,293.2897778451097,2256.615271935143,100.0,604.0555048332903,67.30588562720209,2623,128,-3.9328977784507515,34.87127801900331,-55.39120202554574,8.79742880302409,-4.933473572828334,74 days 12:00:00,31 days 04:00:00,22.943989658043293,0.3083934087956963,0.06655484626440253,1.065071912875633,-1.5364404806455323,32.59654902235813,0.9566145417283265,1.1133762517882688,-0.018208413092395563,,,0.00019137646114056838,0.04822686820742323,2.9328977784511108,0.030716822669510258,0.18820455696094063,6677,256,16519.146825396823,0.8264462809917356,
Mean Avg Winning Trade Duration,WELL,SMA,49,63,0,true,false,1,119,1.0092633674410858,46.61016949152542,1.3563683340934236,2.0113040302640943,0.4436482021003174,-0.8447538384203305,56 days 15:27:27.457627118,0.0071432260544221785,0.2191144234984656,0.43638754932047347,0.44070572307145744,0,11405,11406 days 00:00:00,1000.0,4503.308591299931,350.33085912999314,2256.615271935143,100.0,597.8460402087147,70.58967412408568,2611 days 00:00:00,118,-4.503308591299174,38.64453734089665,-55.5526465536457,10.143525885950105,-5.088254732636389,84,32 days 11:25:42.857142857,29.727219490603616,0.32788030262984585,0.06988747828405274,1.0692814119968528,-1.5408452103304313,32.8390017879237,0.951308246938041,1.1240115025161754,-0.018199939367113588,,,0.000202740619678852,0.0510906361590707,3.503308591299975,0.03380562527296371,0.18753060077781478,6685,236,16519.146825396823,0.8264462809917356,
Mean Sharpe Ratio,WELL,SMA,62,65,0,true,false,1,223,0.9769104403344986,45.94594594594595,1.5965327276427297,1.3455744261013989,0.6703225700129692,-0.5371253323003219,30 days 01:24:19.459459459,0.013438950712556979,0.4106093818500658,0.8193774660236739,0.5525054833347525,0,11405,11406 days 00:00:00,1000.0,11445.30044122998,1044.530044122998,2256.615271935143,100.0,1812.8110253141735,37.10360970824074,1378 days 00:00:00,222,-11.445300441228028,36.99765299947177,-19.48696000284606,6.709871817717092,-3.2140783567719406,42 days 08:00:00,19 days 15:00:00,47.102458295816305,0.46607205040886274,0.218650551326595,1.0984473851615915,0.47413346780161225,26.69868567344078,1.0309430574377016,1.0654782310593076,-0.017543859649122702,,,0.00027897575092809097,0.07030188923387892,10.445300441230012,0.05533155219753083,0.18153488653881084,6674,444,16519.146825396823,0.8264462809917356,
Mean Omega Ratio,WELL,SMA,62,65,0,true,false,1,223,0.9769104403344986,45.94594594594595,1.5965327276427297,1.3455744261013989,0.6703225700129692,-0.5371253323003219,30 days 01:24:19.459459459,0.013438950712556979,0.4106093818500658,0.8193774660236739,0.5525054833347525,0,11405,11406 days 00:00:00,1000.0,11445.30044122998,1044.530044122998,2256.615271935143,100.0,1812.8110253141735,37.10360970824074,1378 days 00:00:00,222,-11.445300441228028,36.99765299947177,-19.48696000284606,6.709871817717092,-3.2140783567719406,42 days 08:00:00,19 days 15:00:00,47.102458295816305,0.46607205040886274,0.218650551326595,1.0984473851615915,0.47413346780161225,26.69868567344078,1.0309430574377016,1.0654782310593076,-0.017543859649122702,,,0.00027897575092809097,0.07030188923387892,10.445300441230012,0.05533155219753083,0.18153488653881084,6674,444,16519.146825396823,0.8264462809917356,
Median Avg Losing Trade [%],WELL,SMA,49,62,0,true,false,1,122,0.9718670148807997,44.62809917355372,1.356186491362656,1.884027194896834,0.43284201398803573,-0.8554055562736224,55 days 04:33:43.140495867,0.007324833496483759,0.22463831652783867,0.44743533537921965,0.42322469735429097,0,11405,11406 days 00:00:00,1000.0,4262.940299499104,326.2940299499104,2256.615271935143,100.0,580.0376522877218,68.07745174259895,2558 days 00:00:00,121,-4.2629402994989505,33.80851607255801,-55.55264655364569,10.174894923516957,-4.798164705782072,82 days 23:33:20,32 days 18:59:06.268656716,27.001679667757074,0.3200154693436975,0.06976321633806647,1.067625696977282,-1.5384220440678356,32.74764838652329,0.952761068676175,1.1205597416576962,-0.01819993936711356,,,0.00019806397348536708,0.049912121318312505,3.2629402994990873,0.03255350749922514,0.18770732373711224,6679,242,16519.146825396823,0.8264462809917356,
Median Best Trade [%],WELL,SMA,81,82,0,true,false,1,324,0.9598728591776072,48.60681114551084,1.54508277992598,0.9393623502399282,0.6284181225335801,-0.6099592720214584,21 days 00:08:54.984520122,0.0195530679286302,0.5965804471722929,1.191319596668128,0.5604052109629524,0,11405,11406 days 00:00:00,1000.0,9801.718634330777,880.1718634330778,2256.615271935143,100.0,2018.6360187492367,58.67630674295591,2698 days 00:00:00,323,-9.801718634329518,53.06045883207196,-33.5438049774165,4.904467957760212,-2.810767652053353,30 days 19:06:29.808917197,11 days 17:55:39.759036144,27.280248770789797,0.4406135547258546,0.12914459207908638,1.0923645399638362,0.07103610197617746,26.291041451687846,1.064027338990407,1.0266320233842157,-0.017573304329247003,,,0.0002674466867825425,0.06739656506920072,8.801718634330722,0.05172323745617713,0.18408825090937347,6786,646,16519.146825396823,0.8264462809917356,
Mean Total Trades,WELL,SMA,49,58,0,true,false,1,148,0.9588172522782547,47.61904761904761,1.2483419510978533,1.334706173594694,0.378569791287064,-0.9017117206162546,45 days 08:29:23.265306123,0.00889876466101746,0.2725120561157387,0.5431828145550197,0.3637235236766601,0,11405,11406 days 00:00:00,1000.0,3217.988323095879,221.7988323095879,2256.615271935143,100.0,632.3525149655786,65.9081650318374,3584 days 00:00:00,147,-3.2179883230955966,36.3225765474381,-55.39120202554574,8.102986433082522,-4.818275880485148,62 days 08:54:51.428571429,29 days 21:11:41.298701299,15.110247016455602,0.27993523986529545,0.05782173621399128,1.058876795704443,-1.5097367318686343,32.44622751010965,0.9610346706667214,1.1018091521816245,-0.018303880861898145,,,0.00017403455611768605,0.04385670814165688,2.217988323095888,0.026158355737585737,0.18854916745808128,6668,294,16519.146825396823,0.8264462809917356,
Mean Avg Losing Trade [%],WELL,SMA,49,58,0,true,false,1,148,0.9588172522782547,47.61904761904761,1.2483419510978533,1.334706173594694,0.378569791287064,-0.9017117206162546,45 days 08:29:23.265306123,0.00889876466101746,0.2725120561157387,0.5431828145550197,0.3637235236766601,0,11405,11406 days 00:00:00,1000.0,3217.988323095879,221.7988323095879,2256.615271935143,100.0,632.3525149655786,65.9081650318374,3584 days 00:00:00,147,-3.2179883230955966,36.3225765474381,-55.39120202554574,8.102986433082522,-4.818275880485148,62 days 08:54:51.428571429,29 days 21:11:41.298701299,15.110247016455602,0.27993523986529545,0.05782173621399128,1.058876795704443,-1.5097367318686343,32.44622751010965,0.9610346706667214,1.1018091521816245,-0.018303880861898145,,,0.00017403455611768605,0.04385670814165688,2.217988323095888,0.026158355737585737,0.18854916745808128,6668,294,16519.146825396823,0.8264462809917356,
Least Worst Trade [%],WELL,SMA,49,55,0,true,false,1,181,0.9544736289566647,48.888888888888886,1.25994736649406,1.2085222988847422,0.40706377382939635,-0.8790804796315917,36 days 18:07:59.999999998,0.010896446523694849,0.33327487943884265,0.6647084612012275,0.40277012345996543,0,11405,11406 days 00:00:00,1000.0,3728.6883633842276,272.86883633842274,2256.615271935143,100.0,843.2635179573426,61.79800385385899,3806 days 00:00:00,180,-3.7286883633837533,40.86999576568605,-56.09723706606516,7.200767575305915,-4.523190574213771,51 days 07:21:49.090909090,22 days 20:05:13.043478260,15.180094731931163,0.30082777463412297,0.06960441472595082,1.0637270414698858,-1.5510884001280674,32.73522724856081,0.9831259355633922,1.0819845179451089,-0.017956104431915042,,,0.00018680772970904226,0.04707554788667865,2.7286883633842156,0.02950332010074108,0.18833178126746022,6617,360,16519.146825396823,0.8264462809917356,
Most Max Drawdown [%],WELL,SMA,49,56,0,true,false,1,169,0.846999456823506,44.047619047619044,1.1136298220441678,0.9239828455530277,0.28556775729295136,-0.9557701910663099,39 days 10:59:59.999999999,0.010170016755448525,0.3111793073213503,0.6205173169662429,0.28752434185600134,0,11405,11406 days 00:00:00,1000.0,1998.0966231453817,99.80966231453817,2256.615271935143,100.0,662.7738083799001,73.89657849446121,5337 days 00:00:00,168,-1.998096623145102,40.86999576568605,-55.637561490151846,7.8467053683681955,-4.525819991556785,56 days 20:45:24.324324324,25 days 18:07:39.574468085,5.952944760526989,0.21288025038049685,0.03030975995848866,1.044649094586972,-1.6337302133070473,32.634994233464475,0.9661219416909164,1.08128078817734,-0.018303880861898034,,,0.00013260132559993258,0.03341553405118301,0.9980966231453796,0.015410642422489795,0.18891184778236716,6630,336,16519.146825396823,0.8264462809917356,
Least Win Rate [%],WELL,SMA,49,56,0,true,false,1,169,0.846999456823506,44.047619047619044,1.1136298220441678,0.9239828455530277,0.28556775729295136,-0.9557701910663099,39 days 10:59:59.999999999,0.010170016755448525,0.3111793073213503,0.6205173169662429,0.28752434185600134,0,11405,11406 days 00:00:00,1000.0,1998.0966231453817,99.80966231453817,2256.615271935143,100.0,662.7738083799001,73.89657849446121,5337 days 00:00:00,168,-1.998096623145102,40.86999576568605,-55.637561490151846,7.8467053683681955,-4.525819991556785,56 days 20:45:24.324324324,25 days 18:07:39.574468085,5.952944760526989,0.21288025038049685,0.03030975995848866,1.044649094586972,-1.6337302133070473,32.634994233464475,0.9661219416909164,1.08128078817734,-0.018303880861898034,,,0.00013260132559993258,0.03341553405118301,0.9980966231453796,0.015410642422489795,0.18891184778236716,6630,336,16519.146825396823,0.8264462809917356,
Most Avg Losing Trade [%],WELL,SMA,63,64,0,true,false,1,393,0.8363815039688103,44.38775510204081,1.346144190896966,0.6002465582775252,0.5293390601617348,-0.7828998185283484,16 days 21:55:06.122448979,0.023730039096046558,0.7236299868478737,1.4454186760192897,0.43435640907184697,0,11405,11406 days 00:00:00,1000.0,5899.1158504882,489.91158504882,2256.615271935143,100.0,2015.8660878460835,51.79531965700159,3042 days 00:00:00,392,-5.89911585048776,40.38437500000001,-19.553881146592584,4.336442286981716,-2.3818546196790304,23 days 07:43:26.896551724,11 days 19:09:21.467889908,12.512793281476277,0.36971875610070076,0.11282627168652816,1.0774926387484514,0.45871505140580904,26.8312662274343,1.0809898560115165,0.9967648010352638,-0.01739130434782607,,,0.0002202511451134856,0.055503288568598375,4.89911585048818,0.03999077003635487,0.18067305764199648,6631,784,16519.146825396823,0.8264462809917356,
Most Total Trades,WELL,SMA,28,30,0,true,false,1,436,0.7693382727158266,46.43678160919541,1.0303498753809777,0.15830852811166407,0.19053577705953306,-0.9907424624847306,14 days 11:48:24.827586206,0.026333079098929218,0.8028057869355546,1.6037702761946515,0.12709100248929384,0,11405,11406 days 00:00:00,1000.0,1208.907005374696,20.890700537469602,2256.615271935143,100.0,899.837527393955,57.57534607600516,8111 days 00:00:00,435,-1.2089070053746127,22.89391209710393,-17.256097560975604,3.630604491942853,-2.852008144394345,18 days 14:51:05.346534653,10 days 21:56:23.690987124,0.4830250859312102,0.13679861898042472,0.010576631409622448,1.0288098952870899,-0.13281343478853996,22.45777062970226,1.1082810546224513,0.928293316028553,-0.017903100444233946,,,0.00008138908294170966,0.020510048901310834,0.20890700537469642,0.004200327155891026,0.18043930456041185,6305,870,16519.146825396823,0.8264462809917356,
Least Best Trade [%],WELL,SMA,28,30,0,true,false,1,436,0.7693382727158266,46.43678160919541,1.0303498753809777,0.15830852811166407,0.19053577705953306,-0.9907424624847306,14 days 11:48:24.827586206,0.026333079098929218,0.8028057869355546,1.6037702761946515,0.12709100248929384,0,11405,11406 days 00:00:00,1000.0,1208.907005374696,20.890700537469602,2256.615271935143,100.0,899.837527393955,57.57534607600516,8111 days 00:00:00,435,-1.2089070053746127,22.89391209710393,-17.256097560975604,3.630604491942853,-2.852008144394345,18 days 14:51:05.346534653,10 days 21:56:23.690987124,0.4830250859312102,0.13679861898042472,0.010576631409622448,1.0288098952870899,-0.13281343478853996,22.45777062970226,1.1082810546224513,0.928293316028553,-0.017903100444233946,,,0.00008138908294170966,0.020510048901310834,0.20890700537469642,0.004200327155891026,0.18043930456041185,6305,870,16519.146825396823,0.8264462809917356,
Least Avg Winning Trade [%],WELL,SMA,28,30,0,true,false,1,436,0.7693382727158266,46.43678160919541,1.0303498753809777,0.15830852811166407,0.19053577705953306,-0.9907424624847306,14 days 11:48:24.827586206,0.026333079098929218,0.8028057869355546,1.6037702761946515,0.12709100248929384,0,11405,11406 days 00:00:00,1000.0,1208.907005374696,20.890700537469602,2256.615271935143,100.0,899.837527393955,57.57534607600516,8111 days 00:00:00,435,-1.2089070053746127,22.89391209710393,-17.256097560975604,3.630604491942853,-2.852008144394345,18 days 14:51:05.346534653,10 days 21:56:23.690987124,0.4830250859312102,0.13679861898042472,0.010576631409622448,1.0288098952870899,-0.13281343478853996,22.45777062970226,1.1082810546224513,0.928293316028553,-0.017903100444233946,,,0.00008138908294170966,0.020510048901310834,0.20890700537469642,0.004200327155891026,0.18043930456041185,6305,870,16519.146825396823,0.8264462809917356,
Least Expectancy,WELL,SMA,28,30,0,true,false,1,436,0.7693382727158266,46.43678160919541,1.0303498753809777,0.15830852811166407,0.19053577705953306,-0.9907424624847306,14 days 11:48:24.827586206,0.026333079098929218,0.8028057869355546,1.6037702761946515,0.12709100248929384,0,11405,11406 days 00:00:00,1000.0,1208.907005374696,20.890700537469602,2256.615271935143,100.0,899.837527393955,57.57534607600516,8111 days 00:00:00,435,-1.2089070053746127,22.89391209710393,-17.256097560975604,3.630604491942853,-2.852008144394345,18 days 14:51:05.346534653,10 days 21:56:23.690987124,0.4830250859312102,0.13679861898042472,0.010576631409622448,1.0288098952870899,-0.13281343478853996,22.45777062970226,1.1082810546224513,0.928293316028553,-0.017903100444233946,,,0.00008138908294170966,0.020510048901310834,0.20890700537469642,0.004200327155891026,0.18043930456041185,6305,870,16519.146825396823,0.8264462809917356,
Most Max Drawdown Duration,WELL,SMA,28,30,0,true,false,1,436,0.7693382727158266,46.43678160919541,1.0303498753809777,0.15830852811166407,0.19053577705953306,-0.9907424624847306,14 days 11:48:24.827586206,0.026333079098929218,0.8028057869355546,1.6037702761946515,0.12709100248929384,0,11405,11406 days 00:00:00,1000.0,1208.907005374696,20.890700537469602,2256.615271935143,100.0,899.837527393955,57.57534607600516,8111,435,-1.2089070053746127,22.89391209710393,-17.256097560975604,3.630604491942853,-2.852008144394345,18 days 14:51:05.346534653,10 days 21:56:23.690987124,0.4830250859312102,0.13679861898042472,0.010576631409622448,1.0288098952870899,-0.13281343478853996,22.45777062970226,1.1082810546224513,0.928293316028553,-0.017903100444233946,,,0.00008138908294170966,0.020510048901310834,0.20890700537469642,0.004200327155891026,0.18043930456041185,6305,870,16519.146825396823,0.8264462809917356,
Least Avg Winning Trade Duration,WELL,SMA,28,30,0,true,false,1,436,0.7693382727158266,46.43678160919541,1.0303498753809777,0.15830852811166407,0.19053577705953306,-0.9907424624847306,14 days 11:48:24.827586206,0.026333079098929218,0.8028057869355546,1.6037702761946515,0.12709100248929384,0,11405,11406 days 00:00:00,1000.0,1208.907005374696,20.890700537469602,2256.615271935143,100.0,899.837527393955,57.57534607600516,8111 days 00:00:00,435,-1.2089070053746127,22.89391209710393,-17.256097560975604,3.630604491942853,-2.852008144394345,18,10 days 21:56:23.690987124,0.4830250859312102,0.13679861898042472,0.010576631409622448,1.0288098952870899,-0.13281343478853996,22.45777062970226,1.1082810546224513,0.928293316028553,-0.017903100444233946,,,0.00008138908294170966,0.020510048901310834,0.20890700537469642,0.004200327155891026,0.18043930456041185,6305,870,16519.146825396823,0.8264462809917356,
Least Avg Losing Trade Duration,WELL,SMA,28,30,0,true,false,1,436,0.7693382727158266,46.43678160919541,1.0303498753809777,0.15830852811166407,0.19053577705953306,-0.9907424624847306,14 days 11:48:24.827586206,0.026333079098929218,0.8028057869355546,1.6037702761946515,0.12709100248929384,0,11405,11406 days 00:00:00,1000.0,1208.907005374696,20.890700537469602,2256.615271935143,100.0,899.837527393955,57.57534607600516,8111 days 00:00:00,435,-1.2089070053746127,22.89391209710393,-17.256097560975604,3.630604491942853,-2.852008144394345,18 days 14:51:05.346534653,10,0.4830250859312102,0.13679861898042472,0.010576631409622448,1.0288098952870899,-0.13281343478853996,22.45777062970226,1.1082810546224513,0.928293316028553,-0.017903100444233946,,,0.00008138908294170966,0.020510048901310834,0.20890700537469642,0.004200327155891026,0.18043930456041185,6305,870,16519.146825396823,0.8264462809917356,
Least Total Return [%],WELL,SMA,28,33,0,true,false,1,276,0.7657596771908259,45.09090909090909,1.018022566023702,0.23249089615057184,0.17901770035981454,-0.9936440789702337,23 days 04:47:59.999999998,0.01664734885564491,0.5081981587023235,1.0145550197281894,0.11815144533877373,0,11405,11406 days 00:00:00,1000.0,1143.4286846298455,14.342868462984562,2256.615271935143,100.0,737.6244102238555,60.83317435106006,5337 days 00:00:00,275,-1.1434286846297255,27.009607861037104,-16.893127476712042,5.138056642345231,-3.795920709996036,32 days 20:54:11.612903225,15 days 06:11:55.231788079,0.5257167756890055,0.12769470838700966,0.00706573203075927,1.026546597830525,0.1351605098251842,19.291922597888014,1.0472057590637605,0.9802721088435374,-0.017903100444234044,,,0.00007541500022046936,0.01900458005555828,0.14342868462984337,0.0029656288866388714,0.17911482728013275,6381,550,16519.146825396823,0.8264462809917356,
Least Profit Factor,WELL,SMA,28,33,0,true,false,1,276,0.7657596771908259,45.09090909090909,1.018022566023702,0.23249089615057184,0.17901770035981454,-0.9936440789702337,23 days 04:47:59.999999998,0.01664734885564491,0.5081981587023235,1.0145550197281894,0.11815144533877373,0,11405,11406 days 00:00:00,1000.0,1143.4286846298455,14.342868462984562,2256.615271935143,100.0,737.6244102238555,60.83317435106006,5337 days 00:00:00,275,-1.1434286846297255,27.009607861037104,-16.893127476712042,5.138056642345231,-3.795920709996036,32 days 20:54:11.612903225,15 days 06:11:55.231788079,0.5257167756890055,0.12769470838700966,0.00706573203075927,1.026546597830525,0.1351605098251842,19.291922597888014,1.0472057590637605,0.9802721088435374,-0.017903100444234044,,,0.00007541500022046936,0.01900458005555828,0.14342868462984337,0.0029656288866388714,0.17911482728013275,6381,550,16519.146825396823,0.8264462809917356,
Least Sharpe Ratio,WELL,SMA,28,33,0,true,false,1,276,0.7657596771908259,45.09090909090909,1.018022566023702,0.23249089615057184,0.17901770035981454,-0.9936440789702337,23 days 04:47:59.999999998,0.01664734885564491,0.5081981587023235,1.0145550197281894,0.11815144533877373,0,11405,11406 days 00:00:00,1000.0,1143.4286846298455,14.342868462984562,2256.615271935143,100.0,737.6244102238555,60.83317435106006,5337 days 00:00:00,275,-1.1434286846297255,27.009607861037104,-16.893127476712042,5.138056642345231,-3.795920709996036,32 days 20:54:11.612903225,15 days 06:11:55.231788079,0.5257167756890055,0.12769470838700966,0.00706573203075927,1.026546597830525,0.1351605098251842,19.291922597888014,1.0472057590637605,0.9802721088435374,-0.017903100444234044,,,0.00007541500022046936,0.01900458005555828,0.14342868462984337,0.0029656288866388714,0.17911482728013275,6381,550,16519.146825396823,0.8264462809917356,
Least Calmar Ratio,WELL,SMA,28,33,0,true,false,1,276,0.7657596771908259,45.09090909090909,1.018022566023702,0.23249089615057184,0.17901770035981454,-0.9936440789702337,23 days 04:47:59.999999998,0.01664734885564491,0.5081981587023235,1.0145550197281894,0.11815144533877373,0,11405,11406 days 00:00:00,1000.0,1143.4286846298455,14.342868462984562,2256.615271935143,100.0,737.6244102238555,60.83317435106006,5337 days 00:00:00,275,-1.1434286846297255,27.009607861037104,-16.893127476712042,5.138056642345231,-3.795920709996036,32 days 20:54:11.612903225,15 days 06:11:55.231788079,0.5257167756890055,0.12769470838700966,0.00706573203075927,1.026546597830525,0.1351605098251842,19.291922597888014,1.0472057590637605,0.9802721088435374,-0.017903100444234044,,,0.00007541500022046936,0.01900458005555828,0.14342868462984337,0.0029656288866388714,0.17911482728013275,6381,550,16519.146825396823,0.8264462809917356,
Least Omega Ratio,WELL,SMA,28,33,0,true,false,1,276,0.7657596771908259,45.09090909090909,1.018022566023702,0.23249089615057184,0.17901770035981454,-0.9936440789702337,23 days 04:47:59.999999998,0.01664734885564491,0.5081981587023235,1.0145550197281894,0.11815144533877373,0,11405,11406 days 00:00:00,1000.0,1143.4286846298455,14.342868462984562,2256.615271935143,100.0,737.6244102238555,60.83317435106006,5337 days 00:00:00,275,-1.1434286846297255,27.009607861037104,-16.893127476712042,5.138056642345231,-3.795920709996036,32 days 20:54:11.612903225,15 days 06:11:55.231788079,0.5257167756890055,0.12769470838700966,0.00706573203075927,1.026546597830525,0.1351605098251842,19.291922597888014,1.0472057590637605,0.9802721088435374,-0.017903100444234044,,,0.00007541500022046936,0.01900458005555828,0.14342868462984337,0.0029656288866388714,0.17911482728013275,6381,550,16519.146825396823,0.8264462809917356,
Least Sortino Ratio,WELL,SMA,28,33,0,true,false,1,276,0.7657596771908259,45.09090909090909,1.018022566023702,0.23249089615057184,0.17901770035981454,-0.9936440789702337,23 days 04:47:59.999999998,0.01664734885564491,0.5081981587023235,1.0145550197281894,0.11815144533877373,0,11405,11406 days 00:00:00,1000.0,1143.4286846298455,14.342868462984562,2256.615271935143,100.0,737.6244102238555,60.83317435106006,5337 days 00:00:00,275,-1.1434286846297255,27.009607861037104,-16.893127476712042,5.138056642345231,-3.795920709996036,32 days 20:54:11.612903225,15 days 06:11:55.231788079,0.5257167756890055,0.12769470838700966,0.00706573203075927,1.026546597830525,0.1351605098251842,19.291922597888014,1.0472057590637605,0.9802721088435374,-0.017903100444234044,,,0.00007541500022046936,0.01900458005555828,0.14342868462984337,0.0029656288866388714,0.17911482728013275,6381,550,16519.146825396823,0.8264462809917356,
